ACO_ID,performance_year,SavingsLossPct,ExpenditureVariancePct,PMPM,FinancialGap,GenSaveLossYoYPct,quality_score,quality_change_yoy_pct,quality_gap_to_100,attention_area_count,utilization_score,ed_visits_per_beneficiary,admissions_per_beneficiary,em_visit_intensity,ed_utilization_change_yoy,admission_change_yoy,em_utilization_change_yoy,advanced_imaging_change_yoy
A1001,2021,0.9083325556588724,-0.857246800722969,-0.04541721039562687,-4.334807647630784,-0.016461806161481584,1.8965630647846896,0.447457909951575,-1.8965630647846878,-1.570822682586223,-1.6338085239199065,-0.9304564568968261,-0.9089497545810631,-0.8604949240786147,-0.2081663399797121,-0.3451445827655393,-0.4028662981429448,-0.08813166506488501
A1006,2021,-1.0280472809930006,1.0593326245946064,0.14975472354845334,0.7990446508945044,-0.016461806161481584,0.9989041107756667,-0.15084561689630915,-0.9989041107756644,-1.570822682586223,-1.0609700150791186,-0.7645167189493124,-0.7059773266484426,-0.6720328858528646,-0.08828766049841358,-0.20568557851097022,-0.16597465150639584,-0.09106179338826025
A1023,2021,-1.0280472809930006,1.425017101730514,-0.9000374192927132,0.7920346575544062,-0.016461806161481584,-0.34446311386092504,-1.3431220573900031,0.3444631138609264,-1.570822682586223,0.5890857509382705,0.16055007724434137,0.12030917137312255,0.05627883316964285,0.32681010043768005,0.08436772969151321,0.16553743022909959,0.2932990349330942
A1026,2021,-0.4147181728595649,0.37103742631283565,-0.3133820607027875,0.013159107131088747,-0.016461806161481584,1.0388555524005458,-0.04146374026269777,-1.0388555524005445,-1.570822682586223,-1.2019854191962065,-0.7923919256978714,-0.7300162342756277,-0.7283295337558199,-0.04342218744173022,-0.1709379712089056,-0.16228418933431582,0.09377281249567122
A1027,2021,-0.00230827170588659,-0.011832682702337553,0.5556739092915118,0.19684634442858218,-0.016461806161481584,0.9439708785414569,-0.20349632725892325,-0.9439708785414546,-1.570822682586223,0.8468338236087152,0.15517235572794263,0.4355577324047783,0.2920075986761957,0.2246405533839673,0.1952137136173379,0.379947298546683,0.43302029972454437
A1032,2021,0.747275088688463,-0.7077254391742557,1.0180705178189113,0.20196398828838633,-0.016461806161481584,0.5007595730154426,-0.5251580642117019,-0.5007595730154417,-1.570822682586223,1.3433133688093384,0.5795687555395181,1.0195685414212412,0.9621601264670016,0.11299194822647504,-0.03611634219768216,0.1590662094772024,0.501783399441763
A1033,2021,0.608218815684576,-0.5786293863023275,-0.42755466939560266,-4.693476858861544,-0.016461806161481584,0.5931472817729788,-0.4357498877047656,-0.5931472817729768,-1.570822682586223,-1.6440482316877447,-0.9258414834004776,-0.8935543974848493,-0.9258628219101167,0.2824579386142104,0.2241589969549008,0.28735252261235905,0.40727507494104087
A1037,2021,1.611960760553109,-1.5104760436688602,-0.15496475196738368,-0.21231905672373522,-0.016461806161481584,1.8965630647846896,0.5585196177717485,-1.8965630647846878,-1.570822682586223,0.691775391695736,0.11544545301567326,0.33999206649837077,0.36614173044101794,0.09712985038734669,0.0065677380562533215,-0.11677391701000815,0.25922040579605365
A1041,2021,1.4701283408705785,-1.3788026919044443,-0.15614012754843448,-0.7343594721473544,-0.016461806161481584,1.2011582840016224,0.15147490725870033,-1.201158284001621,-1.570822682586223,-0.1247681620196089,-0.39897546242529935,-0.21905924104804797,-0.25573538802085793,0.012421965679296501,-0.08487690450803638,-0.08567257948892881,0.07845304515733759
A1051,2021,1.3453721490420332,-1.2629824445435207,-0.8116009743242752,-0.07235853028444386,-0.016461806161481584,1.8965630647846896,0.5204755033019776,-1.8965630647846878,-1.570822682586223,0.1522890738701924,-0.27678926402612375,-0.17102606935849787,0.043697677872214194,-0.08089723036632539,-0.22152141978577078,-0.21420462173384502,0.0979913984699211
A1052,2021,-0.08394616938171374,0.06395771586829753,-0.8225453868986592,0.5002449881627035,-0.016461806161481584,1.2461036558296124,-0.02188785030265511,-1.246103655829611,-1.570822682586223,1.3269298363807973,0.7816548617516019,0.8395865287295762,0.6544914529890075,0.0063164324365725085,0.10889246328246686,-0.11169024402427045,-0.07387923266957769
A1059,2021,0.7790891946509074,-0.7372607878261359,-0.5205423807062388,-0.08505572296943842,-0.016461806161481584,-0.3619418695718101,-1.3600371178102415,0.36194186957181146,-1.570822682586223,-0.6739090614548257,-0.6530768593395123,-0.5563172021199989,-0.4898528959681992,-0.7679577165120001,-0.8182696155226141,-0.9493876671918321,-0.7040886137732926
A1061,2021,-0.2553858949668054,0.22311768327130124,-0.7307904819588296,-0.017104190423473938,-0.016461806161481584,0.1998752782780653,-1.0150993328608564,-0.19987527827806398,-1.570822682586223,-1.2546467734308036,-0.7716538520356125,-0.7281954766995831,-0.7667409359774201,-0.361928265966504,-0.47382309742729456,-0.3133294994151973,-0.2939364935448316
A1063,2021,0.7410304169421292,-0.7019280561686719,-1.0881907453366577,-0.139212107906431,-0.016461806161481584,0.7666863563310515,-0.26780750210390175,-0.7666863563310493,-1.570822682586223,-0.072691933943173,-0.20792481995414633,-0.11133645732172742,-0.3613624846002356,0.20037303612793167,0.502017950880131,0.5158239669351473,0.5055632543764929
A1066,2021,0.2238905965232937,-0.22182954527946344,-0.30138095965695044,-0.3235168930583351,-0.016461806161481584,1.7317633680820603,0.43916139398748577,-1.731763368082059,-1.570822682586223,-0.9015231369799188,-0.5307364062822745,-0.642594928602346,-0.7398454696692044,-0.3368542361682471,-0.38823748589719875,-0.1953385154338695,-0.13035863503969433
A1070,2021,6.597945440364838,-6.139328291316877,0.7929656831555137,-3.24325034817177,-0.016461806161481584,-0.042330336572769585,-1.0507331558403064,0.04233033657277114,-1.570822682586223,1.1303274472383003,0.5800655196009511,0.8802106339883368,0.4486710273751509,-0.10250411909509828,0.15794101422633777,0.2766233182751772,-0.42935733143089627
A1080,2021,-1.0280472809930006,0.3781270581923321,-0.5538149511197964,0.5307994164065422,-0.016461806161481584,0.002615035255220375,-1.007237286188285,-0.0026150352552188226,-1.570822682586223,1.1047281778187017,1.3389175860176983,0.5381991356276384,0.09960066365689413,0.26868757315799136,0.2097481629797138,0.20439430378129142,0.42619006300244033
A1083,2021,-0.7849671987760394,0.7147665281575039,0.24077917218390854,0.5981848461558547,-0.016461806161481584,1.221134004814062,0.17198406882210032,-1.2211340048140598,-1.570822682586223,0.9231927872488823,0.6133138464160034,0.43129088433841173,0.19389388666213064,-0.5074282754317703,-0.5901936222556438,-0.25715007683132496,0.021041046438350777
A1095,2021,0.15300467812935117,-0.15602108452707122,-0.6364837442106941,-0.14423763403865114,-0.016461806161481584,0.3534386320236984,-0.6677278591822176,-0.35343863202369663,-1.570822682586223,-0.85354279201062,-0.5976000963736166,-0.49633299859588703,-0.65045452348667,-0.3193192735155336,-0.34595754765270337,-0.22013762388777908,-0.15571719164354303
A1131,2021,-1.0280472809930006,0.920871168307159,-0.230957238430811,0.6572839617562718,-0.016461806161481584,1.6381271767737478,0.4990756109222966,-1.6381271767737464,-1.570822682586223,-0.1200871527543107,-0.35360839664734217,-0.2604515286608088,-0.1439925697398941,0.008297221033662547,-0.06554155393942518,-0.11497043267154085,-0.050282464626661784
A1161,2021,-0.32746805442418214,0.2900367949907139,0.9183137590649548,-0.1437602653349118,-0.016461806161481584,1.2486006209311669,0.01586943636685485,-1.2486006209311646,-1.570822682586223,-0.7163307079215849,-0.6857653685579873,-0.5685295342168238,-0.5200622568290922,0.24411491251288078,0.09926554824635031,-0.010020212917304944,0.2011815901834975
A1175,2021,0.4971940491272806,-0.4755570198138812,-0.10908470712680356,-1.3746611648627258,-0.016461806161481584,1.2236309699156165,0.13676385636713526,-1.2236309699156147,-1.570822682586223,-1.167170412785557,-0.7271427945081396,-0.6855578036818124,-0.7230216751491303,0.5214215677313768,0.34386410141952495,0.33474739889426597,0.5695103962899328
A1196,2021,0.45469036364365956,-0.4360977569563763,-0.2643219294966151,0.0994277733361294,-0.016461806161481584,0.8965285416119106,-0.21396890946394126,-0.8965285416119082,-1.570822682586223,0.11162280587791949,-0.17052811941814425,-0.06027628653961687,-0.1530038656999051,-0.006640830066598716,-0.12766058169556482,-0.07486949439298843,0.046074414804725475
A1199,2021,0.2215589774695931,-0.21966508423066344,-0.3506366845521498,0.13438562230903656,-0.016461806161481584,0.41835972466412796,-0.6059999608573565,-0.41835972466412663,-1.570822682586223,0.015662115939318245,-0.3784712751506825,-0.20707291929958505,-0.22643030662917218,0.14028696429905066,0.011927643935103873,0.026910583694574407,0.24651585234558215
A1204,2021,-0.15433251651379185,0.12930248165653813,-0.5594615569200266,-0.2086000278972793,-0.016461806161481584,0.14993597624696633,-1.0625079955127943,-0.1499359762469639,-1.570822682586223,-1.102806535387717,-0.7031179906798359,-0.6661303440939449,-0.785390517936032,-0.09252349190512776,-0.09163142524661168,-0.029449654878214687,0.039375170684658185
A1215,2021,0.35009256773468606,-0.33899201480424385,-0.4866069521960238,-1.967130140573064,-0.016461806161481584,1.1662007725798522,-0.1851914734104957,-1.1662007725798509,-1.570822682586223,-1.4313548731957872,-0.823452976941787,-0.7947665708254902,-0.8761769683295236,0.16563269554708404,0.1506780892694425,0.12711223391318763,0.16989487656437668
A1216,2021,1.0788700594078182,-1.0155691699698794,-0.8470866386628249,-0.378645002629932,-0.016461806161481584,1.8965630647846896,0.7401782170955261,-1.8965630647846878,-1.570822682586223,-0.2769009631417792,-0.3680704503758256,-0.36267369195765586,-0.35314813504174064,0.0945594222741047,-0.10198088347645351,0.042461980827101356,0.21043048520979937
A1225,2021,1.9843126751814455,-1.8561574100641736,-0.8440979644527107,-0.46970075230351394,-0.016461806161481584,1.8965630647846896,0.670493734036064,-1.8965630647846878,-1.570822682586223,0.18827433259716733,-0.21037379466685555,-0.13882341808620907,-0.11129879724127183,-0.13319114265379467,-0.11974884488813158,-0.15791284894010002,-0.0386918780523965
A1241,2021,-1.0280472809930006,0.6969079854192226,-0.7765146986065637,0.5392610580744298,-0.016461806161481584,0.8078862805067089,-0.22907466763214188,-0.8078862805067069,-1.570822682586223,-0.16660468232820366,-0.27330083261155763,-0.22070705679083644,-0.39989254297923593,0.16303148724710792,0.13565274549016207,0.308567533104391,0.32971381435749664
A1242,2021,0.4844016474965644,-0.46368097190799085,-0.39304971185979554,-0.738213293930515,-0.016461806161481584,0.921498192627461,-0.2080914894885729,-0.9214981926274596,-1.570822682586223,-1.0238145040358182,-0.6827287974730427,-0.6359447254248393,-0.6768348656375912,0.07331953147066121,-0.04453493435000207,-0.12078734538319237,0.18281633889254562
A1247,2021,0.08649918774730822,-0.09427917086336406,-0.2643672196725732,-0.4516446418905154,-0.016461806161481584,0.23857823735216813,-0.7788839705151657,-0.23857823735216657,-1.570822682586223,-0.9120554078268402,-0.6774040745360179,-0.6001502438830093,-0.6509323659559398,0.3553039560788981,0.38455563634999657,0.13828040616451998,0.3957262704884221
A1251,2021,0.09382042067155713,-0.10107594002249382,-0.7643347878447462,0.372662625996534,-0.016461806161481584,1.4496063116063445,0.26228672420178095,-1.4496063116063425,-1.570822682586223,0.46123568537983145,-0.17163118178348197,-0.05220288956961666,0.015618436986511207,-0.10310234029503391,-0.1916402750246629,-0.24061169920464018,-0.08182668423648447
A1252,2021,2.2496858566220954,-2.1025226370474703,-1.295693922695203,-0.02434544483529545,-0.016461806161481584,1.8965630647846896,0.4838531774165314,-1.8965630647846878,-1.570822682586223,-0.1499285868205819,-0.3762525874358555,-0.4826742194524202,-0.040513645596846254,-0.4834587912509663,-0.7395772676459053,-0.2741926168418928,-0.298488590570029
A1262,2021,0.3794644744629869,-0.3662600922669562,-1.273132843720063,-0.864013516431401,-0.016461806161481584,0.3022508474418213,-1.0471446257721502,-0.30225084744181907,-1.570822682586223,-1.3959547406269746,-0.8101208693795098,-0.790334878496066,-0.8355817804784166,-0.09025301782617087,-0.17565240345986186,-0.1133296507888378,-0.024246188488609835
A1290,2021,-0.4561492478557345,0.4095009068355505,-0.4265417554542762,-0.08700939219643009,-0.016461806161481584,1.8965630647846896,0.8243832031767897,-1.8965630647846878,-1.570822682586223,-1.421992854665192,-0.7537752604261772,-0.8293681360498618,-0.852394547622403,-0.1554132904989777,-0.3290539270650184,-0.18384286134493158,0.012356390921847597
A1297,2021,-1.0280472809930006,0.5962958548566337,-0.3437124749984201,0.232295856235371,-0.016461806161481584,0.4445778582304565,-0.5795279012767277,-0.44457785823045404,-1.570822682586223,-1.4591483657084914,-0.8161566402823179,-0.794828203365863,-0.8624797337718498,-0.6207568877777738,-0.5469683371704769,-0.48248218339208243,-0.5056667407085479
A1392,2021,3.968948454731926,-3.698639162190576,-0.9832225546224224,-0.592118444993324,-0.016461806161481584,1.8216541117380403,0.753137216117176,-1.8216541117380385,-1.570822682586223,0.66690752997384,-0.23118230758795028,0.1541509336046638,0.6841420579351556,0.27198583093547274,0.1995059703118633,0.17702836867733554,0.24223939159788122
A1401,2021,1.6139934074816575,-1.5123628725948401,-1.2516743055633894,-0.08593167002671219,-0.016461806161481584,1.8715934137691392,0.6393660664180103,-1.8715934137691375,-1.570822682586223,0.08470700260245657,-0.1838583053957434,-0.116100882366561,-0.07822054194814726,-0.041486027049606196,-0.13584246252091112,-0.1608779200642619,-0.1484346937794143
A1403,2021,0.2504481945474988,-0.2464848952656403,-0.6665013059659698,-0.11172836265375112,-0.016461806161481584,1.894066099683135,0.5181200970648683,-1.8940660996831333,-1.570822682586223,-0.7043356216792611,-0.5998331124648989,-0.5475825989780755,-0.6483441466429352,-0.17626971725096535,-0.25017206587046364,-0.22048567374167313,-0.15330017726359657
A1459,2021,0.8794051895814408,-0.8303914226813518,-0.9042644612911748,-0.2616653632871749,-0.016461806161481584,1.8428783151012562,0.7340671531806305,-1.8428783151012544,-1.570822682586223,-0.763140800574562,-0.5299273307046605,-0.552471550452611,-0.6726199525575807,-0.4469040577488331,-0.5537090074528347,-0.39907904419948337,-0.3267038535484082
A1484,2021,-1.0280472809930006,1.2210006181249717,0.4197749043414185,0.9763165859088363,-0.016461806161481584,0.09625122656353295,-0.9166208910799006,-0.0962512265635314,-1.570822682586223,-0.857638675117757,-0.6710088692513294,-0.5990673411145889,-0.6328596730710145,0.16342394036839852,0.042487479567237404,-0.049478521180815666,0.11949619092576573
A1488,2021,-0.4509899759033218,0.4047111794082182,-0.7017044536979086,0.48530748405641344,-0.016461806161481584,0.39588703875013387,-0.6953339813071732,-0.39588703875013165,-1.570822682586223,0.6900200132212466,0.08686732440635583,0.07655390360136331,0.18411583736981407,0.36190795929114705,0.09731022669486246,0.479397324535883,0.4007545648317236
A1490,2021,-0.029229123642145447,0.013159853100075862,-0.23526610797960493,-0.634509034478945,-0.016461806161481584,0.6680562348196282,-0.3632567716180629,-0.6680562348196268,-1.570822682586223,-1.2011077299589654,-0.7563268076997319,-0.7160386531384889,-0.7877693252907431,0.05090240661320979,-0.02092359573297019,-0.03958161274876547,0.14781952768240106
A1494,2021,-0.7384001188732701,0.6715349206984779,-1.1111850531856582,0.6226880926394331,-0.016461806161481584,1.8965630647846896,0.8256303322038786,-1.8965630647846878,-1.570822682586223,1.1396894657688932,0.5601596189591457,0.3204502067874205,0.4393023865546363,0.06603905507664745,-0.03590493412664198,-0.08082987770971073,0.1277171857139624
A1501,2021,0.06915239708851373,-0.0781748194334678,-0.25121683157731456,-1.0267985231808863,-0.016461806161481584,0.8203711060144832,-0.2871940201433353,-0.820371106014482,-1.570822682586223,-1.4331102516702736,-0.8380940147254641,-0.790902611604198,-0.8324436191273433,-0.11131885332292055,-0.2656719302227575,-0.09124813365332786,0.010889714775735623
A1515,2021,-1.0280472809930006,0.5060983672157603,-0.7754929009356887,0.5580550080070948,-0.016461806161481584,1.6905634439064012,0.32615448874042285,-1.690563443906399,-1.570822682586223,0.63179996048411,-0.02325309066104019,-0.017546914195405577,0.4927188362871963,0.18445853216461627,0.051047627435740206,-0.12787249880399804,0.017789591220245957
A1522,2021,0.379313807356222,-0.3661202170325578,0.1002004950721102,-0.33804214616486755,-0.016461806161481584,0.8178741409129286,-0.36000333553077124,-0.8178741409129269,-1.570822682586223,-0.38280879776913396,-0.40574298888960536,-0.430984816657856,-0.43705459890158693,-0.04769333641580033,-0.19637637163935798,-0.04315042634797028,0.04906900493020792
A1535,2021,1.2608358586613584,-1.18450125720237,-0.4938128643053199,-1.4310283752617348,-0.016461806161481584,1.8965630647846896,0.670493734036064,-1.8965630647846878,-1.570822682586223,-1.282440265943508,-0.7215154514972513,-0.7399103167041065,-0.7759482495007971,-0.5813308007658315,-0.6259021774706526,-0.5907829062989314,-0.4263168373008916
A1539,2021,-1.0280472809930006,0.7541352354018555,-0.6603734194908015,0.5813007853607597,-0.016461806161481584,-0.10475446411164463,-1.111144085912555,0.1047544641116464,-1.570822682586223,-0.37315421615946087,-0.4204624622767328,-0.2649878693303835,-0.4229217752180975,-0.16600193011592285,-0.2526625549076499,-0.2576555989363466,-0.1155989641947433
A1540,2021,1.508805115393889,-1.4147087777638818,1.6183098146643984,0.23545541142698007,-0.016461806161481584,-0.9462317033356796,-1.9254834232865217,0.9462317033356819,-1.570822682586223,1.1464184165877578,0.499304589318781,0.6052958729407423,0.5630776238615844,-1.288548793262658,-1.4035238783128814,-1.2849017527182607,-0.9607886779396363
A1552,2021,0.25031678355406034,-0.2463628968818895,-0.5817640592120057,-1.969528447017382,-0.016461806161481584,1.028867691994326,-0.014081595800440275,-1.0288676919943247,-1.570822682586223,-1.5138576614966566,-0.8674251163775557,-0.8411787807686343,-0.8945452290910378,0.05149410172016378,0.06316683504787361,0.061335995857479356,0.1579758617024655
A1557,2021,1.9550370574278284,-1.828978724660505,0.4139970062248266,0.011177125858887601,-0.016461806161481584,-1.0086558308745546,-1.9858943533587818,1.0086558308745568,-1.570822682586223,1.4337153602453965,1.0286256152782993,1.1932895115218358,1.1474722747892494,-0.28625782924456994,-0.3848096092630193,-0.3584510643865596,-0.11923390975677983
A1596,2021,0.10390206844322396,-0.1104354669654522,-0.8270749086342869,0.4626327813707544,-0.016461806161481584,-0.315748015193042,-1.3153330295567767,0.3157480151930438,-1.570822682586223,1.1086777793862965,1.4826700773330477,0.9070715163960346,0.35796645155390094,-0.12080052658764286,-0.12697860438968106,-0.022128113700643208,-0.012565880283714703
A1617,2021,0.47950108638577665,-0.4591313555543882,-0.8714622300994065,0.3086942529426992,-0.016461806161481584,1.6581028975861873,0.2239112503405871,-1.6581028975861851,-1.570822682586223,0.7350747273997368,0.2169714546647513,0.15867822019761557,0.09919691221868213,-0.05036000898444739,-0.1579708437633844,-0.13994747024408172,-0.03407167700474455
A1622,2021,0.9437380762539912,-0.8901164956846437,-0.6558845831332689,-0.056221424106497594,-0.016461806161481584,0.12621480778219232,-0.8876236446452197,-0.12621480778219143,-1.570822682586223,0.48288535323183185,0.5237590163939191,0.3483726464963063,0.0916157171249872,0.4944998060763455,0.5555679952015268,0.8529749509549365,1.0140345360418095
A1628,2021,-0.6199896947603458,0.5616061944073291,-0.26454038748081893,0.5742870631171461,-0.016461806161481584,0.520735293827884,-0.6438671116383008,-0.5207352938278818,-1.570822682586223,1.3950970338066906,0.8073617095742216,1.232386028842296,0.6883415022159914,0.4126962328408605,0.33846056442474,0.29674120694931755,0.4818792155923208
A1638,2021,0.8600485383279166,-0.8124212353631673,-0.26060519013684,-3.161436271538481,-0.016461806161481584,0.8852921986549145,-0.25973685878262426,-0.8852921986549132,-1.570822682586223,-1.533166824716009,-0.8982300851157377,-0.8694305199854971,-0.8419475965357976,-0.05257741080690006,-0.15033736437112633,-0.2424664697685112,-0.07045575955825699
A1652,2021,-1.0280472809930006,0.48589428854923594,-0.4968541537637458,0.5123787711480293,-0.016461806161481584,1.5644667062778748,0.42825132354386525,-1.5644667062778725,-1.570822682586223,0.2263075328777091,0.046694083148077485,-0.0762952824875131,-0.36153521521273024,-0.10942169099865241,-0.15168586775917048,-0.018623759019522082,-0.06963506035530867
A1675,2021,2.5769736647258594,-2.406367715493661,-0.3046103781650005,-0.4183969095020296,-0.016461806161481584,-0.6578322341060766,-1.6463849263527226,0.6578322341060793,-1.570822682586223,0.87696782075407,0.9386754751578077,0.7887616319722467,0.17716483542848135,0.17429859112117768,0.2338034578133157,0.4080378647261769,0.24576993520539445
A1694,2021,0.3704991583034935,-0.3579369371590442,-0.7905879206883197,-0.7441454960471265,-0.016461806161481584,1.769217844605385,0.702392034856483,-1.7692178446053828,-1.570822682586223,-1.3312983001500516,-0.7357074344907402,-0.8050900678765276,-0.7983528944396395,-0.03991338591415422,-0.22554420993106228,-0.11031918018212886,-0.09089084905032442
A1702,2021,1.302549217180733,-1.2232268020523485,-0.1984132179518831,0.003907766563163018,-0.016461806161481584,1.6031696653519776,0.24371527044158373,-1.6031696653519762,-1.570822682586223,1.0443139019884566,0.2935773438833925,0.49751718148084995,0.5884667151935028,0.028837040291849164,-0.018329750821297352,-0.15151861809182846,0.11424938622365294
A1722,2021,0.008655945151660188,-0.022011562723820502,0.15386166090540726,0.30755624683281574,-0.016461806161481584,1.3197641263254836,0.012663138910893426,-1.3197641263254822,-1.570822682586223,0.9384060673610983,0.10919113458062386,0.4776420359793524,0.43458566706807805,0.049284510411776124,0.05088634908878137,0.12553317680157328,0.16228719304868172
A1736,2021,-1.0280472809930006,0.3616384100237606,-0.771354136075881,0.49765920073608355,-0.016461806161481584,1.7929390130701572,0.6479266555820484,-1.7929390130701555,-1.570822682586223,0.39687180798198785,-0.18547175204281677,-0.06119790057285063,0.29775962433357833,-0.1512451541340691,-0.35972377759267854,-0.06439831115958239,0.10108098459680596
A1737,2021,-1.0280472809930006,0.1044342091141812,0.029591946953348512,0.5709327762975108,-0.016461806161481584,-2.881379657040807,-3.798222255526371,2.881379657040809,-1.570822682586223,1.6352913217322715,2.3057976097739274,2.050652365009141,2.013409811620188,-0.5717510847520199,-0.6779415407299397,-0.014043150689866462,-0.14395405698065694
A1749,2021,-1.0280472809930006,0.5266029634513877,0.4784450325586741,0.3151380744323766,-0.016461806161481584,0.04006951177854505,-0.9709907281449334,-0.04006951177854394,-1.570822682586223,-0.4980786509270881,-0.49702147533487734,-0.5288018671969326,-0.5688677551219194,-0.1809546239019649,-0.3565754386012894,-0.31270442038314383,-0.09496968589112689
A1761,2021,0.8375840633588664,-0.7915661085059654,-0.33924168750783945,0.23835822470617732,-0.016461806161481584,1.576951531785649,0.2189835049519301,-1.5769515317856475,-1.570822682586223,1.3866127045133392,0.791739990470857,0.6930575780384611,1.0967443346663057,0.5243556083577565,0.2092801984956309,0.14794227503121654,0.43724247468812744
A1769,2021,-1.0280472809930006,0.02337788947650156,0.4804462053479976,0.5265017860512808,-0.016461806161481584,1.8965630647846896,0.447457909951575,-1.8965630647846878,-1.570822682586223,1.5946250537399986,1.8699518296898112,2.4971622291257285,2.4181519586717353,-0.24432276791878277,-0.32863680081480834,-0.49468052625248415,-0.20925628311450192
A2000,2021,0.855387546088887,-0.808094097237521,-0.544276042328289,-0.35801166745764523,-0.016461806161481584,0.6917774032844004,-0.3414273992665822,-0.6917774032843982,-1.570822682586223,-0.3079126495243758,-0.39300498476762574,-0.44413220382017876,-0.4507636996470941,0.14857457495786125,-0.04484095979252933,-0.01842423166063833,0.20347904931849667
A2019,2021,-0.3575482437447962,0.31796242270276287,-0.7979791105449089,0.263257701715151,-0.016461806161481584,1.8965630647846896,0.7095148547109487,-1.8965630647846878,-1.570822682586223,-0.9085446508778676,-0.6715069853860194,-0.606854007262913,-0.6710551920891485,-0.17156142502815933,-0.29566030276831484,-0.18303399169584417,-0.12211772473198652
A2021,2021,-0.28841555980444855,0.2537815236440635,0.09108600500800748,0.31475392831652216,-0.016461806161481584,1.729266402980504,0.6637290396102397,-1.7292664029805027,-1.570822682586223,-0.07912832168295739,-0.2301432644260855,-0.2590034967788392,-0.21284290107868012,-0.027953104366451813,-0.2775123822188632,-0.043884890691399336,0.07788177891022453
A2024,2021,-1.0280472809930006,0.7906048663188853,-0.43873893985464024,0.3331506809710289,-0.016461806161481584,0.7417167053155012,-0.29197187413280346,-0.7417167053154994,-1.570822682586223,-1.5861207420296874,-0.9049641920778645,-0.8664508701848653,-0.8953815037095474,-0.027439462620591062,-0.05743483064455452,-0.06423136026238019,0.00045989474939846605
A2029,2021,-0.2633270098674196,0.23048999785248586,-0.7483674078243538,-0.32904609738020874,-0.016461806161481584,0.6480805140071886,-0.538594517229969,-0.6480805140071868,-1.570822682586223,-1.3339313678617828,-0.8115525167554627,-0.7795544372641979,-0.7689534620679627,0.5215047328478425,0.4641649781034514,0.17971583058280027,0.3829531840297871
A2032,2021,-1.0280472809930006,0.5474523397603446,-0.7312761110466629,0.46871289666014326,-0.016461806161481584,1.0488434128067656,0.005249901822680832,-1.0488434128067634,-1.570822682586223,-0.3105457172361034,-0.38019400256771085,-0.41357597035208743,-0.5022748512172758,0.07273892112423463,-0.04395758496540391,0.02318888070864429,0.12026411221171483
A2033,2021,1.0588156588304967,-0.996951211201688,-0.018942970720724386,0.08645816353320461,-0.016461806161481584,1.1899219410446245,0.14177860378597387,-1.1899219410446222,-1.570822682586223,1.2690023467227378,0.5479875034710805,0.8501627281306683,0.8045967051870531,0.3022533125004807,0.3596525234838121,0.19819950005879222,0.3342121766911551
A2035,2021,-1.0280472809930006,0.26766114508223027,-0.9982575971827762,0.4599532189260992,-0.016461806161481584,1.8965630647846896,0.6329339481863312,-1.8965630647846878,-1.570822682586223,0.25731921926030565,-0.14731272271578733,-0.10231091911427237,-0.15667983328955962,0.3643787066581949,0.08473330522638228,0.11800525941970473,0.17294760117983923
A2057,2021,1.3835500691067997,-1.2984257847161975,-1.3399035885576134,-3.3508005572768567,-0.016461806161481584,1.4883092706804473,0.43054284953134403,-1.488309270680445,-1.570822682586223,-1.6223985638357434,-0.9056203183171818,-0.8985324823194706,-0.8786764915657546,0.10535133206650547,-0.03812399218069257,0.08381726443429142,0.17654159529829805
A2067,2021,1.1129527841473803,-1.0472108675210778,-0.9768414892317764,0.056799984154667936,-0.016461806161481584,1.1399826390135237,0.03864707973301795,-1.1399826390135224,-1.570822682586223,0.34479557990555193,-0.030985003586119206,0.05478519671984947,0.18672997455187976,0.2651686314632483,0.15640033775859472,0.21771674540655797,0.4282287362770575
A2070,2021,-0.07881743020201341,0.05919633423475975,-0.29903636667210287,0.13945589528344143,-0.016461806161481584,1.2523460685834995,-0.04094843677752454,-1.2523460685834973,-1.570822682586223,-0.5668309745111458,-0.42489405695117854,-0.4940022461717311,-0.5359760063253222,-0.34139771114730255,-0.4761728756583023,-0.38211181190330684,-0.2703700037773491
A2083,2021,0.3262141516513494,-0.3168239442914799,-0.04220145450190723,0.2864474074085473,-0.016461806161481584,-0.39814786354435666,-1.3950754572521495,0.3981478635443589,-1.570822682586223,1.5276281086304273,0.900229600085975,1.2522619898589424,1.1770342751922145,1.3149856667006423,1.3496191824616326,0.7803010552527853,1.0729866023067292
A2097,2021,1.3114815870628997,-1.2315193707345795,-0.9987579979898022,-0.4128624570937269,-0.016461806161481584,1.272321789395939,-0.13774276965834098,-1.2723217893959373,-1.570822682586223,-0.3623293822334589,-0.2208558676382133,-0.36065045832178194,-0.5267660118399615,0.007282519297450256,-0.016621264669235473,0.06247420525255287,0.0692434920341087
A2098,2021,-0.047536514347730305,0.030155984743342076,-0.7067203548579358,-0.8322701894500706,-0.016461806161481584,0.6368441710501906,-0.39346223665418945,-0.6368441710501893,-1.570822682586223,-1.6308828931290955,-0.9098769129471491,-0.8909468370347156,-0.9000586804448912,-0.561251183846758,-0.7522751445217682,-0.6894414268181599,-0.5283839437307892
A2100,2021,1.6799937717540694,-1.5736360365358495,-0.11006127373813884,-0.3836998766138937,-0.016461806161481584,0.16866321450862778,-0.8465442121960843,-0.16866321450862645,-1.570822682586223,0.6786100531370837,0.6916145115549219,0.2827949881919404,0.24709701881229798,0.14503764105673167,0.06473056417464386,0.050053972977763234,0.26210520501117507
A2107,2021,0.9922152221631946,-0.9351211814765622,0.0798980556128361,-0.183956049832879,-0.016461806161481584,1.8965630647846896,0.4838531774165314,-1.8965630647846878,-1.570822682586223,1.2116599832228432,0.15955580543877718,0.5686682012095069,0.978239092990456,1.6537309126886894,1.6559770094285093,1.3050305219702842,1.5352751093212982
A2120,2021,-1.0280472809930006,0.5484245467455521,-0.3922111598933596,0.44775832335538207,-0.016461806161481584,1.1662007725798522,0.04532000704014625,-1.1662007725798509,-1.570822682586223,-0.09170853408344201,-0.26921776662087704,-0.1628167298003813,-0.23278651855587656,0.23619500586057257,0.22502283141738672,0.3521105038360255,0.4745426442880266
A2129,2021,-1.0280472809930006,1.5493400920725966,0.9948156925213908,0.7939499328859431,-0.016461806161481584,-0.8176380006055969,-1.8919088800236563,0.8176380006055991,-1.570822682586223,1.6733245220128137,2.1133333203632936,2.4458498320826276,2.2895903428914797,0.12527805966190786,0.14212652488700794,0.10430554335056624,0.18625594688394073
A2141,2021,-0.2827660483968122,0.2485368516124713,-1.1793730907632218,0.40168592502469025,-0.016461806161481584,1.2735702719467172,0.004186914155913071,-1.273570271946716,-1.570822682586223,-0.6060344271080129,-0.45175626763069177,-0.4242384736745133,-0.3901459018757294,-0.06383427368139528,-0.2161492314118722,-0.15675899986692568,-0.07137726706091205
A2142,2021,-1.0280472809930006,0.6403855585967455,0.5246961784551001,0.6115165048686168,-0.016461806161481584,1.1749401504352939,0.12727998056863216,-1.174940150435292,-1.570822682586223,1.6689360758265992,2.165445763766032,2.2010491076728282,2.1227752993534295,0.15057618772972875,-0.0700492704612884,0.11496632214419639,0.21081074293800964
A2147,2021,0.9869897948258106,-0.9302700371933663,-0.38362746538160997,-0.09508350411379192,-0.016461806161481584,0.06753612789564993,-0.9444099189131389,-0.06753612789564882,-1.570822682586223,0.20260992347213838,0.3944968728662094,0.1612240808271101,-0.18442120030734432,-0.18014782788281145,-0.2520515198353878,-0.04580582597215083,-0.10430773294229033
A2148,2021,-0.38118748726081936,0.33990845192441194,-0.6763713544603791,0.19217368305494845,-0.016461806161481584,1.1836795282907373,-0.08114867861758435,-1.183679528290736,-1.570822682586223,-0.8427179580846216,-0.602346792082955,-0.5939592768477515,-0.5120992112370186,-0.05746847975666373,-0.10880623915282449,0.04515210236875438,0.10250208976533139
A2164,2021,0.3297009855505809,-0.320061025824639,-1.0937290783384688,-0.3221559123289848,-0.016461806161481584,0.673050165022739,-0.5049310156178769,-0.6730501650227367,-1.570822682586223,-1.106024729257609,-0.7140859599877829,-0.6414496891516472,-0.6858769669363579,0.019392703815551558,-0.0036671697026004267,0.03568669457123702,0.04688984386034544
A2171,2021,0.6337624693366654,-0.6023434179758226,-1.142517499871745,-0.2451415560039284,-0.016461806161481584,1.503291061289776,0.4450414727486836,-1.5032910612897739,-1.570822682586223,-0.848276656587161,-0.609384668709619,-0.6406043007141503,-0.5227344467613169,0.06256090113537023,-0.10684123993701714,-0.11572490252409563,0.06867104799929012
A2187,2021,0.8613072276391621,-0.8135897682050431,-0.8473546223969816,0.2328719718284995,-0.016461806161481584,1.3809397713135823,0.10611553885758876,-1.38093977131358,-1.570822682586223,1.2634436482201983,0.8696449525538169,1.1545712131364503,0.46562305513889024,0.7475755507252055,0.7428478147741704,0.5447759542574218,0.5758361427803702
A2189,2021,-1.0280472809930006,0.251712450970237,-1.214033113029409,0.4857244307124496,-0.016461806161481584,-2.0011994587426685,-2.946428141507609,2.0011994587426702,-1.570822682586223,0.16691722782424734,-0.1765246119255674,-0.16811399192051987,-0.022993285304148806,-0.031870379471050425,-0.16916774797000148,-0.05512177688334504,0.06276426520494381
A2193,2021,-0.1808872065532455,0.15395513194894994,-0.6192415375338266,0.12254262474414261,-0.016461806161481584,0.9052679194673541,-0.17031747566399608,-0.905267919467352,-1.570822682586223,-0.7113571355772065,-0.4656369604127995,-0.5473774163853907,-0.6248611839090672,-0.0292165583186416,-0.09717475365873716,-0.03464255008541914,0.1340250304324231
A2198,2021,0.08752980021470716,-0.09523589948673147,0.04532311284096049,0.3378291428612421,-0.016461806161481584,0.02633620371999261,-0.9842811327608193,-0.026336203719991277,-1.570822682586223,1.3421431164930133,0.8488813632010221,1.2445805950127387,0.6122251728193635,0.31981814255425683,0.3206922257571775,0.4502484534547755,0.34927086863848444
A2202,2021,0.45546966450897053,-0.4368212386342472,-0.4694553235231746,0.34046962087275445,-0.016461806161481584,1.3235095739778162,0.23310309778866736,-1.3235095739778149,-1.570822682586223,1.192643383082574,0.8791627119419152,0.852873558066964,0.3998073009988885,0.06248199075107454,0.034195663691807314,0.21106427618299645,0.06911459755842189
A2205,2021,0.5598632518801633,-0.5337373991470853,-0.20463371241045153,0.010803061593278459,-0.016461806161481584,0.7379712576631685,-0.5042709927861726,-0.737971257663167,-1.570822682586223,0.14790062768397483,-0.15973033963878022,-0.14799251914977368,-0.2145435525914577,-0.1456345863785618,-0.27706837496511966,-0.2014140349447974,0.005442541678761218
A2207,2021,0.4848220206296723,-0.46407116584585784,-1.1725395605118807,0.2218637652746724,-0.016461806161481584,0.41586275956257346,-0.6073169291099644,-0.4158627595625717,-1.570822682586223,-0.02237108434122352,-0.21605460370292986,-0.14711823717261246,-0.36569332844998204,0.09248238123764238,-0.04720643524192511,-0.039978717495820555,0.03775273051548431
A2217,2021,-0.17445506834848565,0.14798371019411824,-0.8319277540806074,0.4733450925252581,-0.016461806161481584,1.8965630647846896,0.7475608225720441,-1.8965630647846878,-1.570822682586223,0.40740407882890917,0.17176321085619922,0.15903267086249392,-0.10072870998373334,-0.06287032387777991,-0.16010695674388403,-0.1715979207403251,-0.03680242008588937
A2246,2021,0.3497240745172819,-0.3386495360447189,-0.1544300823721552,0.43400053383533294,-0.016461806161481584,0.05380281983709749,-0.9577003235290359,-0.05380281983709638,-1.570822682586223,1.5086115084901583,1.1169516143857139,1.4400177642932417,1.0094661818261568,-0.2845311669880853,-0.28425281173121825,-0.23342813351819497,0.019431357011004152
A2247,2021,0.21184026684183244,-0.210642347722122,-0.13971684017581348,0.3791210868851978,-0.016461806161481584,1.6930604090079575,0.6286907001683338,-1.6930604090079553,-1.570822682586223,0.8459561343714737,0.523999072105446,0.6690387187231746,0.21693175162022507,-0.04298403708348773,-0.11997207097602176,-0.1804553630441701,0.02040997783872107
A2251,2021,1.1319355471500328,-1.0648337221059208,-0.8097483776797821,-2.3845861372079424,-0.016461806161481584,0.8153771758113741,-0.4307875656756609,-0.8153771758113719,-1.570822682586223,-1.4553450456804373,-0.7981007479082133,-0.8000413079972241,-0.8041671507746064,0.1568959821269679,0.08807211208760776,0.09340726454316448,0.16952436671837126
A2266,2021,0.5683040728446238,-0.5415736272148404,-0.9504551794841182,0.31818776507781915,-0.016461806161481584,1.8965630647846896,0.7475608225720441,-1.8965630647846878,-1.570822682586223,0.8857447131265016,0.572604659540397,0.1306233571784315,0.1675353585534938,0.16220491070076531,-0.06730880466643512,-0.007033661925542841,0.02223461831439852
A2272,2021,-0.27597238333688623,0.2422296178403875,-0.4121521360417463,0.26284759138222635,-0.016461806161481584,1.2161400746109512,0.14831379257909402,-1.2161400746109499,-1.570822682586223,-0.56536815911574,-0.49622305204935846,-0.38965250627558173,-0.6040457266733285,-0.40079098714114464,-0.34712440701833847,-0.2989089328807748,-0.22786343728075537
A2284,2021,1.0720913055155166,-1.0092759596602525,-0.631262084346541,0.2967896594160324,-0.016461806161481584,1.8965630647846896,0.5956099807388958,-1.8965630647846878,-1.570822682586223,1.292114829970144,0.49729152050052466,0.9760795250911501,0.7433067633490724,-0.031877585902005796,-0.06771485403144244,-0.0034270043251731696,0.17883776462909534
A2286,2021,0.8817946886753997,-0.8326099854170601,0.5148530401743461,0.1021916504324938,-0.016461806161481584,0.28851753938326885,-0.7305552264573602,-0.2885175393832664,-1.570822682586223,1.0372923880905114,0.5097981038499733,0.7629555538402992,0.496883398009429,-0.21322143681616135,0.03126421139816161,-0.04119898941527819,0.07839882948914463
A2299,2021,-1.0280472809930006,0.37313904785220847,-0.7095693213427178,0.28589711792495137,-0.016461806161481584,1.1487220168689671,0.10190738993828741,-1.1487220168689658,-1.570822682586223,-0.8055624470413213,-0.515013797421226,-0.5813370824545837,-0.5915848827284962,0.03241605562157223,-0.12467507172073877,-0.03030692357254059,0.17411460391577227
A2308,2021,-0.7366234853169421,0.6698855425397855,-1.132322457221882,0.5232784251772972,-0.016461806161481584,-0.1521968010411891,-1.1570563927674622,0.15219680104119132,-1.570822682586223,-0.7347621819036967,-0.5040474700225497,-0.5589692321591978,-0.5643950063158869,-0.06066577747135968,-0.21521955052999112,-0.0895513936292189,-0.08166758596468641
A2309,2021,1.2265410776636267,-1.1526629174764766,-1.347934679299132,-0.5906524334816234,-0.016461806161481584,1.4146488001845743,0.35925795204608496,-1.4146488001845725,-1.570822682586223,-1.092566827619876,-0.6757658272975273,-0.6592270887242104,-0.6508650362374286,-0.09657892068859672,-0.22367984390137174,-0.22463786977750677,-0.11330086511901016
A2311,2021,0.003627703668579588,-0.017343480412032593,-0.057802949016945396,0.24298137452757887,-0.016461806161481584,0.5045050206677753,-0.5215334084073668,-0.5045050206677741,-1.570822682586223,0.4059412634335034,-0.25220850869495487,0.030495524629748576,0.008404469929316618,0.11776103801617781,0.0361477810155517,0.11924009820534626,0.2538222080755902
A2337,2021,0.6698763131897562,-0.6358705260649115,-0.16014956567508778,0.350692893236591,-0.016461806161481584,-1.1547282893155224,-2.1272559297278577,1.1547282893155246,-1.570822682586223,1.5179735270207508,1.2864691919566993,1.7552304094406925,0.7009478404748349,0.30108640896049804,0.18996028197180503,0.0831689481999712,0.1665850182873139
A2342,2021,0.4170414225191812,-0.4011455064107148,-0.5473829167904568,-3.9872773617381965,-0.016461806161481584,1.3771943236612496,0.3230113940027339,-1.3771943236612474,-1.570822682586223,-1.7104600506391539,-0.9459729778865246,-0.9565585288300027,-0.9568400828901096,-0.0049562399147749575,-0.19882255186485573,-0.16759424466231027,0.050973456706313314
A2366,2021,-0.06682988994746165,0.048067723543085354,1.3046735932855649,0.45764302509077454,-0.016461806161481584,0.9314860530336808,-0.3205624250098949,-0.9314860530336795,-1.570822682586223,1.7046287714744905,2.05898101357516,2.261246748974096,2.432022095855224,0.5980296976904972,0.4846682281192282,0.18965184885923803,0.6228742878109015
A2419,2021,0.1553618742367286,-0.15820930000187663,-0.6120227088901782,-0.9220920173289008,-0.016461806161481584,1.5607212586255421,0.49940594715889697,-1.5607212586255401,-1.570822682586223,-1.3997580606550286,-0.798977270107133,-0.7919106151524526,-0.8197003940036434,-0.0770349419331057,-0.12236373230952872,-0.028999178159363353,0.029225889286570557
A2424,2021,2.0391733275853676,-1.907088544131942,-0.879652331611136,0.044860794689830584,-0.016461806161481584,1.8953145822339115,0.8244221136024332,-1.8953145822339097,-1.570822682586223,1.2069789739575452,1.6158558332203672,1.0213334543998587,0.7276815761202384,0.4631798468488873,0.42340546712227656,0.3873288395951854,0.6193841443212365
A2452,2021,0.5352860254302759,-0.5109202257925768,-0.4984707771009125,0.37725235379383454,-0.016461806161481584,-0.3332267709039271,-1.3322480899770033,0.3332267709039289,-1.570822682586223,1.4612162896790204,2.038988354106283,1.0559946046029407,2.2305301466934986,-0.11330553806686224,-0.29155458585160005,-0.05342660320298306,0.18495985735501697
A2490,2021,1.0502528299751959,-0.9890017143342846,-0.10518882486884186,-0.17228547952868767,-0.016461806161481584,1.0026495584279993,-0.039454186430784986,-1.002649558427997,-1.570822682586223,0.5952295755989707,-0.010808422956548162,-0.035429476718633175,0.28405994536392876,0.28241259376971545,0.044198551082426,0.21466040787382357,0.2765763859558596
A2500,2021,-1.0280472809930006,0.7085591575688598,-0.5340233046392044,0.30804860020438546,-0.016461806161481584,1.4670850673172295,0.41000313330677773,-1.4670850673172275,-1.570822682586223,-1.4696806365554111,-0.8284707696016061,-0.7976776780005718,-0.8572616324345723,-0.11884692047472331,-0.12930399381698066,-0.11892993658280805,0.016224416475816066
A2505,2021,-1.0280472809930006,0.7157441762870279,-1.143217624281142,0.5968780726350151,-0.016461806161481584,1.8965630647846896,0.8256303322038786,-1.8965630647846878,-1.570822682586223,-0.06479273080798259,-0.3009758127840194,-0.2386975095475056,-0.11068318583473993,-0.05044913096830025,-0.19136947470896148,0.011641532669670187,0.06442789767748458
A2506,2021,-1.0280472809930006,1.2189710787368118,-0.5222694269286668,0.862259578276923,-0.016461806161481584,1.7192785425742843,0.42730922832449914,-1.7192785425742827,-1.570822682586223,-0.7163307079215849,-0.5805621660557717,-0.49115075199197317,-0.6218678217854253,-0.0397928971522939,-0.12747908981947076,-0.09206186016357383,0.07731842091611414
A2507,2021,-1.0280472809930006,5.827913370777149,0.3364351895026574,1.7134418133908795,-0.016461806161481584,0.554444322698876,-0.47320466434956343,-0.5544443226988742,-1.570822682586223,1.3017694115798206,0.7861881658527012,0.8515859766928107,0.28859975869777643,-0.07971759449275727,-0.33298936084708114,0.03583814628380696,0.15160939151264596
A2528,2021,-1.0280472809930006,1.4608880935045911,-0.0010957909119750189,0.7795048512049916,-0.016461806161481584,1.1537159470720761,0.1067402643440668,-1.1537159470720748,-1.570822682586223,1.1338382041872697,0.6302374671572704,0.5380464708496983,0.4631833434185151,-0.40369261633012377,-0.4945027605667012,-0.3940415770179539,-0.35257603821239697
A2530,2021,1.1388086074830555,-1.071214595320952,-1.600725820654468,-0.580606698357381,-0.016461806161481584,0.9239951577290155,-0.41332154845183877,-0.9239951577290133,-1.570822682586223,-1.3037973707164277,-0.7509524913610476,-0.7760153606004254,-0.7376571463319203,-0.3380190160456453,-0.49686688505581217,-0.41548580161693205,-0.23874081300144376
A2542,2021,0.7922382631215178,-0.7494680069848291,-0.5839613102069515,-5.9877726398932785,-0.016461806161481584,1.83164197214426,0.6472912879187682,-1.8316419721442583,-1.570822682586223,-1.7128005552718026,-0.9509720176721362,-0.9408957273938198,-0.9568894213070223,0.003312358181386143,-0.11453631632988945,-0.1227388996258647,0.06521639189788932
A2543,2021,0.4970004909510796,-0.47537732567992486,-0.9847966059598848,0.0836253707755742,-0.016461806161481584,1.0987827148378664,0.05357864588048412,-1.0987827148378646,-1.570822682586223,-0.42815607502670483,-0.36250514980912574,-0.4640862087279496,-0.35924819194492924,0.1324039720521423,0.0384656961993973,0.026890163174358286,0.1660938806349682
A2550,2021,0.2897852730296935,-0.28300436651180727,-0.6845463947992472,-1.173914953573758,-0.016461806161481584,1.051340377908322,-0.3449038102402512,-1.0513403779083197,-1.570822682586223,-1.3836670913055678,-0.7964592657836688,-0.7790250428216199,-0.8408771370850677,-0.03870892170560231,-0.09360555905045355,-0.020345199295912098,0.14701850304527556
A2551,2021,2.8815323009375184,-2.6891116504032615,-0.6472416214205509,-0.24708010245555206,-0.016461806161481584,1.5844424270903144,0.2631427352712864,-1.5844424270903126,-1.570822682586223,0.9369432519656926,0.3578707774765501,0.3813939930699951,0.9613354563470096,0.00023221740445947535,-0.17555305409663086,-0.030842985822287377,0.014467927671467729
A2557,2021,1.6463207981369554,-1.5423749658302623,-0.860040371738996,-0.6786772751348774,-0.016461806161481584,1.8965630647846896,0.5956099807388958,-1.8965630647846878,-1.570822682586223,-0.4571198198557346,-0.5003984672151258,-0.422710615220245,-0.2718602868741171,0.15713013589339878,0.11903335798451428,0.027999453728014573,0.05141684753261797
A2559,2021,-1.0280472809930006,0.4855941982579825,-0.4496564919361672,0.5479463648994723,-0.016461806161481584,-0.011118272803332064,-1.0205276908041705,0.011118272803333617,-1.570822682586223,0.7110845549150857,0.3854577273555678,0.3060200210654763,0.18179155616961437,-0.1395754567934292,-0.27649869406587674,-0.24277822797344784,0.037261590155012306
A2569,2021,0.07801603752238571,-0.08640377800811767,-0.545958056913145,0.30565512752388363,-0.016461806161481584,1.6680907579924071,0.6045263281394322,-1.6680907579924051,-1.570822682586223,0.5147747288516699,0.13885966440209377,0.12707341319277393,0.22199243769110577,0.12516025007611073,0.0671576451411455,0.10750401739657045,0.269180628074658
A2571,2021,1.160611848050221,-1.0914560180815833,0.2945430258566,-1.9274432823511793,-0.016461806161481584,0.9027709543657996,-0.13611167454639042,-0.9027709543657982,-1.570822682586223,-1.142009987984584,-0.7634489560827857,-0.6865247417918134,-0.7199848582192554,-0.07266673464097528,-0.2511373921066916,-0.09176104019120068,0.004129958478008645
A2575,2021,-1.0280472809930006,0.7479992460278808,-0.7157887328639485,0.3508696708847282,-0.016461806161481584,1.3384913645871468,0.28555661735793597,-1.338491364587145,-1.570822682586223,-1.3924439836780016,-0.8139639465425947,-0.8004766314258931,-0.8003464681513804,0.47032825258494293,0.5237219619378037,0.5552997985614501,0.5352888761188781
A2580,2021,0.051642871504007086,-0.061919564263147216,-0.5076526771734374,0.04323575234857528,-0.016461806161481584,0.9939101805725559,-0.26130159669496683,-0.9939101805725545,-1.570822682586223,-0.49427533089903486,-0.41002376860284073,-0.36184015319544216,-0.48375382557911506,-0.12203744990857408,-0.09677833041297434,0.02197500607800424,0.271820382975543
A2584,2021,-1.0280472809930006,1.1573442902016133,0.13601480010526257,0.7285421340213971,-0.016461806161481584,1.4371214860985684,0.3426889849056588,-1.4371214860985662,-1.570822682586223,0.8816488300193644,0.1640273094802224,0.13431411457099668,0.34551594459128715,0.16859594073301623,0.022704181965902865,0.13771977447994405,0.23468578286788971
A2587,2021,-1.0280472809930006,0.9530632900668817,-0.5741181353681284,0.6742038614573758,-0.016461806161481584,-0.5941596240164252,-1.5847657776790194,0.5941596240164265,-1.570822682586223,-0.431374268896597,-0.40866039602814236,-0.4613514313529189,-0.6187597064220969,-0.00015506494458855145,-0.17184107621140243,0.006125537484515976,0.08981558814928836
A2591,2021,-0.1313470239810441,0.10796337702504863,-1.1038419274442446,-0.40271362469266064,-0.016461806161481584,1.4745759626218948,0.41725244491544833,-1.4745759626218926,-1.570822682586223,-1.3974175560223798,-0.7917980117831934,-0.7969238661721663,-0.7869662874094564,0.22228001174979334,0.16705862663112928,0.4325868827152005,0.3901628260705776
A2592,2021,-0.3377995401828779,0.2996283138806052,-0.12330599397646586,-0.2333066377299845,-0.016461806161481584,0.4096203468086863,-0.7231825995255556,-0.4096203468086841,-1.570822682586223,-1.261083161170588,-0.7898742069130705,-0.759697818844147,-0.763354033333429,-0.09830703949364593,-0.10055393810080482,-0.23164958150565626,-0.08945316893372696
A2597,2021,-0.11555806344655366,0.09330533650719017,-0.36542225491033004,0.416709677288216,-0.016461806161481584,1.3996670095752437,0.3447593288287436,-1.3996670095752424,-1.570822682586223,0.7423888043767627,0.15295416848378957,0.4209791394076959,0.09256809476902694,0.12617270186361426,0.042028457034404824,0.12042039460949348,0.2495946665812889
A2598,2021,-0.32531060728973576,0.288033879887926,-0.19840583747660373,-0.2809218353632865,-0.016461806161481584,0.2273418943951702,-0.9241527729209468,-0.22734189439516908,-1.570822682586223,-1.2979461091348077,-0.7631460766787366,-0.7500360829213752,-0.8230241793092199,-0.15758486108194614,-0.15392160826109175,-0.09457786124324498,-0.013163527500908438
A2599,2021,-1.0280472809930006,1.2167372717457234,-0.41792901746705713,0.7547383717547337,-0.016461806161481584,1.7654723969530524,0.5452597151650949,-1.7654723969530501,-1.570822682586223,0.7897840231879006,0.10896634265372529,0.33999155881560533,0.09554676014108249,0.17857298430118387,0.09552693023492013,0.2850899210912232,0.21711722132175335
A2600,2021,0.5362891080555028,-0.5118518067041342,-1.1112891609211029,-0.3827359550551641,-0.016461806161481584,1.8965630647846896,0.4767912773505682,-1.8965630647846878,-1.570822682586223,-0.924928183306409,-0.612312976380516,-0.648782108754735,-0.6817679505915653,-0.04559896537422768,-0.09482006226830894,0.012317539162703795,0.13535136166782635
A2602,2021,-1.0280472809930006,2.659732763429067,-0.13860168492173083,1.1380889191388168,-0.016461806161481584,-0.027348545963439008,-1.3561305846061857,0.027348545963441228,-1.570822682586223,1.0387552034859135,0.7677277951870338,0.6891927657163575,0.24541310555922247,-0.05727012036722607,-0.16358982246217874,-0.008751982844817431,0.1550601373116721
A2612,2021,-1.0280472809930006,0.502663785960063,0.08562611984047926,0.4916272159235508,-0.016461806161481584,0.402129451504021,-0.7571740810929889,-0.402129451504019,-1.570822682586223,0.3289971736351749,0.16013480878582464,-0.009236465463441675,-0.3349154427950582,-0.15052555629787712,-0.16694900674747742,-0.3175887096134749,-0.21038015891099035
A2616,2021,0.15345282518127637,-0.15643703865665418,-0.7149204064585295,-3.540115055247925,-0.016461806161481584,1.8965630647846896,0.785849495444705,-1.8965630647846878,-1.570822682586223,-1.7119228660345593,-0.9469768938041407,-0.9363500831113242,-0.9665761421115073,-0.09039624184022624,-0.011511487814966647,-0.0936874135374072,0.021217671873413353
A2617,2021,-1.0280472809930006,1.7079628915749907,-0.1844974151067892,0.9596126173427811,-0.016461806161481584,-0.16343314399818704,-1.1679303601804738,0.1634331439981888,-1.570822682586223,0.09992028271467608,-0.1585439447075007,0.06536383722996082,-0.33814452973415193,-0.19151477458188512,-0.15665264481747757,-0.1160348145402017,-0.03901128037798815
A2619,2021,-1.0280472809930006,2.542510514519217,0.238781758165053,2.797450292951821,-0.016461806161481584,0.38215373069158143,-0.6399388313489808,-0.382153730691579,-1.570822682586223,-1.1016362830713915,-0.6697435771756063,-0.7132676371656733,-0.8162280757696235,-0.1665503131090358,-0.33378534736469356,-0.11826820541096435,0.04956462297009975
A2620,2021,-1.0280472809930006,1.237577082025573,-0.3048048186687611,1.3139276431816296,-0.016461806161481584,1.2748187544974936,0.06960147765430698,-1.2748187544974923,-1.570822682586223,-1.6136216714633107,-0.9043629689487128,-0.8787574726895666,-0.9061997757486739,-0.22849745702596083,-0.16968678040537738,-0.15048304412433253,-0.12545030443881158
A2628,2021,-1.0280472809930006,0.8625150444283537,-0.0716099197300678,0.6460763969719087,-0.016461806161481584,0.4982626079138881,-0.5275745014145917,-0.49826260791388677,-1.570822682586223,1.245597300396251,0.9698508011350568,0.758374360339866,0.1950545592761881,0.0412900374286749,-0.14145894405700926,-0.07652363412550091,-0.05393712325150761
A2631,2021,-1.0280472809930006,1.1604209398226282,0.23811874192456775,0.8034266649552437,-0.016461806161481584,0.5070019857693315,-0.6059752200445663,-0.5070019857693291,-1.570822682586223,-0.220436288879126,-0.4336232837989292,-0.38424028810869465,-0.3598427596214828,-0.05598527854266216,-0.21223835806828142,-0.08602020135272342,-0.09897527778483707
A2634,2021,0.8904861040386454,-0.8406786415729195,-0.3685424792899975,0.39782844339178314,-0.016461806161481584,1.4333760384462375,0.37618037052757747,-1.4333760384462362,-1.570822682586223,1.4242070601752623,0.7399153104357159,0.7536644383558351,1.4773069485194856,0.03185076303622169,-0.07630159860632245,0.0807575227270192,0.2479113431723732
A2643,2021,2.3860416817705605,-2.229111667750671,-1.082723595562489,-0.05648886935307396,-0.016461806161481584,-0.2595663004080541,-1.4203809109894583,0.25956630040805634,-1.570822682586223,1.1607540074627323,0.5054531305276758,0.8291974471175736,0.4053456475008497,1.292248691473906,1.2023527855085763,-0.16073698531149677,0.9175096773766479
A2645,2021,-0.03146894319783704,0.015239395930095536,-0.9619199338419961,0.06505902206488583,-0.016461806161481584,1.7155330949219516,0.6504386349943446,-1.7155330949219503,-1.570822682586223,-0.9436522203675975,-0.6426844576059858,-0.6246120685219313,-0.6012646964356343,-0.14144155646374096,-0.20358657353157766,-0.06671419467810281,-0.02678179654346764
A2654,2021,0.2545006422761414,-0.2502470772581272,-0.8494096038829454,-0.348169088521223,-0.016461806161481584,1.0763100289238723,0.03183071105447334,-1.076310028923871,-1.570822682586223,-1.1513720065151767,-0.7056155601194061,-0.7173306236558838,-0.7153429224576341,-0.33021342212912325,-0.4712412059032101,-0.4404200296921447,-0.2106289813686999
A2660,2021,0.6069241607292912,-0.5774274639370296,-1.0930505297822932,0.23008827630048848,-0.016461806161481584,1.8965630647846896,0.8256303322038786,-1.8965630647846878,-1.570822682586223,0.3304599890305809,-0.10831851723524759,-0.05715053318781038,0.030157263422177744,-0.08449351948684622,-0.09098791433056488,-0.050365914768214656,0.08839166738079121
A2666,2021,1.394953175364401,-1.3090121176915848,-0.1796981226687736,-0.34392614875085414,-0.016461806161481584,-0.41063268905213274,-1.4071576432665922,0.41063268905213407,-1.570822682586223,0.6467206775172458,0.5963347970828626,0.31001046867635745,-0.25920366886719653,0.18720617909402212,0.14019413029874475,0.1267836371603292,0.35355129755144066
A2671,2021,0.5150839850512516,-0.4921655486060474,5.292788230853387,-1.1658277904940924,-0.016461806161481584,-2.672883071060964,-3.6459458181916347,2.6728830710609657,-1.570822682586223,1.0191534771874833,0.7864109464266593,1.1661378539506595,0.0767568250145698,0.4016338186135755,0.3631725133303034,-0.06760903663701581,0.5186487073585063
A2683,2021,1.5167833024377215,-1.4221158863048242,-0.2596680691967866,-0.22051615340333627,-0.016461806161481584,1.5619697411763185,0.20485106752927074,-1.5619697411763163,-1.570822682586223,0.3529873461198225,-0.28405975086955293,-0.09286615151510105,0.41425162610899313,0.03443238917081692,-0.11993335686417825,-0.06766278444037696,0.06477231582265162
A2684,2021,-1.0280472809930006,0.6626570190708245,-0.6940375235180856,0.3524045980576948,-0.016461806161481584,0.7704318039833842,-0.6082441160647133,-0.770431803983382,-1.570822682586223,-1.1899903329538828,-0.6726989733014713,-0.7056270947570601,-0.7836561090083956,-0.14309288258703007,-0.17056954059313773,0.038578798078130916,0.08133645793029459
A2687,2021,0.06334554239600512,-0.0727838938447837,-0.9349119526697247,0.4902913017122762,-0.016461806161481584,-1.0036619006714456,-1.9810614789529977,1.003661900671447,-1.570822682586223,0.3058846903877652,-0.11375434150956705,-0.1369225567551508,0.039069895538864426,-0.8822391049981381,-0.9127779568177481,-1.1421077469883787,-0.814880187536136
A2695,2021,1.1441010022547091,-1.0761277989675986,0.060647900548870155,-1.2303068852219987,-0.016461806161481584,-0.4281114447630178,-1.5808890210003113,0.42811144476301916,-1.570822682586223,-0.7926896715617525,-0.5918600061538054,-0.6157078595653918,-0.6235563801963133,-0.09408653819219122,-0.301381950808236,-0.15114878000038917,-0.04600316295660282
A2704,2021,1.6990389382970517,-1.5913170499405365,-0.7598309482876617,0.1867638036455674,-0.016461806161481584,0.6930258858351785,-0.3390923995891613,-0.6930258858351768,-1.570822682586223,1.089953742325108,0.3475127650916539,0.5207299504619275,0.9440760707945816,0.04022892407111643,-0.07403124932441564,-0.1157013800286209,0.09053693940124109
A2706,2021,-1.0280472809930006,0.7880109896799793,-0.7583330999234816,0.6248795830461845,-0.016461806161481584,1.8965630647846896,0.447457909951575,-1.8965630647846878,-1.570822682586223,0.49049199328793813,0.05068501735099763,0.009807851875902829,-0.04536821221930844,0.013208094064034353,-0.10254858101724809,-0.028744922856124983,-0.010322187367886794
A2710,2021,1.2148420708274839,-1.141801759992701,0.04522625219632708,-0.5469915999188599,-0.016461806161481584,0.9015224718150214,-0.13731989314783594,-0.9015224718150195,-1.570822682586223,-0.11160282346095973,-0.2111869806582324,-0.16716883448366493,-0.2844271805242061,0.14514137090751633,0.09054285613012814,0.16066703540068578,0.2660611985715344
A2714,2021,0.19847449628518282,-0.19823393071811482,-0.2263555392076741,0.2171001600875243,-0.016461806161481584,-0.3482085615132577,-1.346746713194344,0.348208561513259,-1.570822682586223,0.8904257223917996,0.6548061110886948,0.41046215962028093,0.1409350901373115,1.0319860203041287,0.600756368837864,0.6874352888221451,0.9542139179822096
A2729,2021,-0.43287090509737347,0.3878898996713614,-0.43051323930010743,-0.6784430447510955,-0.016461806161481584,0.7117531240968418,-0.46138325556917387,-0.7117531240968407,-1.570822682586223,-1.5518908617771991,-0.8750583385359424,-0.8518992246026983,-0.912353851879555,0.0027044891729113194,-0.09078786325202991,0.035204382172182615,0.14917527168575853
A2733,2021,-1.0280472809930006,1.571976404478745,-0.2981671531852823,0.8124298953318582,-0.016461806161481584,1.5856909096410925,0.524783900444059,-1.5856909096410914,-1.570822682586223,0.9784872091952104,0.523018492721387,0.3620384469218876,0.22562386571692478,-0.2251149181059445,-0.4635180171497227,-0.33579296364643474,-0.1598482997905605
A2735,2021,-1.0280472809930006,1.2511454107249838,-0.6002717551916306,1.0183088732559982,-0.016461806161481584,0.6705531999211845,-0.4655532720182968,-0.6705531999211831,-1.570822682586223,-1.2259755916808577,-0.7677624768871301,-0.688551639220373,-0.7993083245560083,0.014218809306262972,-0.08426090111249064,-0.14247635846653914,0.02776733862280234
A2754,2021,0.9417324951877426,-0.8882543940245506,-0.9182628172058018,0.14996491214258728,-0.016461806161481584,0.1848934876687365,-0.8308373703773005,-0.18489348766873384,-1.570822682586223,0.3307525521096613,0.015665348714958095,0.03565567541743997,-0.014385527103378603,-0.15921447071634165,-0.1173710920323284,-0.2204075960875644,-0.136179028331193
A2762,2021,-1.0280472809930006,1.0259338856029874,-0.7107624820780531,0.6844340391980926,-0.016461806161481584,-0.12847563257641686,-1.199506874509566,0.12847563257641864,-1.570822682586223,0.5460789783133464,0.30377017772271836,0.2517852067399007,0.10862410395655289,-0.4636353519818549,-0.6185354452824094,-0.3371943377630671,-0.15805680059940627
A2763,2021,-1.0280472809930006,0.6676633621676721,0.22399802625019355,0.5109545371664549,-0.016461806161481584,0.6418381012533014,-0.3886293622484089,-0.6418381012532992,-1.570822682586223,0.2227967759287365,-0.04241870785156438,-0.06217661774805394,-0.21586572082316072,0.20301306344462358,-0.007216182562372894,0.06807483711004307,0.36644060396585504
A2765,2021,0.19226164144643404,-0.192466085662133,-0.390976211978733,0.1751010364172509,-0.016461806161481584,0.9851708027171142,-0.05636924685101642,-0.9851708027171121,-1.570822682586223,0.19500328341603212,-0.2898852571465744,-0.19120975429248738,0.0007163626939636985,0.2018033198636121,0.026142853322604083,-0.08197514325244884,0.19303848227318296
A2772,2021,2.828928499108849,-2.640275714882765,-1.3009862938703525,-0.43432050142683515,-0.016461806161481584,1.8965630647846896,0.5204755033019776,-1.8965630647846878,-1.570822682586223,-0.0729844970222534,-0.3385498974974511,-0.40049632585549283,0.26746336724546127,-0.14221476239101666,-0.5429332128993124,-0.19384282253491408,-0.11048925907929845
A2773,2021,-0.23507771543365538,0.20426448582536322,-0.8364822816831454,0.5264937067603308,-0.016461806161481584,1.8965630647846896,0.670493734036064,-1.8965630647846878,-1.570822682586223,0.8933513531826076,0.10910543594598014,0.21506699938559656,0.310952663311373,-0.2056924678456844,-0.4065527962901627,-0.1578788711268778,-0.10217188977932741
A2778,2021,-1.0280472809930006,0.47733410232502976,-0.6654869233482252,0.4104974621391058,-0.016461806161481584,1.8965630647846896,0.5956099807388958,-1.8965630647846878,-1.570822682586223,0.8588289098510424,0.13682324227951762,0.17770112540431585,0.47973277686183285,2.843743458463774,2.8899517480765686,3.372917346763619,3.0119621196775386
A2783,2021,0.5537305886196974,-0.5280440017661796,-0.5032510833522177,-0.19986113534764516,-0.016461806161481584,1.2361157954233908,0.039552819914703184,-1.2361157954233886,-1.570822682586223,-0.09960773721863217,-0.22989786304131166,-0.2919663647438982,-0.5299774550294024,0.05665279201736421,-0.010688352518341583,0.1349901138524993,0.23304332419709486
A2801,2021,0.23632741187933431,-0.2333755456006208,-0.12178083141616802,0.3700369945453144,-0.016461806161481584,0.5219837763786603,-0.7824992706444844,-0.5219837763786592,-1.570822682586223,1.192643383082574,0.5615645025249056,0.6706412979764586,0.5190529040002826,-0.15930138598020555,-0.16627939651733492,-0.1339560389463177,-0.08055077897227084
A2802,2021,-0.4550187709781596,0.408451402921737,0.3070469550157987,0.562417756066338,-0.016461806161481584,-0.002378894947888635,-1.3327225574217894,0.002378894947891296,-1.570822682586223,1.1946913246361408,0.7760842487640847,0.8962246900041465,0.5531765831012468,-0.592427854908062,-0.7635754647365791,-0.9533727291342045,-0.6492012821380827
A2809,2021,1.8736096604581984,-1.7533837492067834,-1.307881189778378,0.1937847074811366,-0.016461806161481584,1.8965630647846896,0.7095148547109487,-1.8965630647846878,-1.570822682586223,1.2368204080238194,0.5495264643283935,0.8233360222714768,0.7517311533440288,0.19596733151767634,0.21994237547333698,-0.06544680668424209,0.27556260191571375
A2811,2021,1.0660928969964247,-1.003707200721154,-1.413069556103686,-0.6460411519766851,-0.016461806161481584,1.8965630647846896,0.8243832031767897,-1.8965630647846878,-1.570822682586223,-1.1203603201325802,-0.7408299751090819,-0.7268049765702563,-0.6429895855726019,0.1859339842810378,-0.02449624589240143,-0.04477393711889084,0.034820373176685106
A2820,2021,-1.0280472809930006,1.1989448511551686,-0.8547276601037941,0.7201252391956942,-0.016461806161481584,1.0950372671855337,0.012727083036914031,-1.0950372671855322,-1.570822682586223,0.5987403325479471,0.10024035397138463,0.47911328446680823,0.4099358768655323,-0.04914272370764516,-0.12810720700780895,-0.20784442828180924,0.10844249908074412
A2824,2021,2.3822718698843923,-2.225611877169052,-0.7600203541643791,-0.30952238721882713,-0.016461806161481584,0.10499060441897637,-0.975029895869445,-0.10499060441897394,-1.570822682586223,0.2748730040051689,-0.13651195526162305,0.00884493657434209,-0.04868336302465329,-0.10901528363124524,-0.1039016452324619,-0.11640687701433479,-0.051074349167797406
A2831,2021,-0.07846418385360848,0.05886825094326223,-0.5077056272481424,0.22870264337567528,-0.016461806161481584,1.7941874956209354,0.5726919288225463,-1.7941874956209336,-1.570822682586223,-0.330147443534537,-0.1594286401617563,-0.42310130991312034,-0.4871932348629935,-0.28551990140003203,-0.43666217573644805,-0.2111439022489381,-0.2158087062044182
A2833,2021,-1.0280472809930006,0.49161448981879086,-0.8497082203585791,0.5327791189043728,-0.016461806161481584,1.8965630647846896,0.7095148547109487,-1.8965630647846878,-1.570822682586223,0.5449087259970248,0.042559375051616825,0.02163035965692627,-0.038195473260530355,-0.07812217703476437,-0.10616844760842617,-0.005815479047301752,0.15917108352279472
A2840,2021,-1.0280472809930006,1.0231548111021695,-0.3021980685669579,0.6848279909491173,-0.016461806161481584,1.7367572982851693,0.44390226025267915,-1.7367572982851678,-1.570822682586223,1.2669544051691712,0.5314174327322092,0.6957824707659336,0.820926668265222,-0.10252590505283325,-0.33608422670582994,-0.15001973605772614,0.05611376078917193
A2841,2021,-0.22443934943629565,0.19438775407279218,-0.9516637710548117,0.35679842031289954,-0.016461806161481584,1.4121518350830198,0.23700568352872134,-1.4121518350830176,-1.570822682586223,-0.23272393820053372,-0.2886465074409488,-0.26506289574652414,-0.2921740943575123,0.13948904176394883,0.24152102502806796,0.12495438263018632,0.33217028157280154
A2844,2021,1.0320284837529625,-0.9720825830255182,-0.23942801660866156,-0.24347950084259437,-0.016461806161481584,1.8715934137691392,0.424049882767178,-1.8715934137691375,-1.570822682586223,-0.6265138426436878,-0.4828390463857234,-0.5454749865983763,-0.6554042860750469,-0.876760340994758,-0.9096903293513579,-0.7772322867444516,-0.5843428947047877
A2880,2021,0.4393353450519862,-0.4218424654358241,-0.3683697896393477,-0.18183975898035484,-0.016461806161481584,1.4770729277234493,0.19737721446257842,-1.4770729277234476,-1.570822682586223,-0.4208419980496792,-0.4138768700881458,-0.44132692567108617,-0.41486782246387965,-0.13627212079432774,-0.17724342696860998,-0.23682755758858087,-0.11478154182657685
A2909,2021,0.6971435048067371,-0.6611846433975137,-0.8265756929210278,0.2895065584203159,-0.016461806161481584,1.8965630647846896,0.447457909951575,-1.8965630647846878,-1.570822682586223,0.7087440502824385,0.002602854751927379,0.1121665636727723,0.6326366837099562,-0.029130062125826268,-0.2141406529259019,-0.2817775546904799,-0.05173496894241746
A2916,2021,1.4740033853696457,-1.3824001775750019,-1.097309965105856,-0.23204633739554986,-0.016461806161481584,1.8965630647846896,0.6329339481863312,-1.8965630647846878,-1.570822682586223,-0.1870840978638822,-0.3576432259467943,-0.31613129950460694,-0.4189069829054441,-0.026687720323809498,-0.12677058083369158,-0.13629264749806466,0.08661838855292774
A2918,2021,2.203966353833863,-2.060078048960757,-0.8912273156313324,-0.6975408312664965,-0.016461806161481584,1.8965630647846896,0.8256303322038786,-1.8965630647846878,-1.570822682586223,-0.3175672311340524,-0.29800104419049867,-0.2916188341666816,-0.2764777524454559,-0.0877005573777436,-0.2736399594502895,-0.11157025658279454,0.020241350295825355
A2920,2021,1.278373890600897,-1.2007830879290784,-1.2128520601374788,0.20952351152062368,-0.016461806161481584,1.452103276707899,0.3202142750004955,-1.4521032767078974,-1.570822682586223,0.8951067316570975,0.3296315050674207,0.508349038965923,0.3097920189274358,-0.012692739617069407,-0.06894048715944588,-0.10644569147216332,0.14636343863728926
A2952,2021,-0.1635788444233733,0.13788652041222335,0.17459758658359315,0.4207107907602346,-0.016461806161481584,-1.9462662265084585,-2.8932665230440193,1.9462662265084603,-1.570822682586223,1.4211351478449084,0.7588599998788298,1.0821818794135414,1.185249184162189,0.8963787393772552,0.915280717931384,0.7157514137684706,1.1030417098857848
A2972,2021,-1.0280472809930006,0.23943609066108898,-0.4846433795540183,0.5072851579997688,-0.016461806161481584,-0.012366755354110203,-1.1273465343603535,0.012366755354111091,-1.570822682586223,0.2605374131301976,-0.09873447714595907,-0.08014376119737433,-0.07433178244800653,-0.8910255241148161,-0.8590188990555223,-0.7485133144562106,-0.5404058305973503
A2973,2021,-1.0280472809930006,1.0855793127004258,6.2920606563101975,0.7331935268342392,-0.016461806161481584,-0.4093842065013546,-1.4059494246651494,0.4093842065013564,-1.570822682586223,1.4334227971663163,1.0648781225259931,1.544342600063427,2.983518473612075,-0.6295814501595738,-0.760527420106349,-0.8342257319216765,-0.370718466784392
A2975,2021,-0.13491112961609406,0.11127219553114137,-0.9067145010835037,-0.5681331017757725,-0.016461806161481584,1.604418147902754,0.5234501655744225,-1.6044181479027526,-1.570822682586223,-1.4854790428257902,-0.8359665407626193,-0.8384415996135636,-0.8622094864315418,-0.1332530288148493,-0.22952767381752376,-0.2168280423621381,-0.043523522707155995
A3004,2021,0.12007934811908431,-0.12545401238771056,0.18020260795461765,0.3464900046521282,-0.016461806161481584,-0.5791778334070946,-1.570267154461679,0.5791778334070964,-1.570822682586223,1.306742983924199,0.8925861988734235,0.6726467611428053,0.3993172349738348,0.17780396342906737,-0.002328910029541462,0.14391361377684472,0.5397046264589379
A3012,2021,-1.0280472809930006,1.329740391541217,-0.5528467152712785,0.7824718844891762,-0.016461806161481584,-1.4768367874161175,-2.438976328900679,1.4768367874161197,-1.570822682586223,0.36980972316698635,-0.20982639433073835,0.08268627550131917,-0.0333118714412246,-0.26407837389458166,-0.32501352116370297,-0.062205028963417154,0.00545323517175294
A3016,2021,-0.2318970098026247,0.20131124264439793,-0.5732025485762076,0.13363514594967893,-0.016461806161481584,1.2198855222632838,0.17077585022065492,-1.2198855222632823,-1.570822682586223,-0.711064572498126,-0.5232700270626844,-0.5358410682964104,-0.6469244974988733,-0.17572252190436283,-0.2227711256775812,-0.13462585818114114,-0.019985391363175994
A3021,2021,0.9522183869525043,-0.8979892100701032,-0.7678826514372812,0.3027878078818514,-0.016461806161481584,0.7579469784756081,-0.27626503231401867,-0.757946978475607,-1.570822682586223,1.1116034101771084,0.2600578172822909,0.49369199032623595,0.7958752048761225,0.17366379794650158,0.0708930501542917,0.037143355567262254,0.13320857455167878
A3029,2021,0.1142740730320584,-0.12006455326169305,-0.18085960719941216,-1.5109522430815623,-0.016461806161481584,1.5831939445395362,0.5223674632411677,-1.5831939445395338,-1.570822682586223,-1.5460396001955772,-0.8304739811926325,-0.834737542273032,-0.8804542869798152,-0.013241003839214619,-0.2660629525716293,-0.15182730712745818,0.050166500630637156
A3030,2021,-0.3185452352191982,0.28175309289680645,0.11792056584476436,-0.8247380805640482,-0.016461806161481584,-1.3045461954088229,-2.272242161901263,1.3045461954088247,-1.570822682586223,-1.5457470371164965,-0.8968278207886601,-0.8557857615951524,-0.8500297258062751,-0.0429124200596654,-0.16478983954017656,-0.11960397517283224,-0.03424615283973819
A3047,2021,1.817085070110612,-1.7009077289703314,-0.8451849195147999,-0.719944636017139,-0.016461806161481584,1.6006727002504213,0.5392825236613985,-1.60067270025042,-1.570822682586223,-0.28099684624891286,-0.3363210420266942,-0.3473908518248671,-0.2812165387654944,0.0177555835819555,-0.032788364356098935,-0.02411615340514006,0.10044737324105926
A3053,2021,0.141142552233164,-0.1450084608745669,-0.5457087102276712,-0.6722610751527214,-0.016461806161481584,-0.2133724460292878,-1.4074060163056794,0.21337244602928868,-1.570822682586223,-1.2812700136271857,-0.7607786600286592,-0.7508336600205219,-0.774296711587232,0.042388926610248935,0.034271134357758054,-0.034413479036278845,0.07993447591141056
A3073,2021,-1.0280472809930006,0.44158730241889216,-0.7330691877907568,0.5790110314410009,-0.016461806161481584,1.5557273284224313,0.30835088127550836,-1.55572732842243,-1.570822682586223,1.3629150951077722,0.880651769495249,0.975665665178363,0.7162844991588214,0.3588311368351347,0.20734927119610505,0.15520359097905734,0.4360910427370133
A3094,2021,-0.688473611423938,0.6251846615434198,-0.8477530825683478,0.5207635559712386,-0.016461806161481584,-0.1884027950137374,-1.3837016849797106,0.18840279501373874,-1.570822682586223,-0.474088478442437,-0.42982128427959193,-0.4443767871350877,-0.2362989365697942,0.01865492557169668,-0.10121940673628087,0.02655249677304418,0.03468425489763236
A3103,2021,0.5603132501397207,-0.5341551652632998,-0.16100609442691846,0.4893375310575608,-0.016461806161481584,0.1312087379853031,-0.8827907702394355,-0.13120873798530133,-1.570822682586223,1.7277412547218967,2.95749113009716,3.355199470514443,2.9231992819296035,0.2851304336792857,0.1744497753778755,0.2193009512646415,0.46251109799436935
A3105,2021,-1.0280472809930006,1.8549128231715524,0.7412090576789628,0.8760068716241141,-0.016461806161481584,-0.6241232052350846,-1.7064347867008143,0.6241232052350868,-1.570822682586223,1.5539587857477257,1.5812170601783555,1.8172676577029372,1.207593777786605,-0.1766138371267955,-0.23993546000880028,-0.1994842664897008,0.07090897713398549
A3151,2021,0.22947097283086276,-0.22701021450987674,-0.24704842673691277,0.2724783133559591,-0.016461806161481584,1.3272550216301489,0.22962485491940007,-1.3272550216301475,-1.570822682586223,0.776326121550171,0.5820129932749555,0.2566608870864485,-0.08881568697025635,0.267206411918413,0.25479387861694,0.1911171312137771,0.40222875800721575
A3195,2021,-1.0280472809930006,1.122071114484031,-0.8452959923443887,0.7003762065867063,-0.016461806161481584,0.06753612789564993,-0.9444099189131389,-0.06753612789564882,-1.570822682586223,1.2391609126564667,0.8272324173103691,0.5669548179764194,0.4670897216659802,0.19031226232155965,0.021646428663129016,0.033387806975572795,0.3916549862867739
A3218,2021,-1.0280472809930006,0.7320694825425252,-0.6888795023209875,0.6256357908683527,-0.016461806161481584,1.254843033685054,-0.15412838868741857,-1.2548430336850522,-1.570822682586223,1.074447899133808,0.4110509563547771,0.4311094126003358,0.7161551232052793,0.034426802298309314,-0.14771456439441494,-0.05715601819630837,0.006120741744498387
A3224,2021,0.01001550005395037,-0.02327373643060061,-0.7209818816743121,0.0174400264742996,-0.016461806161481584,1.7267694378789495,0.4344205277222908,-1.7267694378789478,-1.570822682586223,-0.6022311070799596,-0.4953760112308196,-0.459934835484703,-0.6284732662434702,0.0477951807686358,-0.001139005006417962,0.20479610315022626,0.28717525052656534
A3228,2021,-1.0280472809930006,0.8169008861493172,0.01402627189740896,0.643380814052891,-0.016461806161481584,-1.1384980161554155,-2.1115490879090624,1.1384980161554168,-1.570822682586223,1.4828659575310208,0.9481656710166211,1.1578776768387022,0.8522869692293983,-0.18916591972950844,-0.3642792593424132,-0.16063622879159664,0.11375995742611146
A3229,2021,-0.25661090005993625,0.22425494460338638,-0.6606887494478336,-0.520534960423365,-0.016461806161481584,1.887823686929248,0.4392651004370369,-1.8878236869292462,-1.570822682586223,-1.598700954430175,-0.8907751827392941,-0.8986926846203257,-0.8553346656330448,-0.3438987059335182,-0.544428380495243,-0.4434025699007238,-0.3922738873469603
A3235,2021,0.525245497860272,-0.5015992200723853,-0.44160208249715566,0.1942952910476705,-0.016461806161481584,0.9052679194673541,-0.1520365510731145,-0.905267919467352,-1.570822682586223,0.777203810787416,0.10861941654793066,0.2950615014079967,-0.0003788499620512654,0.2486998358953813,0.15671977212152563,0.0934705312454549,0.3358912490510116
A3236,2021,0.5180310561875912,-0.49490160909116465,-0.9544400819075228,-0.5725429445053397,-0.016461806161481584,0.678044095225848,-0.4240409482982695,-0.6780440952258455,-1.570822682586223,-1.173899363604422,-0.7426043957168192,-0.7092519805941243,-0.6647749376686295,-0.16153539628376926,-0.24124921447242054,-0.11939922331782368,0.055801555932109184
A3247,2021,-1.0280472809930006,0.6302563416355514,-0.4968135505431724,0.5790372028193774,-0.016461806161481584,1.0163828664865517,-0.02616378181488998,-1.0163828664865495,-1.570822682586223,0.8658504237489877,0.3175483258000976,0.2442124390204173,0.5597100166890523,0.39768359330339415,0.018697086992468578,0.2004212593138719,0.15739185196552818
A3250,2021,0.5306558146957301,-0.5066220107250922,-1.105172034778835,-2.0048497259755025,-0.016461806161481584,0.9589526691507857,-0.1001688210448219,-0.9589526691507834,-1.570822682586223,-1.642000290134177,-0.907430837212929,-0.8886363443934195,-0.8931301974420824,-0.19484492242833565,-0.1760688062131771,-0.11982716951992191,-0.0862561387457023
A3253,2021,0.7308411849027386,-0.6924686509245465,0.9702442250034137,0.01814306289448913,-0.016461806161481584,0.5581897703512086,-0.46958000854522713,-0.5581897703512066,-1.570822682586223,0.8544404636648246,0.3241142823251035,0.43380511860793264,0.2266803523480897,-0.10420846624628562,-0.027251741207817072,-0.16840244090861534,-0.07765669252026977
A3266,2021,-1.0280472809930006,2.2219864360356247,3.052900053932079,1.0902657315538782,-0.016461806161481584,-0.44434171792312477,-1.4397795455056142,0.44434171792312654,-1.570822682586223,1.6288549339924872,1.426468104349415,2.0963556143228477,2.675532062698077,0.06803807147331517,-0.11177558945374824,0.11822851418139992,0.2791597111939878
A3272,2021,0.34101227266608575,-0.3305621164116991,-0.22768282381206198,0.2804059622296885,-0.016461806161481584,0.8778013033502492,-0.5075895991718079,-0.877801303350247,-1.570822682586223,0.49809863334404786,0.008053934930665705,-0.10972139776109478,0.22233310848026733,-0.08745981339022228,-0.1683595250797986,-0.1134382498596954,0.0839301879720819
A3273,2021,-0.04077908597110703,0.023882572461089692,-0.685705070008172,-0.2071129549860936,-0.016461806161481584,1.576951531785649,0.34742360574475134,-1.5769515317856475,-1.570822682586223,-1.0700394705306342,-0.7075276708554761,-0.668222239475445,-0.7716717941212914,0.04781997387963682,-0.15303984179964372,0.03640015720705003,0.0860600914885002
A3274,2021,1.5020272451477368,-1.408416764999913,-0.7575364953653102,-0.3641975040670724,-0.016461806161481584,0.6256078280931927,-0.42223123773213084,-0.6256078280931918,-1.570822682586223,-0.10867719267014794,-0.3044587213629389,-0.18115170382526508,-0.1901128847670048,0.10985272130333396,0.20553583095132896,0.011080362773397575,0.18671384001474273
A3280,2021,0.49848099112879973,-0.47675178168317556,-0.5787117273402089,-0.023410663967001016,-0.016461806161481584,-0.47180833404022965,-1.7727934684884459,0.4718083340402314,-1.570822682586223,-0.28684810783053644,-0.32296463195978287,-0.270534211024609,-0.40704895457198004,-0.10812067194089246,-0.23742378756845972,-0.13135964415644608,-0.03637189993152099
A3281,2021,-0.37540224227868996,0.33453758820171486,-0.860286184205881,0.2366543920147171,-0.016461806161481584,1.8953145822339115,0.6510991720868925,-1.8953145822339097,-1.570822682586223,-0.9673498297731683,-0.6155471621387191,-0.664347183068003,-0.5981017491729776,0.06574969492812618,-0.11615758233184288,0.01727386412944569,0.1942192392568721
A3283,2021,0.030922561160884935,-0.04268328198905241,-0.36117703478888136,-1.0644197760165486,-0.016461806161481584,1.1374856739119692,-0.2641461164540828,-1.1374856739119672,-1.570822682586223,-1.3971249929432987,-0.8318057220310873,-0.7721754188894902,-0.859699529324609,-0.018420827536484722,-0.03442775342643612,-0.051190957002340096,0.14916514921976637
A3287,2021,-1.0280472809930006,2.1336981177941063,0.34630961551047124,1.3015068727331558,-0.016461806161481584,0.995158663123334,-0.0836121583846169,-0.9951586631233321,-1.570822682586223,-0.18883947633836862,-0.3460199334018307,-0.330844448583301,-0.518599908378618,-0.03820943328791645,-0.15568912835431636,0.03405210263171755,-0.003913792148489637
A3289,2021,0.3958539566903466,-0.38147564075291057,-0.815956481673122,-1.0169875018168073,-0.016461806161481584,0.7679348388818279,-0.407711533195903,-0.7679348388818257,-1.570822682586223,-1.3558735987928636,-0.7701997470252377,-0.7633497782887484,-0.8493154843098603,-0.13934369599561433,-0.17973431136697843,-0.12125565293393498,0.004651127127648854
A3299,2021,1.157052897977564,-1.088152197151899,-0.9795195577762417,0.003644740757790076,-0.016461806161481584,1.6943088915587339,0.6298989187697781,-1.6943088915587325,-1.570822682586223,-0.6654247321614746,-0.5600847598892278,-0.6091725064029616,-0.5129914314015217,-0.8927901859810393,-1.2285231245375643,-1.023028545424004,-0.44509710544670705
A3302,2021,0.6004820353232515,-0.5714467703368031,-1.1420005801042923,-0.2151329978024822,-0.016461806161481584,0.015099860762996449,-0.9951551001738304,-0.015099860762993788,-1.570822682586223,-0.6490411997329332,-0.3236171356796942,-0.39939270268242305,-0.6191637916040733,0.0583558300065432,0.1638210650223138,-0.027438296985400176,0.14945875619943783
A3317,2021,-0.21256709341041044,0.18336587524260162,-0.4213603922459527,-0.17416816148134925,-0.016461806161481584,0.27228726622316013,-0.8812153950223278,-0.272287266223159,-1.570822682586223,-0.86904863520192,-0.6087620484845814,-0.5652924487337769,-0.713314745299003,0.2560754790780951,0.3265067962176922,0.44059760183845637,0.42263868817673794
A3318,2021,0.07338542024865805,-0.08210464273367095,-0.6686906057496018,-0.16153180516667065,-0.016461806161481584,1.0088919711818864,-0.09562946749156596,-1.0088919711818847,-1.570822682586223,-1.050730307311281,-0.7244923500391129,-0.6525491547596293,-0.6901759711765136,-0.2172393337567542,-0.27148106940634176,-0.23968597689366153,-0.1978270764125723
A3319,2021,1.9361052754772061,-1.8114029744202476,-1.3114576344229838,-0.03853122961438938,-0.016461806161481584,1.7167815774727297,0.27892011422391916,-1.7167815774727277,-1.570822682586223,0.3091028842576574,-0.05394992299980104,-0.1328951410088392,0.19991087229207807,0.04039528738830626,0.178966791152562,-0.05986988096906906,0.1298349257024949
A3320,2021,-1.0280472809930006,0.6098797494591583,0.13372651065630933,0.49701037152440486,-0.016461806161481584,1.208649179306286,0.013313311198881083,-1.2086491793062837,-1.570822682586223,0.20992400044916773,0.04363689197945219,-0.09432829350017706,-0.2382220170552718,-0.051440922647575035,-0.17018733152433466,0.0878732274202998,0.35146707170932323
A3323,2021,0.3036289774382669,-0.2958564165840688,-0.802952396199662,-0.5945751018722811,-0.016461806161481584,0.5057535032185534,-0.5203251898059201,-0.5057535032185516,-1.570822682586223,-1.1282595232677706,-0.6993597121323404,-0.6678120896036387,-0.7333540411535978,0.16500249020476093,0.13363546168422571,0.042778277213835494,0.07485718939029819
A3324,2021,0.197932444955493,-0.19773070504116183,-0.7286753364589218,0.3642016748663343,-0.016461806161481584,1.4945516834343344,0.21397024639075782,-1.4945516834343324,-1.570822682586223,1.1253538748939187,0.8171918098085048,0.49977663279757817,0.37900469806626635,0.25926482410293356,0.41059541902051455,0.3846505516369469,0.49150570590731735
A3325,2021,-0.3612968672579974,0.3214425425765614,-1.0584259193929393,-0.24098472628325762,-0.016461806161481584,1.5757030492348727,0.4390550283982026,-1.5757030492348714,-1.570822682586223,-1.6165473022541217,-0.8901592412916289,-0.8739017573025964,-0.8869628571634935,-0.3325850115293205,-0.39187495800689615,-0.47271321481526213,-0.31092780928959834
A3327,2021,0.12569659327319568,-0.13066894723783226,0.5170452859156357,-1.3011470059707868,-0.016461806161481584,0.05380281983709749,-0.9577003235290359,-0.05380281983709638,-1.570822682586223,-1.2973609829766433,-0.8195785247996035,-0.7591891248461277,-0.7658193573912356,0.04370381618996936,0.0009309457947355423,0.1056148714669448,0.21566579683970236
A3336,2021,-1.0280472809930006,0.8634851423295109,-0.3519939117823404,0.6261883591263192,-0.016461806161481584,1.176188632986072,-0.22786367431826798,-1.1761886329860698,-1.570822682586223,-0.22599498738166893,-0.441473615457348,-0.3562190631292407,-0.4299130920304527,-0.056058551030545224,-0.08999122556157445,-0.20041721669901502,-0.024801263343136027
A3361,2021,0.6792631616390683,-0.6445850202587785,-0.587568498212956,0.4662768868580584,-0.016461806161481584,-1.1447404289093026,-2.1175901809162894,1.1447404289093044,-1.570822682586223,1.6142267800384325,1.8304611074065946,2.270712495277301,1.4911678435034368,-0.3203581855278192,-0.34906008332630756,-0.40741416832162874,-0.34288909576256366
A3365,2021,0.3491901413093459,-0.33815422671311984,-0.25048992213520016,-0.23414343130034662,-0.016461806161481584,1.1012796799394209,0.054827396175310676,-1.1012796799394196,-1.570822682586223,-0.31464160034324057,-0.3561358971731154,-0.3209072090123333,-0.31724689588403465,0.04320524362530182,0.04888281478946408,0.22979529561320994,0.3213091098749531
A3367,2021,1.384489272567833,-1.2992977156046348,0.543951830266613,0.004038692508814658,-0.016461806161481584,1.503291061289776,0.36943115267025206,-1.5032910612897739,-1.570822682586223,1.2145856140136546,0.7770875917554249,0.8930064700569941,0.8564572802919445,-0.12069205433414971,-0.1663356490404459,-0.2318478988560073,0.4164393809025322
A3378,2021,-1.0280472809930006,0.4076170345886703,-0.2687815886812259,0.5116641336946808,-0.016461806161481584,0.3347113937620352,-0.8215801479409116,-0.33471139376203407,-1.570822682586223,0.7488251921165471,0.22904984765115427,0.27514982419542144,0.03377757637632316,-0.3099160510884004,-0.374068032133575,-0.2334139623024699,-0.12331677625179413
A3379,2021,0.7341690200311896,-0.695558122333575,-0.3853199613384058,0.18168855879980866,-0.016461806161481584,-0.5816747985086491,-1.572683591664565,0.5816747985086518,-1.570822682586223,-0.1314971128384737,-0.3396060586824338,-0.3998093665364824,-0.31983629693350063,-0.8373323757964882,-0.7957740725211894,-0.9074346953766762,-0.6396376753309065
A3380,2021,-0.5579709193438352,0.5040293707587028,-0.9419498818605693,0.21327023090836983,-0.016461806161481584,1.8740903788706937,0.7641731661248593,-1.874090378870692,-1.570822682586223,-1.1873572652421516,-0.7458094294107858,-0.73737425900476,-0.7800503344930482,0.03607136993507072,-0.0809762657881872,0.13438329154040993,0.3481812898142501
A3388,2021,-1.0280472809930006,1.1023248132754184,-0.4260226756597256,0.6982267008713876,-0.016461806161481584,-0.7202563616449517,-1.9498631839836098,0.7202563616449543,-1.570822682586223,1.3564787073679878,0.8064952719419085,0.8483454134418049,0.4804686678259629,0.0034619029409672128,-0.11310121820144059,-0.14796097634081462,0.17091584799050777
A3391,2021,0.29187578975618617,-0.2849451452485235,-1.1075095672433175,0.33902439454546374,-0.016461806161481584,1.2785642021498262,0.22756212448857274,-1.278564202149825,-1.570822682586223,-0.2526182275780477,-0.2805329247509467,-0.3781768214487688,-0.3935997714436021,-0.5612730310167479,-0.7087343763358873,-0.8384962157140474,-0.5881957138668392
A3397,2021,-1.0280472809930006,1.3627679287233563,-0.030196841248416564,0.9952409784107714,-0.016461806161481584,1.6181514559613064,0.5561975840816294,-1.618151455961305,-1.570822682586223,-0.7034579324420163,-0.5329181650357254,-0.6016220372499994,-0.6959115586612231,-0.013139901717517704,-0.26498596886534925,-0.05035407177800792,0.02426546655174166
A3442,2021,-0.5718196296382781,0.5168861358492605,-0.31265536261231147,0.4236104966198357,-0.016461806161481584,0.6930258858351785,-0.3390923995891613,-0.6930258858351768,-1.570822682586223,-0.5527879467152517,-0.3638567180523942,-0.387285071996768,-0.5074882322584157,-0.23342382166638234,-0.2639833258649071,-0.15578711491419778,-0.04113067004319777
A3452,2021,-0.10890626675616862,0.08712998980268544,0.1047852160626782,0.2404673339667459,-0.016461806161481584,-0.5966565891179797,-1.5871822148819057,0.5966565891179815,-1.570822682586223,0.2072909327374366,-0.18600573788910385,-0.10240599741708531,-0.1019097228891453,0.08164582194936257,0.014528237311546165,-0.009063315547106815,0.06132368161637843
A3454,2021,-0.05540944153021307,0.03746499570596312,-0.3844248994090893,-1.3543571471138636,-0.016461806161481584,0.7204925019522834,-0.3125115903573699,-0.7204925019522819,-1.570822682586223,-1.523804806185414,-0.862421334335039,-0.842490174481138,-0.8718029422499255,0.11599289124907142,0.07840897916145957,0.10004462288698829,0.18930620802487763
A3457,2021,0.15946866651929523,-0.16202198174958682,-0.36316447863279516,0.46210817988915337,-0.016461806161481584,1.8965630647846896,0.447457909951575,-1.8965630647846878,-1.570822682586223,-0.6768346922456374,-0.6033729393897596,-0.5150490519250389,-0.4319979418904532,-1.5842150725859547,-1.6195904487793886,-1.5129903133373237,-1.4506953067540271
A3458,2021,2.29235528321417,-2.1421354334608216,-0.8704285569059173,0.03304224215909313,-0.016461806161481584,1.5345031250592136,0.4752469377848101,-1.5345031250592114,-1.570822682586223,-1.3169627092750769,-0.7827921360774883,-0.7686017025714734,-0.7646255389202727,-1.6559383505341978,-1.790747477286388,-1.7699893593621219,-1.5535946097775455
A3466,2021,1.6383023971622803,-1.5349309009649106,-1.055963152515635,-0.04269171918480674,-0.016461806161481584,0.12246936012986145,-0.891248300449549,-0.1224693601298588,-1.570822682586223,0.512141661139942,0.9811126996535419,0.39049779262224055,-0.03396503861533907,-0.004718034641417321,0.045676308174900246,0.04543711891838582,0.1639759239329794
A3470,2021,-0.12059288458204574,0.09797956397484234,-0.8006552682477405,-0.9148212769578001,-0.016461806161481584,1.0800554765762032,-0.10953529778883224,-1.080055476576201,-1.570822682586223,-1.5472098525119014,-0.8383146354994563,-0.8442279888663525,-0.902079612470171,-0.04746891808381403,-0.05532361780632456,-0.04152907523457996,0.09232671084154277
A3473,2021,0.6357259851174033,-0.6041662924968298,0.21714300339478454,-1.1458529520611167,-0.016461806161481584,1.3322489518332596,0.059892092771944676,-1.3322489518332574,-1.570822682586223,-1.113338806234635,-0.7134252010837983,-0.6648076034186264,-0.7180199370070199,-0.10157243684839166,-0.28298006178468676,-0.2565721670718375,-0.06199917457112493
A3476,2021,-0.32805150017199464,0.29057845011694755,-0.2184994998514898,0.28375085773676645,-0.016461806161481584,0.0999966742158656,-0.9129962352755714,-0.09999667421586382,-1.570822682586223,-0.11014000806555371,-0.12108346167945663,-0.09481095679407778,-0.4974204047955562,-0.08252558684201552,-0.07548452815096379,-0.08673792311046204,0.09105041482107983
A3477,2021,1.2744010880194026,-1.1970948463198992,-0.8568019122939082,-0.38574393722424927,-0.016461806161481584,0.00011807015366587005,-1.009653723391171,-0.00011807015366387408,-1.570822682586223,0.047258928480075624,0.18342038293789434,-0.20947761535349757,-0.45411786413648325,0.241086779177976,0.1414662917513527,0.32659571182766345,0.5098564261945954
A3486,2021,0.4938967798675704,-0.4724959249240978,-0.4980732633805663,0.09324262726439025,-0.016461806161481584,0.5194868112771058,-0.5070347851900251,-0.5194868112771043,-1.570822682586223,-0.1622162361419896,-0.04689921680454804,-0.17237118166613363,-0.4239331739995588,-0.4944627247916809,-0.4475740489684176,-0.5063671952289422,-0.3659717414490491
A3504,2021,-0.3070049580087874,0.27103937859882327,-0.8268497420193005,-0.6336584301548223,-0.016461806161481584,1.8965630647846896,0.7475608225720441,-1.8965630647846878,-1.570822682586223,-1.5729554034710382,-0.8755250193685681,-0.8597002517660923,-0.8732993495557507,0.10573143202244376,0.0442238526860784,0.09065661572617004,0.22196726484851706
A3507,2021,-0.09740313354738722,0.07645079453278084,-1.2638522554680027,0.5254369078825604,-0.016461806161481584,1.7517390888945,0.5141474460894574,-1.7517390888944977,-1.570822682586223,0.8038270509837945,0.44142766664726824,0.2113638292741334,0.4585545696229186,-0.12520869173383756,-0.15845665647716062,-0.16470007310929233,0.03737453214075233
A3509,2021,0.14034672338252022,-0.14426948414350405,-1.0299038898148865,0.3046020575496286,-0.016461806161481584,1.8965630647846896,0.8256303322038786,-1.8965630647846878,-1.570822682586223,0.2140198835563014,-0.301545802622814,-0.2003627963014407,-0.09421775454179025,0.5121706881960446,0.30279763964321416,0.4369338398907312,0.4711491662236892
A3521,2021,-0.4684302123338791,0.4209022194505126,-0.029775886274657264,-0.07079370282958532,-0.016461806161481584,0.7579469784756081,-0.27626503231401867,-0.757946978475607,-1.570822682586223,-1.3819117128310814,-0.8410115701058822,-0.8117440769831084,-0.7913706944588162,0.028784521138295483,-0.09962368327436644,-0.04416137026356757,0.00716894926785942
A3527,2021,-0.32024595131367567,0.28333199135359644,0.09991766090936545,-0.104004905774374,-0.016461806161481584,-0.7464744952112802,-1.7937106414980868,0.746474495211282,-1.570822682586223,1.1089703424653772,0.8241440144821721,0.5620782518905342,0.07307736320940961,7.310698607953036,5.89912153431585,7.220953575551236,6.227201342325083
A3531,2021,-1.0280472809930006,0.863242352522939,1.489104239577838,0.6388461221093269,-0.016461806161481584,0.8827952335533582,-0.22717343761924166,-0.8827952335533571,-1.570822682586223,1.2745610452252807,0.6666155504961936,1.1915430054644247,0.29388075170787586,-0.10646692822813604,-0.09901381191905619,0.05458345080366618,0.11023172124216916
A3539,2021,1.7731591455120033,-1.6601282296363433,0.06280679046976548,-0.840245968800656,-0.016461806161481584,1.7554845365468326,0.46168050874715827,-1.7554845365468303,-1.570822682586223,0.2110942527654896,-0.188990741040997,-0.06778838972679471,0.04827983373546761,0.3426134125977058,0.30451022336594274,0.28264800887978847,0.4869612916886135
A3547,2021,-0.2975785325300319,0.26228817771937357,-0.705043814933469,-0.19021169980256664,-0.016461806161481584,0.5856563864683135,-0.6488674138745971,-0.5856563864683118,-1.570822682586223,-1.3245693493311865,-0.7771192769700477,-0.7448675160812748,-0.8450649506410017,-0.17741555343370108,-0.2465181639801621,-0.22522522188072056,-0.09083639617882429
A3548,2021,-0.3237621724779487,0.2865962296803295,0.33955647329209265,0.3069778524653167,-0.016461806161481584,1.1237523658534168,0.07774301790938576,-1.1237523658534145,-1.570822682586223,0.14117167686511004,-0.2310550689148158,-0.18618723171965287,0.002134007807400353,0.3194385415867192,0.0877835145382916,0.09059349999108829,0.32460488520538977
A3549,2021,1.3665478152442538,-1.282641355749661,-0.2718595018761686,-0.9569257766792679,-0.016461806161481584,-2.881379657040807,-3.798222255526371,2.881379657040809,-1.570822682586223,-0.3257589973483229,-0.46724917801050647,-0.4092840788289015,-0.34016929032639315,0.49160361889095566,0.2900831793031954,0.32953792652305275,0.4716936771770905
A3554,2021,-0.18829819980567794,0.1608351460821088,-0.8172288238596187,0.3076324131398061,-0.016461806161481584,1.000152593326443,-0.04187062363367705,-1.0001525933264408,-1.570822682586223,-0.4620933922001132,-0.1320492376221311,-0.42278519305662554,-0.5043329503813826,-0.19485900562880495,-0.36962538058855177,-0.19857064082064407,-0.0977311734613133
A3555,2021,-1.0280472809930006,1.680719591159028,-0.9641232578841411,0.8714367550971537,-0.016461806161481584,1.8965630647846896,0.7095148547109487,-1.8965630647846878,-1.570822682586223,0.36322705388766363,0.01974457489061936,-0.12707896163610868,-0.12557570696001086,-0.09723038572113153,-0.15688810740136852,-0.10124285533263389,-0.11017244761318215
A3557,2021,1.804237897075982,-1.688980895312093,-0.42684954344027204,-0.17762513125519544,-0.016461806161481584,1.7817026701131593,0.4865700566394274,-1.7817026701131575,-1.570822682586223,1.1587060659091657,0.5242443126055587,0.5700837549139055,0.8947468915912841,0.6581616152960044,0.48731951671247237,0.6217894451320053,0.7112606483972058
A3560,2021,-0.014765113239388719,-0.0002680906239832795,-0.49801419786207063,-0.6185820589194682,-0.016461806161481584,1.0038980409787757,-0.12899412136599553,-1.0038980409787734,-1.570822682586223,-1.2958981675812409,-0.7756218863717593,-0.7235597707708716,-0.8256055823124996,-0.10401786256487601,-0.08779493593530115,-0.2203002207186794,-0.12166862592110114
A3562,2021,-1.0280472809930006,1.0326393222181889,-0.7249658967776481,0.6823993008465256,-0.016461806161481584,1.0813039591269813,-0.17833643705406743,-1.0813039591269795,-1.570822682586223,1.5083189454110741,1.1036635396431882,1.3278961324116851,1.135137217977177,0.45945355441694996,0.4535015231468992,0.22614745770088251,0.5317429930258221
A3563,2021,-1.0280472809930006,0.920910823723788,-0.4885816540179996,0.6442004132348211,-0.016461806161481584,0.480783852203003,-0.5444895618348218,-0.4807838522030017,-1.570822682586223,-1.167755538943718,-0.6573714530795113,-0.6829023002955374,-0.7917941561831393,-0.13203643905099688,-0.23438902069921094,-0.10174900156275249,-0.04666987569757427
A3566,2021,-0.2576378811195059,0.22520836582129125,-0.22856459035851062,-1.490351432234382,-0.016461806161481584,0.6218623804408618,-0.47805947256995274,-0.6218623804408592,-1.570822682586223,-1.614206797621473,-0.8880699146725499,-0.887069079593005,-0.9046607306656411,-0.06683195397306213,-0.15921294853947565,0.032173903884470376,0.06770465074001661
A3576,2021,-1.0280472809930006,2.573046328056673,0.46565063586250904,1.1533319171182939,-0.016461806161481584,0.785413594592713,-0.2496842230822273,-0.7854135945927108,-1.570822682586223,1.3283926517761995,0.8867516375997267,0.5476948673411404,0.6434395837153684,0.41810081794007087,0.19937163055310606,0.4881563354679706,0.23837867831153436
A3578,2021,-1.0280472809930006,0.7022018378357997,-0.04457013102515111,0.5770334696100032,-0.016461806161481584,1.525763747203772,0.4667894075746956,-1.52576374720377,-1.570822682586223,0.0601317039596444,-0.1616064135088539,-0.16425827948902816,-0.45026347584183346,-0.24960423146092553,-0.43961914348653314,-0.33863680815387925,-0.09360149808788494
A3579,2021,0.7192049837030438,-0.6816659189596087,-0.8699995465044922,0.11391269904168055,-0.016461806161481584,-0.7976622797931573,-1.7817054097145597,0.7976622797931591,-1.570822682586223,0.39160567255852885,-0.05313465649210092,0.005170757718465614,-0.08655201849193675,-0.10898761593445647,-0.10204363717221177,-0.07971242810306749,0.192877625942363
A3580,2021,-0.2632924360262508,0.23045790044090494,-0.4479598069884285,-2.7054142974569384,-0.016461806161481584,0.6543229267610757,-0.376547176233958,-0.6543229267610744,-1.570822682586223,-1.7338650969656417,-0.9793856246135973,-0.9807627981021367,-0.9953281165542167,-0.7138068400978874,-0.8177572603786171,-0.743476979618013,-0.5738625713695505
A3588,2021,-1.0280472809930006,1.177108041571307,0.039194248645119015,0.939968132139762,-0.016461806161481584,0.42834758507034776,-0.7321272773187993,-0.42834758507034665,-1.570822682586223,-1.1698034804972848,-0.7138404276334422,-0.6925096579893858,-0.7062604367271494,-0.1397621851354445,-0.22960605121015948,-0.252980249549896,-0.02638134021802608
A3591,2021,0.16679885354933777,-0.16882712755099227,-0.19570960022177492,-0.054068741917813926,-0.016461806161481584,1.8353874197965927,0.5375343689902664,-1.835387419796591,-1.570822682586223,-0.48198768157762717,-0.5853559302663587,-0.5323679480331206,-0.40352161948899773,0.1163038832908694,0.008305660374602475,0.03871305953599168,0.23278584862480792
A3596,2021,1.777405600270653,-1.6640705224664236,-0.11232864677199415,0.07034536428187721,-0.016461806161481584,0.13994811584074654,-0.8743332400293221,-0.13994811584074388,-1.570822682586223,1.532601680974806,1.1287778434845326,1.4518938376234052,1.1044834698354817,0.45819824795117897,0.35539703972013054,0.20031604319388258,0.5814913326130331
A3597,2021,-1.0280472809930006,2.607405233006294,2.0835546463646377,1.307016880107302,-0.016461806161481584,-0.3207419453961528,-1.6311749040228465,0.32074194539615414,-1.570822682586223,1.0814694130317566,0.16904020888632582,0.40677991275007874,0.6698626167897569,-0.19457403943855475,-0.34347298674412413,-0.09475878728044698,-0.06892890795892083
A3599,2021,-1.0280472809930006,2.0540915585381354,-0.20493803202661381,1.1595129199639047,-0.016461806161481584,0.447074823332011,-0.7825477707917567,-0.4470748233320092,-1.570822682586223,-0.04343562603506286,-0.2411862668391578,-0.18010325790207526,-0.3737412964392513,-0.17425877790307193,-0.16386004328206302,0.031024589817597155,-0.019576815284067607
A3602,2021,-0.060830810175737465,0.042498046557838516,-0.6912287549239752,0.046694517520410386,-0.016461806161481584,-0.9549710811911231,-1.9941793871285711,0.9549710811911244,-1.570822682586223,1.5671241243063752,1.3748320130038645,1.7503622908094862,1.4109768973440213,8.62749214968591,8.96475790289067,8.643472231869954,6.155649007671335
A3603,2021,0.21330902494618006,-0.21200590270456882,-0.691269270583435,-0.9243680986024365,-0.016461806161481584,1.8353874197965927,0.46276805049278935,-1.835387419796591,-1.570822682586223,-1.3558735987928636,-0.7646771606431678,-0.7920630424723472,-0.8484800656700359,-0.0982083070309983,-0.1730794345326034,-0.047401809692761115,0.04491950759685426
A3612,2021,-1.0280472809930006,0.677536060973063,0.10576713293038646,0.49878353419974386,-0.016461806161481584,0.6505774791087431,-0.3801718320382932,-0.6505774791087418,-1.570822682586223,0.26170766544652324,-0.12129109384779801,-0.15844697430413296,-0.21928100271581202,0.7633374696272524,0.6816128618069672,0.8485139956284764,0.8052942726007795
A3613,2021,0.9177570082814198,-0.865996205606094,-1.1611358304597252,0.34219983210389765,-0.016461806161481584,1.5345031250592136,0.306933530232465,-1.5345031250592114,-1.570822682586223,0.7368301058742233,0.2860754172036266,0.08679910316128284,0.22857855914781977,-0.16453876117751587,-0.2617160987936061,-0.3834527751895551,-0.14256783797699163
A3617,2021,-1.0280472809930006,1.149327183646658,-1.235622451784243,0.7121735596104211,-0.016461806161481584,1.8965630647846896,0.785849495444705,-1.8965630647846878,-1.570822682586223,0.20670580657927554,-0.14911074152862908,-0.2308200780002371,-0.006983943436200059,0.17312529737305682,-0.08477301849935705,-0.18141835276174498,0.11019995298824914
A3620,2021,-1.0280472809930006,2.4080848205396364,-0.13200449961961433,1.1382282696442625,-0.016461806161481584,-2.0236721446566643,-2.9681760763336196,2.0236721446566652,-1.570822682586223,1.3041099162124712,0.6986868672732742,0.5607685679503518,1.2864950973913114,1.2360245755123092,0.7985405512807036,1.2903747197843531,1.0450038843591742
A3621,2021,-1.0280472809930006,2.6665416615853954,-0.8772494164815038,1.2121553010198782,-0.016461806161481584,1.8965630647846896,0.7475608225720441,-1.8965630647846878,-1.570822682586223,-0.5562987036642243,-0.4025539357289597,-0.4949275442942982,-0.4979720926774992,-0.26335245308580296,-0.27195409668654563,-0.5151930389728103,-0.5331029041438938
A3623,2021,-1.0280472809930006,0.9624621642249181,-0.7730296508780964,0.6748223070107809,-0.016461806161481584,1.4433638988524573,0.38704697987932185,-1.443363898852455,-1.570822682586223,0.06627552862034838,-0.026028694373250612,-0.14531574449710924,-0.29925059558296113,0.12001942708216017,-0.09993431753024332,-0.021637976503911485,0.22590523977953225
A3624,2021,-1.0280472809930006,1.6289201483516051,0.9330888707662263,1.2807299747755265,-0.016461806161481584,0.29600843468793414,-0.7233059148486898,-0.2960084346879315,-1.570822682586223,-0.8166798440464036,-0.5607208457499098,-0.6032431097288077,-0.6657920724384071,-0.1996328374217467,-0.2665875982344383,-0.24690647236313026,-0.08649768414074954
A3627,2021,-1.0280472809930006,1.7145284523278312,2.3608472651394425,0.976916870321046,-0.016461806161481584,0.2048692084811761,-0.9456214618702504,-0.20486920848117388,-1.570822682586223,1.5911142967910263,1.7004162047722153,2.143949192808758,1.724877459794061,0.3121257313660586,0.12278575353181091,0.1914638450085011,0.33201847934440776
A3629,2021,-1.0280472809930006,0.27205019972756733,-0.820079521550422,0.4904138030981338,-0.016461806161481584,1.1250008484041931,0.07895123651083003,-1.125000848404191,-1.570822682586223,0.5334987659128617,0.16736231778460406,-0.03718902500893307,0.11028070469511835,0.36827029816414664,0.09150124363893145,0.1766542092781975,0.34713570251038506
A3630,2021,0.03104794556954272,-0.042799685455791006,-0.6857186787839138,-0.11024301608678551,-0.016461806161481584,1.0788069940254268,0.03424714825736301,-1.0788069940254246,-1.570822682586223,-1.620935748440338,-0.9033559131364995,-0.8876208011333779,-0.8803244960235116,-1.2619806580115145,-1.393581009284135,-1.4543197423848038,-1.20911285943091
A3631,2021,0.0110351086914817,-0.02422024904102775,-0.5751767317802551,-0.3701315706354416,-0.016461806161481584,1.3771943236612496,0.17432847831869963,-1.3771943236612474,-1.570822682586223,-1.1499091911197705,-0.6830145482294067,-0.7279869833445037,-0.7662626703192306,0.0669553937474558,0.02965154496647095,0.05430002620797346,0.13215242246178285
A3632,2021,-0.05719582586806396,0.03912342622439314,0.27936745001664,-0.023598835486990846,-0.016461806161481584,0.8665649603932513,-0.21446573793624799,-0.8665649603932495,-1.570822682586223,-0.16309392537923106,-0.3638389335021078,-0.1882147291725256,-0.41200297647156514,0.28721023380099114,0.09833574934878066,0.20641769164763346,0.4740799176640783
A3633,2021,-0.18051827792624245,0.15361262866945946,-0.34435620058961824,-0.26604061007857144,-0.016461806161481584,0.6256078280931927,-0.4043362040671948,-0.6256078280931918,-1.570822682586223,-1.0337616487245753,-0.6616922203330406,-0.6198292551418084,-0.7593336363934458,0.08266091032629522,0.15762299217085618,0.22789202750762105,0.2536342909324393
A3644,2021,-0.1759266401309186,0.1493498773185923,-0.10768316264586511,0.26564944805143276,-0.016461806161481584,0.1848934876687365,-0.8982035502386114,-0.18489348766873384,-1.570822682586223,0.03731178379131864,0.007475744741970018,-0.2107269065531288,-0.39735759217345423,-0.016997394236073236,-0.1811849380939209,-0.09909527658339423,0.0631560024477781
A3646,2021,-1.0280472809930006,0.9480560663354356,-0.046158024471009876,0.6695001258877804,-0.016461806161481584,1.1749401504352939,0.12727998056863216,-1.174940150435292,-1.570822682586223,0.9445498920218025,0.14567304934218286,0.49094998976410076,0.49282522635836207,0.3019361708272539,0.3488313804294593,0.5765688640802107,0.4213689860483777
A3647,2021,0.041413486872748345,-0.052422771413857656,-0.6265651825589728,0.44643041938128875,-0.016461806161481584,-0.7327411871527277,-1.718878042439425,0.7327411871527291,-1.570822682586223,1.2903594514956576,1.489284236302092,1.4121306851700033,0.39453473660240523,0.301769937627398,0.3003160365069494,0.3779666044016651,0.2836067319957509
A3648,2021,-1.0280472809930006,1.709548524983262,-0.6066104840500923,0.9840187742274219,-0.016461806161481584,1.35721860284881,-0.058155477231391195,-1.3572186028488087,-1.570822682586223,-0.29767294175653464,-0.24347743618855103,-0.3527160098304939,-0.3275666297855656,-0.27034616330846095,-0.31900158068798184,-0.07301154167379405,-0.11611822050880011
A3649,2021,-0.289316213457895,0.25461766594209106,-0.5942578667271408,0.18494796574110775,-0.016461806161481584,1.8965630647846896,0.447457909951575,-1.8965630647846878,-1.570822682586223,-0.6516742674446644,-0.4392656806385592,-0.5019757449708017,-0.5506573296032292,0.2338982217215708,0.12940283428940585,0.29910595360490183,0.3793201037176964
A3663,2021,0.4740216488179127,-0.4540441111184993,-0.5540196406300653,0.3275306018894097,-0.016461806161481584,-0.25831781785727775,-1.324349686159674,0.2583178178572791,-1.570822682586223,1.1279869426056497,0.8209650786086248,0.7897272162198542,0.48422411729364073,0.027121748199277082,0.022706059464574914,0.2333914041474724,0.24866189454359358
A3664,2021,-1.0280472809930006,1.0116911501341026,-0.9658966192687657,0.6923538849959472,-0.016461806161481584,0.24731761520761156,-0.7704264403050523,-0.2473176152076089,-1.570822682586223,0.11513356282689209,-0.114988896959558,-0.12914268203324575,-0.3108509955810501,0.23635501195266206,0.09522572199355929,0.0054956498507500945,0.21932531249919138
A3667,2021,0.6710033257551222,-0.6369168138057152,-0.5626345099303585,0.3476039109966992,-0.016461806161481584,0.33720835886359146,-0.6845260636126089,-0.337208358863589,-1.570822682586223,1.0408031450394837,0.5015357668709594,0.5269123723118853,0.4393557583396885,-0.22382977308705126,-0.2348549506037286,0.009369559069326256,0.028338271836641758
A3669,2021,-1.0280472809930006,0.4416017873978295,-0.8444122021502899,0.539946278622268,-0.016461806161481584,1.8965630647846896,0.5764375360308004,-1.8965630647846878,-1.570822682586223,0.5144821657725892,-0.09963169422096256,0.014681745563961235,0.37287600452856734,-0.031512927455107025,-0.20015051915144536,-0.045003899005671935,0.01948446135326925
A3671,2021,2.03121848677186,-1.8997034867874263,-0.8056750628652082,-0.22777619044027236,-0.016461806161481584,-1.7577453613410552,-2.7108255142258195,1.7577453613410574,-1.570822682586223,0.7365375427951426,0.3831893004495165,0.4177031196263299,-0.08534584540122653,0.27780598412520496,0.16585247487302507,0.03917887363564706,0.30533102010476754
A3675,2021,-1.0280472809930006,0.48141273392209327,-0.8336217082260475,-0.31385544215748473,-0.016461806161481584,1.4945516834343344,0.2864427428317575,-1.4945516834343324,-1.570822682586223,-1.6311754562081766,-0.8796669756826483,-0.8850003201319216,-0.9104429507870057,-0.1549210421533419,-0.15428454011091072,-0.11068388311230366,-0.0942425882245554
A3677,2021,-1.0280472809930006,2.0291278250994114,-1.0198719416958784,1.6421951731051445,-0.016461806161481584,0.2248449292936157,-0.7921743751310631,-0.2248449292936139,-1.570822682586223,-1.338904940206161,-0.7650350430423488,-0.7529005227632793,-0.7664691151961442,-0.1861967582550924,-0.3055849553886088,-0.25077629042679866,-0.09668299004048331
A3687,2021,-1.0280472809930006,0.6768558936471746,-0.872096490069898,0.5114967473591009,-0.016461806161481584,1.6381271767737478,0.35027015151509355,-1.6381271767737464,-1.570822682586223,-0.7780615176076975,-0.5435940310262916,-0.5202381773786316,-0.5410011596963511,-0.13577113842493896,-0.09868764139138243,-0.05834546613605924,0.04532866273487709
A3692,2021,0.47032868830533936,-0.45061595123658804,-0.9391370129345644,0.30692654551509563,-0.016461806161481584,0.8378498617253682,-0.27038825703658936,-0.8378498617253669,-1.570822682586223,0.5384723382572404,0.1298471172105712,0.12773279691444794,0.02113094678787071,-0.029847960758243815,-0.16096393989455504,-0.2489234993676046,-0.1114875447188754
A3693,2021,-1.0280472809930006,1.0512677090789018,-1.4209196804394872,0.6884676769952178,-0.016461806161481584,1.1736916678845157,0.1260717619671867,-1.1736916678845135,-1.570822682586223,0.24064312375268362,0.0266694833625443,-0.1638212449268415,0.0990944074540668,-0.32554246353942146,-0.38981897829293,-0.16311357258072484,-0.19835808596376978
A3694,2021,-1.0280472809930006,2.821736116724099,0.04860723303603801,1.2445449712772103,-0.016461806161481584,1.8129147338825968,0.7446796859070591,-1.812914733882595,-1.570822682586223,0.12888402754370207,-0.14935848871740773,-0.16828015332014926,-0.24206433782929773,-0.7971083360368787,-0.9068092428857484,-0.8303582419385114,-0.7157513329372913
A3696,2021,-0.27708041131464395,0.243258280807618,-1.2559125935367157,0.422273201333185,-0.016461806161481584,1.419642730387685,0.14285725241284522,-1.4196427303876837,-1.570822682586223,-0.24384133520561257,-0.41595095325368214,-0.40409247941456017,-0.22959466150121924,-0.1505482401986177,-0.2792037056105954,-0.21789011830864954,0.08903244642221987
A3698,2021,-1.0280472809930006,1.3245454444379674,-0.5270180041634664,0.7989410011875302,-0.016461806161481584,0.5806624562652027,-0.44783207371921757,-0.5806624562652019,-1.570822682586223,0.16896516937781417,-0.09812457567297629,0.13650718482429344,-0.09859568024943934,0.011644219701885415,-0.08683248811054035,0.0014677639930267695,0.10844598692535988
A3702,2021,0.7787391850362769,-0.7369358484419575,-0.9062612888197116,-1.6326143494331233,-0.016461806161481584,0.955207221498453,-0.24563691205284413,-0.9552072214984508,-1.570822682586223,-1.4638293749737892,-0.8535680523329723,-0.8288886675947515,-0.8411636782713472,-0.030413243334120144,-0.14054225380946556,-0.11675562838552958,0.04328576163475716
A3712,2021,-1.0280472809930006,1.4368474242190283,0.39292082498956366,1.350940946636745,-0.016461806161481584,-0.37692366018113893,-1.3745357410275818,0.3769236601811416,-1.570822682586223,-0.6212477072202289,-0.44984488586648597,-0.4452441005165962,-0.6199091771729829,1.0216078101310362,1.006549356697473,1.0511704917182751,1.2127995445004356
A3714,2021,-0.08050219968050021,0.06076031315665366,-0.6353233299914784,0.13900483606561628,-0.016461806161481584,1.4558487243602316,0.3991291658937718,-1.45584872436023,-1.570822682586223,-0.5621499652458478,-0.40202770909618124,-0.4335926959968664,-0.5649230630624332,-0.05382851843177623,-0.09064559811912047,-0.14559512568252717,-0.06536079573586878
A3715,2021,0.24842054763885676,-0.24460248315384484,-0.8560210653710795,0.2713657190329954,-0.016461806161481584,0.5020080555662207,-0.6292682714834129,-0.5020080555662192,-1.570822682586223,0.7242498934737351,0.40235896797359305,0.14525993088357733,0.22591431505939924,0.6871274411305193,0.580123896583056,0.7214599240262107,0.8956187393619557
A3716,2021,-1.0280472809930006,0.4180506494158227,-0.6748393884266415,0.5033353514779713,-0.016461806161481584,0.6380926536009688,-0.39225401805274396,-0.6380926536009668,-1.570822682586223,0.4784969070456143,0.08988048323299207,0.08062315379814791,-0.13074010944742126,0.05216598663092456,-0.11958295555038584,-0.022170219046384745,0.12912364100286772
A3717,2021,-0.1041825769191166,0.0827447604229595,1.496834665819589,0.15377336559964386,-0.016461806161481584,0.6655592697180737,-0.3836319967808425,-0.6655592697180719,-1.570822682586223,0.4430967744768002,-0.025023662860170118,0.21216439002890577,-0.28713128121845616,-0.10834980159766627,-0.15698870219594166,-0.09639402517774424,-0.15352730048725993
A3718,2021,1.1586185837703522,-1.0896052256339568,0.08654549502862828,0.1997049632957451,-0.016461806161481584,-2.057381173527656,-3.00079797857263,2.057381173527658,-1.570822682586223,1.2327245249166823,0.6448393115265006,0.6736121246976401,0.8783886942467325,-0.001558279045362898,-0.09859968040529675,-0.06822548865421561,-0.04771036885203239
A3719,2021,-1.0280472809930006,1.0451305470686787,-0.38350759469043794,0.7192472895791251,-0.016461806161481584,0.8390983442761464,-0.3397273515230896,-0.8390983442761444,-1.570822682586223,-0.24501158752193794,-0.42773869470909304,-0.30874333280075483,-0.21827261222302013,0.12835244890839356,-0.0025141540900088044,0.17845033666029356,0.22653826348060363
A3720,2021,-1.0280472809930006,1.9450765022549876,-0.753909693775401,1.1824728147147225,-0.016461806161481584,0.4832808173045593,-0.5420731246319309,-0.48328081730455663,-1.570822682586223,-0.7426613850388835,-0.5563897508228826,-0.4350026663184598,-0.5071421234511061,-0.25383205274774234,-0.22895716389875936,-0.028039714401975863,-0.04097712344775969
A3722,2021,-1.0280472809930006,1.4391600986494228,-0.8874328174247031,0.8070118675777582,-0.016461806161481584,0.22609341184439383,-1.1185391086845602,-0.22609341184439138,-1.570822682586223,0.35679066614787924,0.13999236371359186,0.07919709767551296,-0.08765753786728145,0.017193118482282933,-0.1596530485947608,-0.2573444676355656,0.08663449453910417
A3723,2021,-1.0280472809930006,1.3698166839855979,-0.6727098916054889,0.9857515404480108,-0.016461806161481584,0.1024936393174201,-1.059011076020231,-0.10249363931741899,-1.570822682586223,-0.8339410657121865,-0.6489466912193924,-0.5471388730425891,-0.659463636779019,0.0800165619992179,0.032361313947537385,0.02921055773643419,0.022865930079617278
A3724,2021,0.7932006830939888,-0.7503613247875637,-1.0588350553236905,0.032759190760767144,-0.016461806161481584,0.1948813480749563,-0.8211716215657442,-0.19488134807495386,-1.570822682586223,0.21840832974251895,-0.06595481910957748,-0.14305999606983694,-0.13734370640309224,0.08228587639329939,0.021551333656181084,0.20912711356970767,0.39765423413244194
A3730,2021,0.47344981489482324,-0.45351352007337636,-1.0365567693634543,0.3355621076314197,-0.016461806161481584,-0.3132510500914875,-1.3129165923538788,0.31325105009148885,-1.570822682586223,0.6944084594074639,0.24386220852901289,0.4978577333041908,-0.0776108062410261,-0.06456686550816801,-0.15876724152308083,0.04826037963713187,0.2117358804607995
A3731,2021,1.6501306873941144,-1.5459119631505098,-0.482791075934779,0.2095045217342027,-0.016461806161481584,1.2273764175679491,-0.12757099053922935,-1.2273764175679474,-1.570822682586223,1.2453047373171708,0.8806856184488456,0.675553890882097,0.4709884133960014,-0.139785493183308,-0.25973606179150327,-0.10758495519247263,-0.12471295467766604
A3738,2021,-1.0280472809930006,0.9683217248291607,0.4428434959341677,0.681190998,-0.016461806161481584,0.7704318039833842,-0.26531748428841284,-0.770431803983382,-1.570822682586223,-0.28480016627696964,-0.21185619313128165,-0.09798408656935785,-0.4809460533224888,-0.5421853350919691,-0.5518747424307493,-0.40378480350452334,-0.2932445512757041
A3739,2021,-1.0280472809930006,1.5769775920964209,0.8307433018815029,1.345110805990425,-0.016461806161481584,0.9127588147720194,-0.12644592573482935,-0.912758814772017,-1.570822682586223,-0.8517874135361336,-0.6100282953039777,-0.4979847247608853,-0.7054111412855276,-0.14882646182842355,-0.2194949912158386,-0.10309163888347067,-0.08684181731237917
A3747,2021,-1.0280472809930006,1.1585583941210926,-0.11496363088010571,1.1234511083891343,-0.016461806161481584,-0.8825590932460282,-1.8638642746128302,0.8825590932460295,-1.570822682586223,-0.7578746651511029,-0.5777426425986739,-0.5416927217256883,-0.5760100524901094,3.1102905826478775,2.6819711838226663,2.9818869123775786,2.527271441206618
A3759,2021,-1.0280472809930006,1.351454783229879,-0.703078490520738,0.9501976883965597,-0.016461806161481584,1.5744545666840946,0.17407092579295805,-1.5744545666840926,-1.570822682586223,-0.7909342930872663,-0.5049462236246909,-0.5892397308852861,-0.6297907197151612,0.08357588251018773,0.01095595120920673,-0.015577194374833665,0.2956363820124704
A3760,2021,-1.0280472809930006,0.4879406981566988,-0.6249425263750593,0.5789252666601469,-0.016461806161481584,0.49701412536311174,-0.5287827200160347,-0.49701412536310907,-1.570822682586223,1.421427710923989,1.5683414740791832,1.5680199605981007,0.8731954306330427,0.6930484338088031,0.6518567502454764,0.4624661616326667,0.7099985746337109
A3762,2021,-1.0280472809930006,0.7407834939425887,-0.9962192633688285,0.5708147634066255,-0.016461806161481584,0.7679348388818279,-0.407711533195903,-0.7679348388818257,-1.570822682586223,-0.5955021562610914,-0.5106079245317323,-0.4211551204917343,-0.46680076106130763,-0.17896827424605233,-0.24677745002732007,-0.1683352648905265,-0.026020462272152132
A3764,2021,1.5570487388103047,-1.4594972197073162,-0.6193263980531398,-0.0279831283221007,-0.016461806161481584,1.288552062556046,0.1629603487873686,-1.2885520625560447,-1.570822682586223,-0.2611025568713989,-0.38364040633865604,-0.33129869765112197,-0.11405334578882628,-0.9959845912913482,-1.0939451917503538,-0.7976868650817228,-0.7128869140035362
A3769,2021,-0.5620669201836865,0.5078320498397806,0.3442485315025828,0.1966788199854646,-0.016461806161481584,1.4895577532312236,0.43175106813278796,-1.4895577532312212,-1.570822682586223,-0.6379238027278507,-0.5495513414688905,-0.5608811614314048,-0.4931296832302688,0.600712356205718,0.7586289877871154,0.49203253595087865,0.94111099602681
A3770,2021,2.725648462575628,-2.544393344610015,-0.14483642337758557,-0.7585813245230584,-0.016461806161481584,-0.9225105348709074,-1.9025272698590678,0.9225105348709092,-1.570822682586223,0.19324790494154595,-0.31426641697330493,-0.08720724418208654,0.13216984239248186,-0.11309508644656381,-0.1715739133150546,-0.22925304096561816,0.07393787391087854
A3774,2021,-0.4292799040697018,0.38455614058297927,-0.7763362527576864,-0.12629076668789993,-0.016461806161481584,1.8965630647846896,0.8057071150307149,-1.8965630647846878,-1.570822682586223,-1.4907451782492498,-0.819626160240088,-0.8515734876384061,-0.8663739778990626,0.09093317079860247,-0.054557275492955526,0.03273127786756144,0.17938176817229046
A3783,2021,1.0726014401871693,-1.0097495547820032,-0.5987391523420418,-0.05337212749812313,-0.016461806161481584,-0.25332388765416697,-1.3358282077210768,0.25332388765416874,-1.570822682586223,0.0940690211330525,-0.21049671294170727,-0.1111768487960962,0.002543039751434743,0.24815792350586974,0.0700618417923831,0.014677335579757098,0.31383585586965446
A3785,2021,-1.0280472809930006,1.1435281677858564,0.013515505792100955,0.702941692205298,-0.016461806161481584,-1.198425178592736,-2.169543580778436,1.198425178592737,-1.570822682586223,1.3980226645975022,0.8938744127692532,1.2214963748730907,0.755624463947813,-0.1511764246044556,-0.3448108702279706,-0.366728749882232,-0.3368592849293623
A3791,2021,-1.0280472809930006,2.382703997561317,-0.5565893221654016,1.0570880196869594,-0.016461806161481584,1.2873035800052697,0.08845372252146383,-1.2873035800052675,-1.570822682586223,0.3620568015713383,-0.16047501176918388,-0.019993265185465396,-0.000549197871177753,-0.17539304697534217,-0.14177150602813976,-0.07701936929958712,-0.14663217034450754
A3797,2021,-1.0280472809930006,1.6633252411889272,-0.5031065496873951,0.9644457596751145,-0.016461806161481584,1.5944302874965341,0.5332414306541736,-1.5944302874965326,-1.570822682586223,-0.072691933943173,-0.38155963737784937,-0.31274193758588054,-0.14188052135405763,-0.008034033369559802,-0.01681318672865872,-0.08351163873162978,-0.011533032216033022
A3799,2021,-0.09655100513237812,0.07565986730122831,2.640275943590964,0.3059231942543792,-0.016461806161481584,0.48203233475378116,-0.5432813432333765,-0.48203233475377916,-1.570822682586223,1.0841024807434845,0.4007442694838653,0.5170194908423149,0.5334137730620633,-0.30813866059017364,-0.35677020264501086,-0.2667568283942905,-0.29256563733579727
A3822,2021,0.3596417962691907,-0.3478572582423596,0.21112901658199476,-0.7065393659868322,-0.016461806161481584,0.6368441710501906,-0.39346223665418945,-0.6368441710501893,-1.570822682586223,-0.9767118483037609,-0.6216361070700159,-0.5536798158729032,-0.7064862130944075,-0.16644045426404444,-0.2680116134994853,-0.17437271911157626,-0.051659658001186784
A3825,2021,-1.0280472809930006,1.3476756535882117,-0.1914760787702435,1.1353418221082716,-0.016461806161481584,0.4171112421133516,-0.6061087105085191,-0.41711124211334916,-1.570822682586223,-1.1452281818544727,-0.6875626102490857,-0.7076561069591872,-0.7927830239982804,-0.18122416415506926,-0.33042617573352107,-0.31352021922560985,-0.035798647628330134
A3832,2021,-1.0280472809930006,0.857707898040295,-0.5588298033071293,0.6405988448691001,-0.016461806161481584,0.42085668976568424,-0.6024840547041839,-0.4208566897656816,-1.570822682586223,0.8898405962336388,0.3552682703374071,0.3476295633299233,0.23117933090697673,0.33782385447931684,0.3024608925669121,0.24083740167047132,0.48006208754386637
A3834,2021,-0.058246125481333795,0.04009849575183732,-0.10170156771015368,-4.078153226344045,-0.016461806161481584,0.5457049448434343,-0.8189163607242832,-0.5457049448434317,-1.570822682586223,-1.7069492936901807,-0.9550310972511177,-0.9380642198108755,-0.955914537698425,0.08855340599387551,0.016118306252398008,0.04584992409100501,0.2000853009023398
A3835,2021,-1.0280472809930006,3.051743218140176,0.0666903943088948,1.255606418286785,-0.016461806161481584,0.9152557798735739,-0.142386740835293,-0.915255779873572,-1.570822682586223,0.7441441828512491,0.3436272084861906,0.39558290581358463,0.052481880260092116,-0.19983688795598956,-0.36202131520595854,-0.018681946998391756,-0.13270834388252095
A3837,2021,0.8444282489970824,-0.7979195727359842,-0.13950970875912072,0.10000865363930535,-0.016461806161481584,0.8653164778424731,-0.26202151320851186,-0.8653164778424707,-1.570822682586223,0.5285251935684832,-0.1287059828970485,0.12173719674181604,0.0790128425973725,-0.19085681017300507,-0.2638935518048824,-0.3610151714189642,-0.15090886009511043
A3840,2021,0.047301991369626456,-0.05788949845496219,-0.24453301474447658,-0.02168445785444843,-0.016461806161481584,0.9277406053813482,-0.11194730251748997,-0.9277406053813458,-1.570822682586223,-0.7055058739955866,-0.5652078899349334,-0.4374603890996183,-0.5808389754923801,-0.1799237456342954,-0.238759858410566,-0.13289666495135635,-0.10624477066632772
A3864,2021,-0.08040127548050867,0.06066673301215156,-0.7600898634993627,-0.33696836005997144,-0.016461806161481584,0.06503916279409543,-0.9468263561160248,-0.06503916279409387,-1.570822682586223,-1.2985312352929685,-0.7885522946499673,-0.786603970627724,-0.7547280673424758,-0.07003679447857328,-0.2385943041176935,-0.16410295304729994,-0.014396165070612674
A3873,2021,-0.25360646408784016,0.2214657081545338,0.4179452671708116,0.12465263170370565,-0.016461806161481584,0.5968927294253115,-0.5196871820926642,-0.5968927294253092,-1.570822682586223,-0.44863549056238333,-0.449546174186219,-0.4328763022976653,-0.4053634086419391,0.08982454162668647,0.014862397541343754,0.16038063961460744,0.34449209484555987
A3886,2021,-1.0280472809930006,0.5325550207614482,-0.43234941027790624,0.3707654427524237,-0.016461806161481584,0.18988741787184552,-0.8260044959715167,-0.18988741787184396,-1.570822682586223,-0.8073178255158076,-0.5615525208502834,-0.5681688591800639,-0.4677089542842571,-0.047877078973256354,-0.14575755394464135,-0.09557543360411261,0.04910650332603335
A3891,2021,-0.1679984204898329,0.14198919157117454,-0.4657890992756028,0.5057668727850839,-0.016461806161481584,0.633098723397858,-0.421693784350103,-0.6330987233978569,-1.570822682586223,-0.09200109716252616,-0.45677024311679926,-0.2716170816579753,-0.15482308255811142,-0.946061458751272,-1.0398424436520646,-1.173683930572532,-0.9318284118160198
A3894,2021,0.6839888572940154,-0.6489722272718029,-0.8897005764708162,0.34621365146937616,-0.016461806161481584,1.6281393163675262,0.56586333289319,-1.628139316367524,-1.570822682586223,1.14963661045765,0.8319725620694604,0.6216998297070003,0.48247149092032643,-0.1420077970318878,-0.22039439110200296,-0.1295734108738882,-0.08461533254603325
A3895,2021,0.9698275605258949,-0.9143370867502,-0.15518435246645118,0.3335522286366219,-0.016461806161481584,0.8053893154051543,-0.23035272545910504,-0.8053893154051532,-1.570822682586223,1.4351781756408022,1.2067167503651395,1.2561345319316237,0.7257872722570421,-0.4072463432660502,-0.2877570201063088,-0.06999865691378969,-0.16128203139109124
A3896,2021,-1.0280472809930006,2.428096838379917,-0.2131330189220584,1.2173432416163243,-0.016461806161481584,-0.06355453993598732,-1.071272872064874,0.06355453993598864,-1.570822682586223,0.3061772534668491,-0.014290472497696428,0.1322473993874522,-0.2519108765349351,-0.060044422466874754,-0.15398107488858498,-0.25002091112083413,0.0025730559173962387
A3899,2021,1.8171102434313517,-1.7009314319176259,-0.6073206288012094,-0.24002232390744174,-0.016461806161481584,0.7217409845030616,-0.5941804678737979,-0.7217409845030593,-1.570822682586223,0.5177003596424814,0.16963116388883898,0.2339363106390558,0.06886242768283501,0.020116379611607425,-0.05523392621342944,0.05370206135235563,0.14049502016176568
A3908,2021,-1.0280472809930006,0.7339470753739509,-1.1323724943102964,0.5982785521201212,-0.016461806161481584,0.9052679194673541,-0.13369523734350075,-0.905267919467352,-1.570822682586223,0.41969172815031364,0.08551926994367463,-0.023554080169633812,-0.22904054132729496,0.5163967152235802,0.4461863339242518,0.5875678127643841,0.7647946001374665
A3919,2021,0.0877631043031338,-0.09545249264203573,-0.9582141249297579,-0.07605463325965696,-0.016461806161481584,0.1486874936961882,-0.8658757098192088,-0.14868749369618642,-1.570822682586223,-0.9231728048319227,-0.6322448872208433,-0.6164278082303954,-0.7298779119070488,-0.2852262319050667,-0.3774589845906968,-0.2327341820517773,-0.22167571328466923
A3922,2021,-0.07812395956655101,0.05855284050967091,-0.9943768963783627,0.46728679822681113,-0.016461806161481584,1.8965630647846896,0.785849495444705,-1.8965630647846878,-1.570822682586223,0.4015528172472858,0.08803126256252418,-0.15224271081824,-0.10887866006194505,-0.1359261262269641,-0.26936788946615986,-0.191020732347855,-0.2458890206305781
A4502,2021,-1.0280472809930006,1.2064713994718628,-0.4964256636871804,0.7850058815891934,-0.016461806161481584,0.4221051723164606,-0.6701253366470544,-0.42210517231645905,-1.570822682586223,-0.412357668756328,-0.23086823673155532,-0.4479735393631498,-0.47121143191202647,0.07020225773850285,-0.09169082237196408,-0.05573161318786759,0.07878067296716557
A4510,2021,0.7595008771766142,-0.7190755279043287,-0.7216723239181322,0.3307623873231873,-0.016461806161481584,-1.597939594841535,-2.5561735332408464,1.5979395948415371,-1.570822682586223,1.2760238606206864,1.002657472646527,1.135462341906547,0.5684118401670653,0.04714444893795485,0.042492872570079485,-0.011576524854409258,0.15891739466439972
A4513,2021,0.6006080017624259,-0.5715637141448059,-0.764513601260048,0.10955630392916736,-0.016461806161481584,-1.2720856490886072,-2.2408284782636843,1.2720856490886094,-1.570822682586223,0.2751655670842528,0.0641335867020326,0.1306642202289928,-0.3093777106005551,-0.01751549130139123,-0.0748125569458738,0.010380667209404974,0.055218446842649996
A4516,2021,-0.319833633238334,0.2829492064931618,-0.21471312482901606,0.3774217426887098,-0.016461806161481584,-1.6503758619741902,-2.6211817456758113,1.6503758619741924,-1.570822682586223,0.10752692277078234,-0.2721925325035131,-0.12663416725453655,-0.19524267120568528,0.20815395551738072,0.14956204076591903,-0.043489340050176066,0.023176839058734786
A4527,2021,-0.19737909638802795,0.1692657528657753,-0.8833224814907447,-1.069202578151424,-0.016461806161481584,1.3722003934581388,0.26229065155846387,-1.3722003934581375,-1.570822682586223,-1.650484619427529,-0.9042463462701933,-0.9070616497574219,-0.9291229703012618,-0.1216996024137591,-0.24064945047100925,-0.14890756241221656,0.002677350716670754
A4529,2021,-1.0280472809930006,1.765542411029556,0.3005326936250051,0.8135049934583615,-0.016461806161481584,-0.48928708975111473,-1.5464258414988215,0.4892870897511165,-1.570822682586223,1.6943890637066532,2.781326917700332,2.2923705636637757,1.4945812500869724,0.32732584707280565,0.11985305472967543,0.2276409584790329,0.3562406778887579
A4542,2021,0.030769335140796467,-0.042541031129286144,-0.8071947137937237,0.5338850840655314,-0.016461806161481584,-0.5417233568837699,-1.5340205964183278,0.5417233568837717,-1.570822682586223,-0.7865458469010487,-0.4310591360709028,-0.5399998618371543,-0.5666321124614483,-1.537280641261277,-1.691262555872646,-1.766703682656948,-1.5922506833327221
A4546,2021,0.17098483081829868,-0.17271350090977677,-0.5895665247666395,0.3267712866476452,-0.016461806161481584,1.7704663271561614,0.5500305349316069,-1.770466327156159,-1.570822682586223,0.5598294430301601,0.4596249099544312,0.12763329635883952,-0.14467444961121517,-0.10511705636725202,-0.3138637479494249,-0.062416422114135846,-0.04345626093742232
A4548,2021,1.2127956734954832,-1.1399021692351503,-1.2189778408337621,-0.6362822662080528,-0.016461806161481584,1.5170243693483285,0.3079114317810659,-1.5170243693483263,-1.570822682586223,-1.4778724027696817,-0.8380539508025722,-0.8312741518900958,-0.8059136257931361,-1.1855690478701746,-1.1742440236522467,-1.217261334161569,-0.961241605519161
A4551,2021,-1.0280472809930006,0.6875604934872059,-0.44683015643235124,0.5445899374130042,-0.016461806161481584,0.080020953403426,-0.9323277328986842,-0.08002095340342379,-1.570822682586223,-0.01622725968051954,-0.27100752386784177,-0.17660934898347294,-0.3686613542521891,0.038058934134015635,0.07535222073010307,-0.019664201980279822,0.12441922228543655
A4553,2021,0.26986228038510673,-0.26450840328589287,0.9483928590855677,0.3407929996720618,-0.016461806161481584,0.2897660219340452,-0.8803783899366091,-0.2897660219340441,-1.570822682586223,1.3895383353041513,0.5160715226484314,0.9763722264139351,1.1649531219590803,-0.11457464932568354,-0.18473818391270636,-0.3442942660233632,-0.20680718759821667
A4556,2021,0.8170054756288704,-0.7724613068658358,-1.018329930536367,-0.860342341866726,-0.016461806161481584,1.8965630647846896,0.670493734036064,-1.8965630647846878,-1.570822682586223,-1.164537345073826,-0.7179060699618224,-0.719899141743541,-0.7316593257048173,-0.18432995367485455,-0.3197057756255792,-0.3398055712842336,-0.24691478538974504
A4557,2021,-0.051226308824118154,0.033581622609921244,-0.6239851982633596,0.19672135710704763,-0.016461806161481584,-0.2920268467282698,-1.2923768761293113,0.29202684672827156,-1.570822682586223,0.0566209470106718,-0.025502754798381023,-0.19395299949269676,-0.37496044761271374,0.7800537276677799,0.7779667742837989,0.7199702550314018,1.1528170649537848
A4558,2021,1.1862626670342336,-1.1152695391276692,-0.6704471419380497,-0.44614816905505467,-0.016461806161481584,1.8965630647846896,0.5204755033019776,-1.8965630647846878,-1.570822682586223,-0.4866686908429251,-0.4674284958390233,-0.4628706237735331,-0.3582646249961481,-0.13737403586119915,-0.37057886192511946,-0.12409332281463943,-0.08274060226048792
A4559,2021,-1.0280472809930006,0.5957209380844369,-2.6871296662045272e-05,0.07175854966044304,-0.016461806161481584,0.1486874936961882,-0.8658757098192088,-0.14868749369618642,-1.570822682586223,-1.2502583272445895,-0.7732035076091666,-0.7417029070164949,-0.800285857970826,0.13487931532156802,0.13191651852663627,0.11941106670434302,0.4227349096873689
A4563,2021,-0.45417984785745913,0.4076726896410619,-0.02684279449564439,0.3602293568159068,-0.016461806161481584,0.7941529724481564,-0.312402664803454,-0.7941529724481544,-1.570822682586223,-0.028222345922846847,-0.4039357213594091,-0.16150122478412632,-0.4200537002464191,0.02634311396371449,0.0859645715750304,-0.007327643259736205,0.18716705206692333
A4565,2021,-1.0280472809930006,0.7191029859421212,0.2999204673953013,0.6031559579182575,-0.016461806161481584,0.18239652256718022,-0.8332538075801869,-0.1823965225671789,-1.570822682586223,1.1625093859372189,0.44492860341535295,0.6777956012279807,0.5046004131436094,-0.15023932496741482,-0.24329237578381857,-0.061614951590944524,-0.14456676153141143
A4566,2021,-0.1448529577200799,0.12050206331016067,-0.7962930348827264,0.27775844073375816,-0.016461806161481584,0.6156199676869729,-0.48406153082236314,-0.6156199676869718,-1.570822682586223,-0.2274578027770747,-0.24218086021319324,-0.32701968761363387,-0.4617600486430297,-0.09159066559409024,-0.17362687932566345,-0.0035923816237511115,0.1391645689823224
A4568,2021,-1.0280472809930006,1.4557394462081497,-0.30961002844371416,0.7842359320670331,-0.016461806161481584,1.4458608639540118,0.02494301927321567,-1.44586086395401,-1.570822682586223,0.9261184180396909,0.6060627521587285,0.39846771685429916,0.1042023973282177,-0.11812905910331555,-0.21695255865168375,-0.04260148828815433,-0.06239249871193481
A4573,2021,-1.0280472809930006,0.8375556033774385,-0.3211806174038766,0.6276065854300078,-0.016461806161481584,1.8965630647846896,0.6148446547025601,-1.8965630647846878,-1.570822682586223,-0.22833549201431616,-0.3877533996965765,-0.35558945065990577,-0.485557537983464,-0.46296232034386386,-0.6097629228285226,-0.367461469571612,-0.26823642366853667
A4575,2021,-0.582719875737127,0.527005477736656,-0.44419814384354056,0.47556109701993465,-0.016461806161481584,0.4445778582304565,-0.732708702774163,-0.44457785823045404,-1.570822682586223,0.06276477167137579,-0.2997743160588418,-0.19275044918549467,-0.3446196665074266,-0.023707659704119113,-0.07794357810284101,-0.04647300273812174,-0.014365565363684753
A4577,2021,3.8153985809337616,-3.556087645469201,-0.35073380482438377,-1.9444258828743568,-0.016461806161481584,-0.3706812474272518,-1.368494648020355,0.370681247427254,-1.570822682586223,0.0007413989061828907,-0.42463203793381255,-0.19796219058507664,0.059309105023885055,0.23104273857332994,0.2404038395082037,0.10734311456518619,0.2833163037141829
A4582,2021,-1.0280472809930006,1.7220122775989364,-0.04259209717067429,0.9728366902837473,-0.016461806161481584,1.118758435650306,-0.0002956356781663353,-1.1187584356503046,-1.570822682586223,0.4957581287114006,-0.00404475668835254,0.25981345311420617,-0.002050734312529403,0.03560323951927801,0.06655799953592488,0.05044765912112996,0.23437352576852674
A4585,2021,0.6748894028000946,-0.6405247797802283,-0.07688810101647901,0.2078948093296218,-0.016461806161481584,1.0301161745451042,-0.22693031627230714,-1.030116174545102,-1.570822682586223,0.9796574615115325,0.48875767180426916,0.8309373738786977,0.314173143967885,0.02392603025903294,-0.023029096892074902,-0.1134026202256522,-0.014661777059587948
A4588,2021,-0.3362475648626159,0.29818745313267353,-1.1502615297076246,0.286181343237347,-0.016461806161481584,0.26229940581694033,-0.7559278170877117,-0.262299405816939,-1.570822682586223,-0.8219459794698627,-0.5468088429371146,-0.5621409500267193,-0.6866789172232656,-0.13542661048749008,-0.10847731697484322,0.001634645830314522,0.0523734283537232
A4592,2021,-1.0280472809930006,1.4556011061004703,1.2216278516693977,0.886863574209186,-0.016461806161481584,0.7005167811398438,-0.33297074204678406,-0.7005167811398418,-1.570822682586223,-0.874314770625379,-0.678138955186036,-0.6147598673289585,-0.5623688279884135,-1.4736125195492447,-1.5322341158208623,-1.492251935987913,-1.1731337272011149
A4597,2021,0.3375993905093488,-0.327393689660182,0.011047159265265633,0.20322069782684318,-0.016461806161481584,0.3634264924299182,-0.6580621103706574,-0.36342649242991665,-1.570822682586223,0.5893783140173506,0.025530042677099067,-0.0044522473363739126,0.2369837449976316,0.022403959183931253,-0.07985803940546304,-0.02840515784148639,0.13397174358936473
A4600,2021,0.04436053505006028,-0.05515873059855224,-1.5902208228674874,0.549332550254436,-0.016461806161481584,-1.174704010127962,-2.1465874273509704,1.1747040101279647,-1.570822682586223,1.0656710067613764,0.8472924771663302,0.23047397233165007,0.8160643890371934,-0.12181867849427531,-0.23696163342334603,-0.20027578748207553,0.07263373557950561
A4601,2021,2.601046157489871,-2.4287159615058,-0.39007269778462783,0.0881539169337148,-0.016461806161481584,-2.881379657040807,-3.798222255526371,2.881379657040809,-1.570822682586223,1.4340079233244771,1.0102376514601121,1.3260933460527549,0.8362116554632318,0.1613407877702494,0.17507164754697885,0.19729721180110588,0.2702205516378204
A4604,2021,-0.007491928226435326,-0.007020293518636207,-0.49488802018089983,-2.0837239074557465,-0.016461806161481584,0.6867834730812914,-0.34513349259638615,-0.6867834730812894,-1.570822682586223,-1.668916093409638,-0.9183719124977694,-0.9173405802994313,-0.943574687309822,-0.27359455693072576,-0.3253454552827421,-0.2931123302916193,-0.1606108429369149
A4613,2021,0.29303084008298586,-0.2860174624826701,-0.7925323145098093,-0.03221916271558921,-0.016461806161481584,0.34220228906670047,-0.6786018265952241,-0.34220228906669914,-1.570822682586223,-0.6902925938833672,-0.38008409680700456,-0.5365840573899701,-0.590764040549222,0.00910902601504568,-0.19614774782199462,-0.18731576035057293,0.09526821689895049
A4614,2021,-0.15318590054790127,0.12823799465311997,-0.812924462827125,0.31252107470225754,-0.016461806161481584,1.8553631406090323,0.6311344709623309,-1.8553631406090305,-1.570822682586223,-0.6215402702993094,-0.5043829746041294,-0.548356715096178,-0.45534344473844185,-0.23474692766866825,-0.1738121973770116,-0.1869343326900405,-0.0952286086695355
A4617,2021,0.2651867554275917,-0.260167773380599,-0.22257362863127042,-1.566242214687235,-0.016461806161481584,1.8965630647846896,0.7095148547109487,-1.8965630647846878,-1.570822682586223,-1.5012774490961696,-0.8134901690253358,-0.8504643435734532,-0.9124725896221636,-0.22167337056317452,-0.31618050444237006,-0.26558404645334277,-0.08451621093000712
A4618,2021,0.0807684876686871,-0.08895888124750226,-1.1620805358629724,0.07564613873654855,-0.016461806161481584,0.3197296031527064,-0.868708592137367,-0.31972960315270393,-1.570822682586223,-0.7745507606587249,-0.5245807071166606,-0.4603805893184509,-0.5175958312407053,0.24768097098411904,0.24729759939679274,0.1770630110203935,0.2775807236724661
A4620,2021,-0.2609485037914946,0.2282817306969748,-0.06614419532690942,0.2792708563780948,-0.016461806161481584,-0.3681842823256973,-1.3670991106390338,0.36818428232569905,-1.570822682586223,-0.2660761292157773,-0.3149985322871777,-0.10930594470676157,-0.42191854212851876,-0.06982387089216684,-0.092450223541892,-0.045723020502529105,0.18832262009675613
A4626,2021,-1.0280472809930006,0.6350667573523139,-0.7627842907470836,0.3928214236696024,-0.016461806161481584,1.6193999385120845,0.40571323699458584,-1.6193999385120825,-1.570822682586223,-1.0542410642602538,-0.5927622389756261,-0.6715031638987711,-0.7836442412600616,-0.1081765863438466,-0.07982571464914315,0.06533783447697865,-0.05084065909054412
A4627,2021,-0.053949229129250216,0.03610937432156376,0.006859970164832358,0.46366195874100335,-0.016461806161481584,0.14743901114541005,-1.0004858891851598,-0.14743901114540894,-1.570822682586223,1.4006557323092337,0.7621396677732618,1.2666168204191215,0.7040012042084671,0.07675154320122145,0.05008991930239682,-0.1758360526467805,0.10153926301189801
A4629,2021,0.660871857340215,-0.6275110347357946,0.11269992595917115,-0.8825512078280359,-0.016461806161481584,-0.38816000313813687,-1.3854097084405816,0.3881600031381391,-1.570822682586223,-0.528797774230604,-0.4872948782031791,-0.4785284175620686,-0.584020226497106,0.2613907169306336,0.18558860030899638,0.13617253347991132,0.42183016557912767
A4630,2021,-1.0280472809930006,0.9198941270709738,-0.24083771869007833,0.6570361968338044,-0.016461806161481584,0.10499060441897637,-0.9081633608697873,-0.10499060441897394,-1.570822682586223,0.2140198835563014,-0.13754203720477526,-0.15916062943314654,-0.31359920112276896,0.024584722162933757,-0.0958618252246522,-0.015404330476917034,0.04417352582268783
A4638,2021,-0.44753670794427447,0.4015052595788434,-0.7953470914423736,0.3530662022166022,-0.016461806161481584,0.7729287690849387,-0.261766409096677,-0.7729287690849369,-1.570822682586223,1.0048178863125088,0.6406099260279682,0.4025569664153374,0.1640062296751031,3.522946935120239,2.854505262498889,3.1916683278118594,2.7996840082962544
A4641,2021,0.11681860752417433,-0.12242682971447456,-0.08046148304814739,-3.7732968575504793,-0.016461806161481584,-0.3357237360054816,-1.3346645271798898,0.33572373600548383,-1.570822682586223,-1.6762301703866653,-0.9399772051150437,-0.9245838407800381,-0.9533515038883897,-0.05899168617700826,-0.08435614659706944,-0.062331541702573136,0.15831169362337344
A4649,2021,0.5585550372919614,-0.5325225921312677,-1.2219914250160504,0.3232906314310994,-0.016461806161481584,1.5582242935239876,0.20131795817360795,-1.5582242935239863,-1.570822682586223,0.7005522840681676,0.32257653951223386,0.1992685105073625,-0.014126135660228021,-0.027156028415878858,-0.08650248491246487,0.04286086735651616,0.20429452494584777
A4650,2021,-1.0280472809930006,0.35422778759563545,0.2643445246692939,0.5631736186196623,-0.016461806161481584,0.2760327138754928,-0.81057349975344,-0.27603271387549144,-1.570822682586223,1.6525525433980581,1.4551666474881586,1.8059989275921395,2.047192822561576,0.39497180517066305,0.16434871919301489,0.1905780576117529,0.3795790847700403
A4652,2021,-1.0280472809930006,1.2632165846094983,-0.9788777625195251,0.7383549507834649,-0.016461806161481584,-1.3532370148891455,-2.319362687357614,1.3532370148891473,-1.570822682586223,0.37492957705090707,0.3054651024968983,0.04331339429089534,-0.24928224064850218,-0.1626991589482714,-0.2345670365049148,-0.26534588446569995,0.10697126692470679
A4654,2021,0.38124412177185024,-0.36791226831134066,-0.8748443179984392,0.32297132680415147,-0.016461806161481584,-2.6142043911744217,-3.5396634748171274,2.6142043911744235,-1.570822682586223,0.41208508809420735,0.19993828464531738,-0.06236897524958837,-0.1209502609472737,-0.5156099372101959,-0.6188435639194598,-0.3802223282248754,-0.10887899489872072
A4657,2021,-1.0280472809930006,0.20277482027920912,-0.6948451974715345,0.5108350050926559,-0.016461806161481584,-0.09976053390853384,-1.188419476219906,0.09976053390853629,-1.570822682586223,1.0457767173838624,0.4695500259927612,0.6386407066329145,0.13450918582117172,-0.13875505969319066,-0.23571138123122404,-0.11900803555084215,-0.05717839538247196
A4664,2021,0.3207415137349973,-0.3117436414360761,-1.2851176042639314,0.4159801932745747,-0.016461806161481584,1.8965630647846896,0.447457909951575,-1.8965630647846878,-1.570822682586223,0.4079892049870702,-0.04455915936916143,-0.19130564575785267,0.22025029975766194,-0.11516913838700878,-0.3595077170436685,-0.2667422117494937,-0.10544148979068871
A4665,2021,-1.0280472809930006,1.0018762853613308,-0.25870216853747297,0.6820445716361814,-0.016461806161481584,-0.3507055266148122,-1.6592645366441223,0.35070552661481397,-1.570822682586223,1.1976169554269522,0.6461062234826725,1.1114486293809605,0.3644808278953618,0.05792330594721074,0.007533881037961561,0.04790440826097934,0.2293300907184512
A4671,2021,-1.0280472809930006,0.7301447704964453,-0.46773969421683864,0.6355704184785902,-0.016461806161481584,0.8153771758113741,-0.22865593486285224,-0.8153771758113719,-1.570822682586223,0.6148313018974045,0.023148879935867946,0.3386541086619674,0.15275641344098523,-1.0620271899211646,-1.1324882698486005,-1.0848750665943596,-0.9308053142851417
A4678,2021,-1.0280472809930006,1.51183843285358,0.021243748497026257,0.8820429306090062,-0.016461806161481584,0.16491776685629514,-1.1758887752863318,-0.16491776685629403,-1.570822682586223,0.2011471080767361,-0.1876117354409857,0.02577752968132057,-0.12608538378907652,-0.2274738784027652,-0.2847567448422316,-0.36240998900070415,-0.19054173944292122
A4681,2021,-1.0280472809930006,0.6254340714203918,-0.2577487551284731,0.6160242658423475,-0.016461806161481584,-2.881379657040807,-3.9335396773166584,2.881379657040809,-1.570822682586223,1.5071486930947526,1.1216803721666755,1.2974663540684426,1.6136016477619253,-0.008876088443745355,-0.11657419187063865,-0.12586960775867173,-0.0972502633475276
A4690,2021,-1.0280472809930006,1.1834637780708372,-0.6323799137879745,0.7299354319145475,-0.016461806161481584,1.7005513043126228,0.39065954250384394,-1.7005513043126215,-1.570822682586223,0.6016659633387551,0.011162549805739027,0.14171629723441262,0.14808515621247917,0.033026205273913506,-0.08677924947651422,0.22443259873990612,0.06141908496142228
A4692,2021,-1.0280472809930006,1.3844823740753067,-0.4148109325940798,1.1765660243850309,-0.016461806161481584,1.2873035800052697,0.16175993713688794,-1.2873035800052675,-1.570822682586223,-1.2710303058593448,-0.7687147010994101,-0.7419912110369268,-0.8464704869811817,-0.10647201268440323,-0.18251577078428613,-0.15186966866265755,0.019507225129812802
A4701,2021,1.2129577211573108,-1.1400528400111163,-1.0656355746302122,0.24457237336081397,-0.016461806161481584,0.34220228906670047,-0.6786018265952241,-0.34220228906669914,-1.570822682586223,1.0084749248010234,0.6561181629703198,0.34283291786245473,0.8455046174244947,0.3198701913989588,0.04269494665632515,0.2026227169691271,0.3721233124042131
A4707,2021,0.3962495579570465,-0.3818429061839399,-0.7536224913630806,0.2648063015343407,-0.016461806161481584,0.7204925019522834,-0.5208640247143521,-0.7204925019522819,-1.570822682586223,0.13502785220440605,-0.21324647797753743,0.01004053969630435,-0.13073134366730482,-0.27763838104292604,-0.3624713211230619,-0.14670713170530844,-0.12860689952485022
A4709,2021,0.7993185976303898,-0.7560412140535366,-0.007053259194832799,-0.3953745901442132,-0.016461806161481584,1.091291819533201,-0.026704691988767057,-1.0912918195331998,-1.570822682586223,-0.37929804082016133,-0.42497304754009213,-0.43108597075414457,-0.3092318572167095,-0.10399728940239407,-0.14595130659119887,0.0676026041408097,0.03859590910065648
A4710,2021,0.9536157147403564,-0.8992864510940659,0.06133679650733777,0.4121258190612637,-0.016461806161481584,-0.903783296609246,-1.884403990837398,0.9037832966092468,-1.570822682586223,1.6581112419005977,2.430375145129342,3.2715067371426767,1.878974879116331,0.30662396412427567,0.015171558812041542,-0.058552265080513116,0.48538119010445424
A4711,2021,-1.0280472809930006,0.6073027397455755,-0.1574029987283262,0.5526538293725831,-0.016461806161481584,0.7991469026512654,-0.27945460518341625,-0.7991469026512632,-1.570822682586223,0.47118283006858847,0.018058800999094907,0.06273694349468582,-0.06866249835593544,-0.07214675517533876,-0.38831335012405205,-0.10835096863918894,0.22768576552367054
A4723,2021,1.318109999572645,-1.2376730082032834,0.28355872972879104,-0.15758317255894277,-0.016461806161481584,-0.19963913797073535,-1.3320578629578221,0.19963913797073624,-1.570822682586223,0.6780249269789228,0.045045114505740426,0.2543794480338955,0.3082146229357592,-0.24671087034703038,-0.26655590807143514,0.020211025375006048,0.04858138919414222
A4733,2021,1.496698208611234,-1.4034694327608737,0.17344010990406858,-1.1734025055554664,-0.016461806161481584,1.814163216433375,0.668333653640241,-1.8141632164333732,-1.570822682586223,-0.8997677585054324,-0.64942637736248,-0.6667965491596046,-0.5942817956331805,-0.21444866598580675,-0.2682559396723383,-0.26966194300897917,-0.11028779364419437
A4737,2021,0.4488320787757264,-0.43065908499492966,-1.2134504949553049,0.14378363308190115,-0.016461806161481584,1.7704663271561614,0.32924737267037074,-1.770466327156159,-1.570822682586223,-0.5565912667433082,-0.513957247292593,-0.380903184542313,-0.2816516236859214,-0.04418401740340798,-0.14847877631006523,-0.11037300996364016,0.15629436744162756
A4742,2021,0.13922953614496458,-0.14323252487399946,-1.0141303174910934,0.3102590113437889,-0.016461806161481584,1.8965630647846896,0.447457909951575,-1.8965630647846878,-1.570822682586223,0.1426344922605158,-0.1751687184715717,-0.1881099637697247,0.1778190322651864,-0.1047863296163598,-0.13369082538099689,-0.03049377859804738,0.06788713840600362
A4744,2021,1.706494496628874,-1.5982385870406124,-1.054952460062944,-0.5054136351845198,-0.016461806161481584,0.8615710301901405,-0.35491962150626183,-0.8615710301901383,-1.570822682586223,-0.21282964882301975,0.02661800102548836,-0.270154407279353,-0.3791139113306578,0.07073759739604596,0.04057724276487479,0.20874521334912205,0.24919062093976363
A4749,2021,-1.0280472809930006,1.7096041821379937,0.8140706999289826,0.7956962336452175,-0.016461806161481584,-0.3357237360054816,-1.3346645271798898,0.33572373600548383,-1.570822682586223,1.6121788384848654,1.7498992152615969,1.9234174578268908,1.5169574425029633,-0.2001151465673164,-0.503591360344591,-0.5211878030412606,-0.3851366652649717
A4752,2021,-1.0280472809930006,1.6726439319075113,-0.8638175831470413,0.7550422083374695,-0.016461806161481584,1.2573399987866085,-0.15178758596897896,-1.2573399987866072,-1.570822682586223,0.9732210737717482,0.244760815393331,0.4957461467315875,0.6585605598523211,-0.7649055636241316,-0.724224211286889,-0.6674590934292682,-0.5556302674581542
A4754,2021,0.22718114045777685,-0.2248843965606535,-0.7101315621583915,0.4791568648690761,-0.016461806161481584,0.21610555143817403,-1.1279023195583187,-0.21610555143817137,-1.570822682586223,0.8307428542592542,0.20013783878085584,0.4787812240149515,0.14568945334436356,-0.791881532383174,-0.7862509112597986,-0.831626782707739,-0.6380164003601155
A4756,2021,-0.10328394084214829,0.08191037570128282,-0.5979451874886013,0.5011038789390827,-0.016461806161481584,1.8965630647846896,0.447457909951575,-1.8965630647846878,-1.570822682586223,0.010103417436778814,-0.3312464997452988,-0.2563992003148881,-0.07275121204607443,-0.8430047152751466,-1.0692747572863,-1.1240731672440536,-0.7573306007954307
A4757,2021,0.6426744757366174,-0.6106167058802675,-1.0591010848309605,0.3816682732550565,-0.016461806161481584,1.2136431095093967,0.16473475721343006,-1.213643109509395,-1.570822682586223,0.35649810306879537,0.27964048483597453,0.19181582954426113,-0.1650578832168742,-0.7866045784839747,-0.7549518887632458,-0.9422467200068821,-0.7491281888674265
A4764,2021,-1.0280472809930006,0.3340910603636064,-0.7717822656027161,0.4815270664294911,-0.016461806161481584,0.8378498617253682,-0.5450424426668425,-0.8378498617253669,-1.570822682586223,1.5463521456916198,1.0078079336394572,1.3745136651753678,1.6358095995809798,2.550148937158025,2.8667774022226578,1.6800618128542693,1.91964917884733
A4765,2021,-1.0280472809930006,0.7093329418744555,-0.184032221491616,0.6259501236239469,-0.016461806161481584,1.2785642021498262,0.08010478793006422,-1.278564202149825,-1.570822682586223,1.5838002198140004,1.3605087106283489,1.7985641127420944,1.245462290184176,0.6528059342613457,0.39165005444041656,0.2706186838775635,0.6166722929584121
A4768,2021,1.6141437280803608,-1.5125026512085855,-0.9571869320698345,0.23416465838050304,-0.016461806161481584,1.8965630647846896,0.447457909951575,-1.8965630647846878,-1.570822682586223,0.9802425876696969,0.6691587095086928,0.27633252339251335,0.2694348063779881,-0.057611197468822845,-0.30129065752701467,-0.1785606724387291,-0.06849839090753518
A4771,2021,-0.048158175373221784,0.03073306529610354,-0.20855249472066784,-0.5277508030482667,-0.016461806161481584,-0.2970207769313788,-1.6089372781976696,0.29702077693138146,-1.570822682586223,-1.2549393365098873,-0.7652709764938698,-0.7150211966980813,-0.7650286108869204,-0.027406524491269492,-0.035484815182376915,0.09001275108556338,0.12576088012664804
A4775,2021,0.9551495208259544,-0.9007106827634499,-0.3604016367363101,0.2250358191984349,-0.016461806161481584,1.1899219410446245,-0.2149892593668499,-1.1899219410446222,-1.570822682586223,-0.16426417769555643,-0.36625580851618944,-0.3636613764873359,-0.01747301231319122,-1.0328234406792,-0.9987655221463516,-0.9401551077016712,-0.7757178746900875
A4776,2021,-1.0280472809930006,0.29409585378475067,-0.9769874469006452,0.5530252005412089,-0.016461806161481584,-1.0873102315735383,-2.349801338583823,1.0873102315735392,-1.570822682586223,1.5349421856074568,1.6224563924824238,1.719493532432246,1.1751335257890123,0.6983017140057839,0.7222293028121939,0.7085130942042663,0.5706467026043082
A4777,2021,0.08151649349851658,-0.08965330946760476,0.8278593772277605,0.289786433345277,-0.016461806161481584,1.2785642021498262,-0.13189076286224183,-1.278564202149825,-1.570822682586223,-1.2947279152649156,-0.7815374757676318,-0.7709269629312604,-0.7130159142970464,-1.5063537134941405,-1.6915152436417857,-1.8115483211401553,-1.4855571681105384
A4778,2021,0.5406762104138557,-0.5159246729314109,-0.31735451473700216,0.21176050836101654,-0.016461806161481584,1.6980543392110665,0.2613640938356217,-1.6980543392110652,-1.570822682586223,0.7233722042364936,0.018625394435805895,0.15592070067045702,0.23285258218558447,0.2833557148176714,0.08125274427173629,-0.10477452359724784,0.16710237039563006
A4779,2021,-1.0280472809930006,0.5355867969897135,-0.6135397544394313,0.401229617720436,-0.016461806161481584,0.8940315765103561,-0.1445692047565062,-0.8940315765103546,-1.570822682586223,-0.35677068373091947,-0.36926536699099666,-0.4415575426589102,-0.5696611785192932,0.2547669334856891,0.26785751114460454,0.21289509406696264,0.45685322745066825
A4794,2021,0.054850125326117966,-0.06489698024116242,0.01839138688374246,0.4643457982134655,-0.016461806161481584,0.14993597624696633,-1.18993359159697,-0.1499359762469639,-1.570822682586223,1.604572198428756,1.6215558115326616,1.6398195451285105,1.4148555060383818,0.19686005700980388,0.2785306266087265,0.1394476803106859,0.23600716299140798
A4795,2021,0.18772496438385441,-0.18825451043931735,5.7591567694064105,0.1541303735843585,-0.016461806161481584,-0.6540867864537457,-1.9436720669345413,0.6540867864537466,-1.570822682586223,1.724523060852008,2.940215101585621,3.2697105949455443,2.4235733427899864,-0.3819841718029528,-0.44449420185967337,-0.2957694807441491,-0.22547212828340232
A4796,2021,-1.0280472809930006,0.5470146519956862,-0.48235471327605217,0.5815234147113826,-0.016461806161481584,1.7055452345157318,0.4142718460952151,-1.7055452345157303,-1.570822682586223,1.1414448442433798,0.49378459509064687,0.5350942929598591,0.8537618659940673,-0.05655800018907981,-0.18715445053959404,0.04636530262439701,0.005590575103965913
A4799,2021,-0.16852392843410477,0.14247756198628583,-1.0013609475709797,0.32307394070459367,-0.016461806161481584,1.017631349037328,-0.024955563213445716,-1.0176313490373259,-1.570822682586223,-0.17187081775166618,-0.2885394050867789,-0.3793696857696178,-0.3961364830561841,-0.0874421542788758,-0.2392244524117324,0.1024277573140831,0.12525895513824786
A4803,2021,-0.08662171978627241,0.0664416723888977,-0.5458046262004262,-0.5786244408701046,-0.016461806161481584,0.5032565381169989,-0.5227416270088099,-0.5032565381169967,-1.570822682586223,-1.3702091896678381,-0.8039567208601714,-0.7695009558173246,-0.7993234965870913,-0.08626837897327706,-0.08281390018312842,-0.002877559922143213,0.10181844940549736
A4806,2021,-1.0280472809930006,0.8578765666192613,0.2164625626514286,0.6327275438707145,-0.016461806161481584,0.12371784268063782,-1.2145120201405861,-0.1237178426806365,-1.570822682586223,0.5027796426093458,0.13423410780747824,0.2677384408011847,-0.16672489225078332,-0.09265197818146964,-0.004484579320652066,0.07766520105776333,0.07552139654874226
A4807,2021,-1.0280472809930006,1.5777467917939982,5.785388616507357,0.8715169955765035,-0.016461806161481584,-0.32199042794692917,-1.632345305382066,0.3219904279469314,-1.570822682586223,1.7526091164437927,3.9918365990434075,4.42422152417243,4.055955421788877,0.18247853388201846,0.04664436340752583,0.16846591504643388,0.5553940401400336
A4809,2021,0.5488865161575794,-0.5235468969525942,-0.025993845501422138,0.31902973768084153,-0.016461806161481584,0.22859037694594833,-1.1161983059661202,-0.22859037694594656,-1.570822682586223,1.3886606460669062,1.0356078427191384,1.148073618944833,0.7899855648094682,0.030986484749974976,0.11906989824576848,0.08402397597381556,0.26266365917392115
A4814,2021,-0.0772666450725421,0.057756627598428194,-0.7224783253731386,0.24366652602164826,-0.016461806161481584,1.3310004692824815,0.1301983954784527,-1.3310004692824797,-1.570822682586223,-0.25057028602448084,-0.4664651127821328,-0.33328073439008193,-0.40000196594330917,0.008616768479331164,0.042103540225099975,-0.012421710563330005,0.015906350571062804
A4818,2021,-0.43053134137444693,0.385717940859726,-0.561167324862418,-0.20679793169281155,-0.016461806161481584,0.599389694526866,-0.7685891022778304,-0.5993896945268642,-1.570822682586223,-1.4082423899483805,-0.8472603144853379,-0.7995803506752732,-0.8298696831749423,0.12887402726235048,0.023402051123246097,0.0679608237525387,0.13592757326656524
A4824,2021,0.16186133256263036,-0.1642432676747937,-0.045299922400080794,-1.9238536602874614,-0.016461806161481584,0.7217409845030616,-0.6538897690742869,-0.7217409845030593,-1.570822682586223,-1.584950489713363,-0.87707698090516,-0.8881229383159072,-0.8883306768973005,0.04009073766088562,-0.09773357514701513,-0.06672324698121972,0.005442100335084563
A4825,2021,-0.9421829984252544,0.8607213904976602,-0.6467680247378201,0.6294442443254094,-0.016461806161481584,-0.8738197153905848,-2.149662706157232,0.873819715390587,-1.570822682586223,-0.27573071082545386,-0.3102328676801137,-0.32863678229088666,-0.5122849310137167,-0.11709250884529696,-0.29965488151741315,-0.10431994841300041,-0.05544820762510867
A4830,2021,0.2864268701082817,-0.27988663741655634,0.42273348233614644,-0.032007236699130935,-0.016461806161481584,0.2585539581646077,-1.0881086733448444,-0.2585539581646066,-1.570822682586223,-0.13061942360122875,-0.4096461773664444,-0.2689821254906771,-0.2704570523450655,-0.24652569367868318,-0.19431578387685247,-0.23438327652533977,-0.10395793990876129
A4832,2021,-0.197159064675773,0.16906181174952045,-0.06233392546107536,0.5053653941732598,-0.016461806161481584,-0.4905355723018929,-1.4844836337590788,0.4905355723018942,-1.570822682586223,1.5285057978676724,1.7542802304974736,1.4221571396543788,0.5910359591325453,-0.02174867721281413,0.06850789874496935,0.10960734323435925,0.046142041744163774
A4839,2021,-1.0280472809930006,0.0043173526912690255,0.45494245849391474,0.5106594704123572,-0.016461806161481584,-0.03359095871732616,-1.3619825914022852,0.03359095871732882,-1.570822682586223,1.658988931137839,1.8772700923648926,2.4097565875125877,1.6489476738524527,-0.31480416716758325,-0.018181558018103096,-0.33138863983130096,0.06327838252176923
A4842,2021,0.5491522974788923,-0.523793641085508,-1.0560686570155657,0.23577471605392794,-0.016461806161481584,1.8965630647846896,0.447457909951575,-1.8965630647846878,-1.570822682586223,-0.0027693580427897084,-0.2830378534553437,-0.1764979356589239,-0.23367989963007452,-0.13258640337580252,-0.30176565321183313,-0.2654756419207394,-0.21954467529727284
A4856,2021,1.163198886177039,-1.0938577537500782,-1.080785664722073,0.2931076434096553,-0.016461806161481584,0.7916560073466019,-0.5883472929579752,-0.7916560073466006,-1.570822682586223,0.0633498978295366,-0.2709033670711196,-0.26628836828636854,-0.14553399004096373,-0.8838407307873243,-1.0968866738516994,-0.9782627910177495,-0.8873613360221635
A4862,2021,0.779147801860325,-0.7373151971615957,0.2949062028195945,0.1776541614112267,-0.016461806161481584,0.7829166294911585,-0.46160319639942393,-0.7829166294911569,-1.570822682586223,0.9530342213151535,0.12427942657802192,0.4779780101024295,0.4298420086327183,-0.38347672677956335,-0.41711789119292486,-0.47789707686690125,-0.34045378903474327
A4868,2021,0.1463640981564491,-0.14985609751977366,-0.7970701176094707,-1.2260844544209644,-0.016461806161481584,1.5245152646529938,0.09867830490406507,-1.5245152646529925,-1.570822682586223,-1.5390180862976308,-0.8457985260888498,-0.8664204562694139,-0.8695307305165692,-0.12756641058465548,-0.2599222433031675,-0.0921780633027713,0.032238793167082544
A4873,2021,-1.0280472809930006,0.6343055276426881,0.10250440835756541,0.4978820372480128,-0.016461806161481584,0.7929044898973783,-0.4070755209207456,-0.7929044898973769,-1.570822682586223,-0.2552512952897753,-0.4493834553729974,-0.44765760431376267,-0.26116620524575673,-0.17986285340384947,-0.26924857807191377,-0.25561253553560676,-0.1795776482476674
A4876,2021,-1.0280472809930006,1.1980747758223569,0.03761279669529692,0.7445888488159794,-0.016461806161481584,0.18988741787184552,-1.1524807481019352,-0.18988741787184396,-1.570822682586223,0.8556107159811468,0.2967485190348187,0.4098800293313707,0.10951713798605742,-0.04328404218479458,0.03162973995818744,-0.021841807853578275,0.0819301514047786
A4884,2021,-0.08908489611433412,0.06872836967368326,-0.6869916965101686,0.4913800034312339,-0.016461806161481584,1.0463464477052111,-0.03423829715608341,-1.0463464477052098,-1.570822682586223,0.9875566646467226,0.21823777633344776,0.4295138261365958,0.5731732558090307,-0.1322724444986007,-0.12079977792656374,-0.1999757029425163,0.009385065724803854
A4885,2021,0.6033251866712375,-0.5740862745376113,-0.30173641376976557,0.2780525407350927,-0.016461806161481584,0.11497846482519616,-1.2227048296551248,-0.11497846482519396,-1.570822682586223,0.29740036109441403,-0.11033962143651388,0.041922028983156466,-0.0979772162432587,-0.7687046854079803,-0.8110590326777083,-0.9211279377645022,-0.739655317747543
A4888,2021,1.2108030631897515,-1.1380521738923897,-0.02930148488983988,0.07524873429708379,-0.016461806161481584,-0.5691899730008748,-1.8640847745075928,0.5691899730008766,-1.570822682586223,0.8649727345117427,0.34346041668838334,0.4096823999509267,0.29857107144033246,-0.3477190198573058,-0.404782498097195,-0.4379146789055529,-0.2635784577762092
A4889,2021,1.8019041076698683,-1.6868142688517738,-1.087733301479146,-1.3324887852865244,-0.016461806161481584,1.1711947027829612,-0.2325452797551473,-1.17119470278296,-1.570822682586223,-1.0814494306147937,-0.6810386817920273,-0.6497692770143209,-0.6861668581628599,0.0340294867215038,-0.07274061760862818,-0.17679038695213461,0.010222931216325603
A4893,2021,-0.37753131911147675,0.33651416508987986,-0.33896284188943915,0.29116488467813456,-0.016461806161481584,1.3047823357161548,0.25293471511891985,-1.3047823357161534,-1.570822682586223,-0.4462949859297326,-0.42409674670681946,-0.4427649941029851,-0.5012020539373929,0.0685465528949288,-0.14889077981158372,0.016655332637445043,0.05471730160435193
A4894,2021,0.1333504273467768,-0.1377745205434113,-0.6765506194356796,-0.020482162685808818,-0.016461806161481584,1.3796912887628041,-0.0370882527654354,-1.3796912887628023,-1.570822682586223,-0.8304303087632138,-0.6241466362427192,-0.5352263017258817,-0.5604784304578138,-0.4146354036636471,-0.4383987890586463,-0.33981110112447194,-0.19117796903556425
A4895,2021,0.40313327103653956,-0.38823355774153323,-0.8376301710620281,0.4845410562764622,-0.016461806161481584,1.1374856739119692,-0.2641461164540828,-1.1374856739119672,-1.570822682586223,0.7824699462108747,0.31349577605070095,0.46458563825356114,0.4130146184606035,-0.7853090792821897,-0.8555950847313964,-1.030956431160787,-0.762177089543644
A4901,2021,-1.0280472809930006,0.5406937438887794,-0.11179932056589528,0.45935583477217923,-0.016461806161481584,1.164952290029074,-0.23839728655124656,-1.1649522900290723,-1.570822682586223,-0.3084977756825366,-0.25029231894424303,-0.3794932823566209,-0.4965987317659689,-0.12065578344737365,-0.21942582213195888,-0.10657739065643268,0.05977678805675649
A4911,2021,-1.0280472809930006,0.6327244818577373,0.992796597280186,0.6012913680530225,-0.016461806161481584,1.1849280108415137,-0.21967086480372922,-1.1849280108415123,-1.570822682586223,0.44924059913750414,-0.12818344407344173,0.0008668689345632154,0.029610262838424762,-1.4334339834345673,-1.5468361872725143,-1.3620197178324147,-1.0876425253934723
A4922,2021,0.9522753645943915,-0.8980423303684503,-0.6441293659790017,0.09937667354721473,-0.016461806161481584,0.7991469026512654,-0.37789390965519487,-0.7991469026512632,-1.570822682586223,0.5747501600632959,0.11519878103965954,0.22331038927902583,-0.10630129976330756,-0.17277954827935002,-0.22889896702382992,-0.21769048096199953,0.020746255767329237
A4923,2021,-0.0876541945877013,0.06740014538047948,-0.812331062166587,0.49183071738021505,-0.016461806161481584,0.8815467510025818,-0.29917538350772743,-0.8815467510025794,-1.570822682586223,1.1180397979168928,1.0800666842187738,0.5234717934897403,0.24833519224297707,-0.05741049513523951,-0.13672596765709077,-0.22578488101676406,-0.1356492510118526
A4924,2021,-1.0280472809930006,0.6226674329179909,0.23793171266105081,0.5707901802649314,-0.016461806161481584,1.0413525175021021,-0.0019994097859882837,-1.0413525175021008,-1.570822682586223,0.8898405962336353,0.4338813137989505,0.17737988919466013,0.26257521431058384,-0.10117363139280122,-0.17929980286116715,-0.15465700840934624,-0.041643492714027695
A4928,2021,-1.0280472809930006,0.9968344209675757,-0.5732101360061685,0.6794127253457696,-0.016461806161481584,0.842843791928479,-0.5403608372299631,-0.842843791928477,-1.570822682586223,0.4863961101808045,0.15161050412382132,-0.039489660270066194,-0.13927856396765773,-0.2401373746147282,-0.3462807820540603,-0.27157929776117123,-0.20014078407359365
A1001,2022,0.8052922725219208,-0.7615870109671016,0.500104087977853,-5.149874071122766,0.18428834568947705,0.5744200435113156,-0.791997129462227,-0.5744200435113143,0.6719004840000415,-1.5673967049684974,-0.9014362817006415,-0.886058496746546,-0.8264955280784254,0.28697943324565706,0.20928841754046212,0.06957128212136163,0.14680586492901945
A1006,2022,-1.0280472809930006,1.2129578038710582,0.8818246760718952,1.0243068836142795,-0.016461806161481584,-0.19089976011529192,-0.7543441537662383,0.1908997601152937,0.6719004840000415,-0.7973706808270505,-0.689789213627535,-0.6427872477259693,-0.5922692299172885,0.2892299188037347,0.2170322405406431,0.11840650621487107,0.2300801961571508
A1023,2022,-1.0280472809930006,1.5648635295386006,-0.5218081916291714,0.8238180357216427,-0.016461806161481584,-1.7702301868488313,-1.1815467850259413,1.7702301868488326,0.6719004840000415,1.3968524122811765,1.2994170114395003,0.8320048569451316,0.7839255145320749,1.50821967479824,1.0333322397204476,0.9637744866100614,0.9842965831691676
A1026,2022,-1.0280472809930006,1.14349600894146,0.32127510582843566,0.9267397778651302,-0.946043674203098,-0.1859058299121829,-0.7854033951001331,0.1859058299121838,0.6719004840000415,-1.2455773179792915,-0.803013495960847,-0.7554544400134201,-0.74487400550024,-0.28388699832396586,-0.32555582603235256,-0.3965661985922367,-0.23809524130970314
A1027,2022,0.20600781923166006,-0.20522783726884072,0.5448351604851429,0.2142957484288722,-0.010207535797755083,-0.7751895938791632,-1.29731059892112,0.7751895938791641,0.6719004840000415,1.3155198762966342,0.6347572813004074,0.940874941223496,0.7454107078202502,0.5193955266693735,0.504318804752531,0.35014373440654156,0.368912979499636
A1032,2022,0.27229861432632424,-0.2667702292970092,1.5939960025357875,0.33874065260944974,-0.26020706696320395,-1.475588304865341,-1.6384972258793127,1.4755883048653424,0.6719004840000415,1.4313748556127457,0.6742626910009112,0.9853852285375614,1.1073260192298768,-0.0999848106799994,-0.19324262034496087,-0.15779906083566056,-0.015559855108954702
A1033,2022,0.18795388436115376,-0.18846686158547918,0.24437807994458766,-3.263004766974724,-0.23349075371465047,-0.6977836757309576,-0.9038094029485002,0.6977836757309593,0.6719004840000415,-1.62942007773369,-0.9210067286647555,-0.8940884541686133,-0.9185832212021999,-0.12690121962564652,-0.16872042529183784,-0.1710341055420096,-0.09341684299815758
A1037,2022,0.29349809622871337,-0.2864512503499164,0.25478355539740594,0.2454281567175971,-0.480286942206974,0.4395839280273457,-0.9184004762579688,-0.43958392802734414,0.6719004840000415,1.3854424521970141,0.8401240313557811,1.1347320112921544,1.164731109403834,0.9276478631707612,0.9585249574915778,0.7813520911546956,0.7250422012460488
A1041,2022,0.9598833487381501,-0.9051050371498524,0.10831799557605273,-0.4466212564251282,-0.1737256896124759,0.1312087379853031,-0.614740506707746,-0.13120873798530133,0.6719004840000415,0.3518170938035006,-0.218906037302938,-0.019451465460772845,-0.05203301416595444,0.3032075678121139,0.31444603999627396,0.19807892543253577,0.2902837208184562
A1051,2022,1.2528672850418434,-1.177103450695144,-0.5849208492593091,-0.057578814039870106,0.006455669862571776,0.6668077522688518,-0.7053874288799583,-0.6668077522688505,0.6719004840000415,0.12156995056667648,-0.2672204467833242,-0.24314562886473304,0.02408707336438734,-0.1828482883887931,-0.32324646576253274,-0.3294588305214577,-0.22787004351287476
A1052,2022,-1.0280472809930006,1.2436887661907527,-0.3528898571924548,0.7272215497467969,-1.3000803190673191,-0.021106133209551858,-0.8057938883479655,0.021106133209553634,0.6719004840000415,1.4114805662352319,0.9140083310418027,0.9461794507824676,0.8502260250990761,-0.07440428467798368,-0.051073888629424906,-0.0762715013148426,-0.06492024057269004
A1059,2022,0.11415088566725488,-0.11995018947057243,0.33084368985427764,-0.25198388679337147,0.24173799223300318,-0.9749468020035627,-0.254125617550485,0.9749468020035644,0.6719004840000415,-0.7584597913092639,-0.6764704387299225,-0.6151397919970006,-0.5386931217588269,-0.3154173830353248,-0.40137785720122554,-0.4640081914207542,-0.3307084412042667
A1061,2022,-0.622483826329093,0.5639213948377445,-0.6045801007388297,0.26335451509901364,-0.3727882216493254,-1.1659646322725203,-1.0343371218578201,1.1659646322725221,0.6719004840000415,-1.3040899337955119,-0.7949939072307176,-0.7631356220686276,-0.7812512924719665,-0.3642307673511098,-0.3856249296227362,-0.39674879974052074,-0.23872119094636673
A1063,2022,0.429612550495368,-0.412816022280786,-0.8736968311615123,0.1375507708559187,-0.3079178702969694,-0.24957844000183432,-0.6000480893941564,0.24957844000183654,0.6719004840000415,0.7985609155603357,0.35857573111766156,0.5052309904256114,-0.006832351374709049,1.0259801097484091,1.1351505161060669,0.6975118594411791,1.035858651301451
A1066,2022,-0.011852553556904745,-0.0029720316303130483,0.22023582032111375,-0.2875563143086307,-0.009405014276243368,0.40337793405479916,-0.8145070740471082,-0.4033779340547965,0.6719004840000415,-0.8746073337044594,-0.5058100516455292,-0.6406782866052934,-0.7308005172413865,-0.116768955773818,-0.15148619645343,-0.23753187773675247,-0.12757640550858224
A1070,2022,2.6732081666999887,-2.4957092828213088,3.5535452978673505,-2.3269612505177135,-0.20188191406829076,-1.7702301868488313,-1.4701879775354019,1.7702301868488326,0.6719004840000415,0.6829984993233009,0.06274313221619482,0.370782744272779,0.12182834594367156,-0.7819906733287181,-0.6755646299742714,-0.7112369604628339,-0.7961502499016724
A1080,2022,-1.0280472809930006,1.533005466806782,-0.03168783891323718,0.7962280167187741,-0.016461806161481584,-0.7065230535863992,-0.33621292823876237,0.7065230535864019,0.6719004840000415,1.3365844179904705,1.733186948467721,0.7166388531056476,0.35907662711773214,0.09345681222562907,0.05849784789548069,0.13667316229014145,0.1681100597183547
A1083,2022,0.780989881377868,-0.7390255702040386,-0.14631451360961042,0.17653107091540482,6.014482064023287,-0.48679012464956023,-1.2452253117555045,0.48679012464956156,0.6719004840000415,1.330148030250686,1.4019687574967659,0.8501852891929297,0.6095519394736798,0.6555583904421867,0.39213238334425937,0.3435860987013079,0.27375958685897844
A1095,2022,-0.10507846966038485,0.08357636733326616,-0.26286614109703416,-0.073934406342311,-0.058374702856143865,-0.4880386072003366,-0.45264537178526454,0.48803860720033926,0.6719004840000415,-0.7526085297276405,-0.5766267464284344,-0.48464348975245536,-0.6162764477058721,-0.11947041998992682,-0.11870063561920317,-0.1278331436287061,-0.1273825049744283
A1131,2022,-1.0280472809930006,0.7285439408889736,-0.06597333573272397,0.5659649791160105,-0.016461806161481584,0.36217800987914006,-0.7739759602849913,-0.3621780098791392,0.6719004840000415,0.10138309811007835,-0.2541624754691363,-0.1755547892113795,-0.04981136053464443,0.05676280980253289,0.05208174125175541,-0.09564002421776413,0.07433012994938228
A1161,2022,0.07203890683613859,-0.08085457639045382,1.7359597238118525,-0.7330247318501495,0.7326366168040896,0.1411965983915229,-0.6475173095695641,-0.14119659839152135,0.6719004840000415,-0.9626688205078702,-0.744821077936488,-0.6741906195603741,-0.6316623215989607,-0.5087714596306864,-0.6041993912218098,-0.7035696080066919,-0.5855781081762371
A1175,2022,-1.0280472809930006,0.43371549661017544,0.28278044392157364,0.0496463589754582,-0.946043674203098,0.030081651372325255,-0.7351905409671022,-0.030081651372323923,0.6719004840000415,-1.065943587423497,-0.6916109347666781,-0.6671909259077726,-0.6818209712640086,0.0013066018228492517,-0.05772150020079744,-0.04681463019353882,0.10084482630256025
A1196,2022,0.42475114290626953,-0.4083028321268736,-0.04949378841272908,0.11390883203062754,0.001080037305657768,0.9976556282248885,0.5505153184707691,-0.9976556282248871,0.6719004840000415,0.25556384078581923,-0.09890999049012249,-0.015552566026927816,-0.06585389478415966,-0.05656727784944534,-0.07200606099623126,-0.10865140342846803,0.05360815737421408
A1199,2022,-1.0280472809930006,0.8173748832913216,0.421251140055688,0.6062725616656708,-0.946043674203098,-1.7702301868488313,-1.8798034134517403,1.7702301868488326,0.2233558506827886,0.03380102684234604,-0.32335236220536684,-0.22004820936852643,-0.16971184159836894,-0.05466167587157012,-0.19152788389898184,-0.16277194376704196,-0.18444059159704082
A1204,2022,-0.31822237037366563,0.2814533539762315,-0.2020947717852283,-0.07843733355222544,-0.11865220736066565,0.18614197021951287,0.48692034387480976,-0.18614197021951154,0.6719004840000415,-1.0369798425944674,-0.6846879357832749,-0.645389061842725,-0.7721924918714381,-0.10597738155761649,-0.05062550106801706,-0.19585556966177373,-0.017942946782406266
A1215,2022,0.24790753827147663,-0.2441262192429514,-0.0839009474583967,-1.7191976936626021,-0.06560041478074594,-0.37317821252880806,-1.0853141303225153,0.37317821252880895,0.6719004840000415,-1.3962473037060557,-0.8144352826405471,-0.7889779562949165,-0.8693058708349947,-0.12932115278542208,-0.11325069003457718,-0.21423370117516025,-0.037447969846636585
A1216,2022,1.1427421221868987,-1.074866386806822,-0.583518965449137,-0.36386031451400436,0.012147059128378712,-0.01486372045566471,-1.3444265710139878,0.014863720455666262,0.6719004840000415,-0.11716152196349916,-0.3068544014436161,-0.2617212898133827,-0.27348646248024405,-0.040579255317647445,0.13133096248902498,-0.07477092169256558,-0.10374683243635525
A1225,2022,1.6496694200120825,-1.5454839025457836,-0.6092470034365186,-0.3584894504839974,-0.06922876674921971,0.9602011517015638,-0.43034310946329896,-0.9602011517015621,0.6719004840000415,0.19441815725786782,-0.17948022032677224,-0.17218145157653067,-0.06335814167946391,-0.13817666458341862,-0.23336565776926896,-0.1971743100287561,-0.1260081775854475
A1241,2022,-1.0280472809930006,0.7624765264110099,-0.47506706592901493,0.5815396423470515,-0.016461806161481584,-0.5679414904500967,-0.9655375960302955,0.5679414904500989,0.6719004840000415,0.18447101256911083,-0.13106234662875815,-0.0704400265131247,-0.2571157125796579,0.13016063011327622,0.19763485233283193,0.12880878954617042,0.19509293995754365
A1242,2022,-0.03238452919164846,0.016089294801425298,-0.0036916275901253703,-0.29518295780414516,-0.28061754495388175,-0.5654445253485422,-1.06458029248992,0.565444525348544,0.6719004840000415,-0.8266269887351606,-0.5960903185702405,-0.5654641512369721,-0.5990327624477523,0.23551414696903847,0.18533666802396181,0.11361777766279732,0.1616839570743805
A1247,2022,-1.0280472809930006,1.3174819303665155,0.8679411725599943,1.112055510192319,-0.946043674203098,-1.3969339041663573,-1.3205607484639912,1.3969339041663595,0.6719004840000415,-1.2019854191962065,-0.7737951760528721,-0.7416432788693609,-0.7349129822035937,-0.6889581859978613,-0.7983234999801482,-0.7067304626527391,-0.5917299479384592
A1251,2022,-0.03443347002021026,0.017991230410861987,-0.6484222530620489,0.4068347121342249,-0.08709242385264551,1.1886734584938463,0.1937617016162243,-1.1886734584938448,0.6719004840000415,0.7005522840681676,-0.05895726296674113,0.0071084140099452195,0.17451331760118238,0.029128944652581288,-0.04393351286193745,-0.009608318930104538,0.11794552530670051
A1252,2022,1.8280803211728616,-1.7111155518458523,-1.2896874758245804,0.004907043651520024,-0.01525308460221673,0.3858991783439141,-0.9687277347044216,-0.38589917834391163,0.6719004840000415,-1.1461058710917176,-0.7320048050658146,-0.7630996269336519,-0.6829227599129093,-1.17604198881073,-1.1520061425594361,-1.514555063537395,-1.1679348059453083
A1262,2022,0.10076713430221472,-0.10752507957425246,-0.8778589881898846,-0.695050199933288,-0.08139560073925145,-0.5267415662744394,-0.44345863541351604,0.5267415662744416,0.6719004840000415,-1.3658207434816205,-0.805751534555722,-0.7940195773073032,-0.8258894077564561,-0.17078111228426082,-0.19093969862341517,-0.20403946672534642,-0.09259944705090871
A1290,2022,-1.0280472809930006,0.6835346464329022,-0.012084620335318907,0.2678513655772734,-0.946043674203098,0.2073661735827306,-1.1360951290728576,-0.20736617358272905,0.6719004840000415,-1.3479743956576733,-0.7187881175952479,-0.8150856550557621,-0.8402244348308547,0.017314294261086372,-0.022539910829389834,-0.17032294273228787,-0.002829173271016047
A1297,2022,-1.0280472809930006,0.9887702308475754,0.0706866982659864,0.7523162417601783,-0.016461806161481584,-1.2808250269440506,-1.382908366433854,1.280825026944052,0.6719004840000415,-1.6273721361801223,-0.8877612311345128,-0.8919328095513865,-0.9238620261697503,-0.7906798332682515,-0.9634350156430653,-0.9610712938609401,-0.8148972753374079
A1392,2022,2.9831591401790005,-2.7834594825818897,-0.24174025250787654,-0.3821057703610624,-0.13626743280946982,0.24856609775838792,-1.036149446805962,-0.2485660977583866,0.6719004840000415,0.9325548057794752,-0.09523640321345751,0.34594807644409237,0.9193979657558322,0.0985313605495061,0.15160005203485982,-0.03661235569307376,0.09356568594734938
A1401,2022,1.5409935534221713,-1.4445920232932203,-0.9292632731962823,-0.12304544671543677,0.07382798561513945,0.15617838900085348,-1.163896265968316,-0.1561783890008515,0.6719004840000415,0.3275343582397691,-0.040757478377592346,-0.04958151703520906,0.08322695083695683,0.09677196241164027,-0.020493538594826364,0.02337912183661596,0.16504074124911805
A1403,2022,0.13016326336999137,-0.13481564439657903,-0.33663417887855,-0.1409730480646918,0.06241312456753227,0.5182383287263277,-0.8425823959698665,-0.5182383287263268,0.6719004840000415,-0.589065768521307,-0.5419702107006737,-0.5164931114087081,-0.6134198542078817,0.03312102356249403,-0.036367233706656454,-0.1251091694005751,0.0213111369773341
A1459,2022,0.8027614883135514,-0.7592376056092985,-0.6572274036266113,-0.44370981142483046,0.2165000429277924,0.6867834730812914,-0.6410141786670481,-0.6867834730812894,0.6719004840000415,-0.6575255290262843,-0.4964231644757646,-0.5434287205022733,-0.6489018065517472,-0.08641266826033821,-0.1244247030056512,-0.171968178654941,0.04895388142453194
A1484,2022,-1.0280472809930006,1.313108979226318,0.9491042937871449,1.1018363120008419,-0.016461806161481584,-0.9125226744646876,-0.65757165098512,0.9125226744646894,0.6719004840000415,-0.6695206152686117,-0.6091010911410343,-0.5552818336265188,-0.5749790995195162,0.09951495411992238,0.035634046476493424,-0.024150430922307193,0.06167702545210525
A1488,2022,-1.0280472809930006,0.4665094803122916,-0.28025325151869285,0.5162391530392262,-0.946043674203098,-0.5866687287117599,-0.5994912486140178,0.5866687287117617,0.6719004840000415,0.7327342227670895,0.10255380652015002,0.10571398649226407,0.17146272614930144,-0.18038228376423418,-0.11019253706069027,-0.3147343758489552,-0.09259863965060908
A1490,2022,-1.0280472809930006,0.5895923856103279,0.29395210046828885,0.166581458637337,-0.946043674203098,-1.033625481890105,-1.3219043933055592,1.0336254818901067,0.6719004840000415,-1.1850167606095043,-0.7578053519781218,-0.7166586507287008,-0.7873158186965218,-0.21503853711928003,-0.16489823683377564,-0.2916912360277702,-0.15613782515505806
A1494,2022,-0.4472041953413831,0.40119656394335607,-0.9090792729467511,0.5792437426418691,0.9870774527122766,0.9527102563968985,-0.43736551761861786,-0.9527102563968971,0.6719004840000415,1.2309691464421963,0.5759111197230065,0.37814202920392626,0.5805317079131184,-0.18776445812171136,-0.0786174298153997,-0.11419576461687495,-0.059476942311361074
A1501,2022,-0.16891861669463973,0.14284381941473723,-0.09420825780281009,-0.6571853944550553,-0.18624513732978198,-0.3132510500914875,-0.7155147691593983,0.31325105009148885,0.6719004840000415,-1.3684538111933517,-0.8220346049525361,-0.778855050593436,-0.814860350302163,-0.059796646175115105,-0.06316867671488463,-0.13241309811053753,0.021664694145877923
A1515,2022,-1.0280472809930006,1.2823823853301874,-0.28990484775972386,0.7583630731330039,-0.016461806161481584,0.2872690568324907,-0.8901436434425153,-0.28726905683248893,0.6719004840000415,0.9150010210346116,0.2195054351430756,0.08958465668489453,0.917757146115655,0.22602403255142678,0.043251848784426415,0.2303955043531939,0.3258227274516018
A1522,2022,-0.08413532217138889,0.06413332016150401,0.637098553498426,-0.04644941812179266,-0.25620071678263406,0.04256647688010133,-0.3480973046669837,-0.04256647688009889,0.6719004840000415,-0.21809578424647852,-0.3553665330311882,-0.3965189268864585,-0.3880362405242262,-0.061681904096264846,-0.049820399900447454,-0.14056738093855897,0.03813034526058595
A1535,2022,0.22182832203158057,-0.21991498586357008,0.030532262358739296,-0.987039849039446,-0.17982606822486727,0.4345899978242367,-0.9230820816948483,-0.434589997824234,0.6719004840000415,-1.4255036116141655,-0.7851490962809742,-0.7926219695558874,-0.827597901954599,-0.5693504835337599,-0.5136126101448921,-0.6695959907761755,-0.46277115757638754
A1539,2022,-1.0280472809930006,1.1505462270625568,-0.35776836635526305,0.7733141808317482,-0.016461806161481584,-1.7702301868488313,-1.4119149770309802,1.7702301868488326,0.6719004840000415,-0.7327142403501264,-0.5449848092151672,-0.4965476383586883,-0.5525554731887176,-0.5696119691883496,-0.7459029803432682,-0.694493755794466,-0.6798052850648358
A1540,2022,-1.0280472809930006,0.2492947560979423,0.7276437909831955,0.44113074978691824,-0.946043674203098,-1.4418792759943473,-0.1541856736432373,1.4418792759943495,0.6719004840000415,1.4328376710081516,0.8369312942426171,0.9796136415226117,0.9006912674907336,0.1904665160848357,0.28060154967557593,0.10394298856170127,0.24175196122867806
A1552,2022,0.7137061301695189,-0.6765609023375295,-0.302763708110791,-2.9454912566820703,0.3857288211530278,-0.6902927804262923,-1.2845600069164576,0.690292780426294,0.6719004840000415,-1.5085915260731972,-0.8631017366002293,-0.8378508644377066,-0.8887335746895225,-0.15949847514806115,-0.12675082338530425,-0.2178719149511978,-0.12437294942124648
A1557,2022,2.163099879871765,-2.022138576759764,0.35517396273455704,-0.06581927648627983,0.14007077516581462,-0.7514684254143892,0.7616800916266507,0.7514684254143918,0.6719004840000415,1.4182095170541003,0.8972987728948526,1.017668690094865,1.095291962360933,-0.3200894037418633,-0.3134385092675905,-0.34031296137136274,-0.13238679590029606
A1596,2022,0.22588303317472727,-0.22367926914837688,-0.8518130584476666,0.459853781499022,0.03913586430112673,0.38215373069158143,1.2426139136023846,-0.382153730691579,0.6719004840000415,1.3184455070874423,1.6032371084508252,1.117837912642493,0.6188087066375048,-0.11932106742513625,0.04883965998882759,0.05853742016777294,0.18146226948832575
A1617,2022,-0.2319400555773172,0.20135120516809837,-0.5159224326167302,0.46488807745988026,-0.39824740726445534,1.0038980409787757,-0.17777433821968966,-1.0038980409787734,0.6719004840000415,0.8216733988077419,0.26953378825390156,0.20842207703061658,0.11238391014453283,-0.12999996492437213,-0.08028544585979004,-0.27318222420735266,-0.04205343520254279
A1622,2022,0.48019998489184007,-0.4597799291303862,-0.7782188469909781,0.30139658160176513,-0.45496215916491894,-1.7702301868488313,-1.6241334028600394,1.7702301868488326,0.6719004840000415,0.7830550723690356,0.6519926911860443,0.44334228992224756,0.28493754599011184,-0.05748739475758812,-0.028094463265339972,0.028858946231598653,0.04775200146163963
A1628,2022,-1.0280472809930006,1.78500595817304,0.19587743241472874,0.8460222060266739,-2.834554417226162,-0.2520754051033888,-0.36674577779519435,0.2520754051033915,0.6719004840000415,1.5287983609467526,1.1006234079179964,1.5085744759874304,0.9885895299905295,0.08096708132765512,0.0744094489693572,0.03400436221969324,0.05133691609546399
A1638,2022,-0.003523489688887025,-0.010704507456478945,0.19451847602332384,-1.6408488042016471,-0.3601805907780374,0.5032565381169989,0.057748643443121285,-0.5032565381169967,0.6719004840000415,-1.523512243106333,-0.8895889810634966,-0.8674513933407725,-0.8451248172424703,-0.09303765764210022,-0.13702518498432656,-0.32597261968908453,-0.20513160479417736
A1652,2022,-1.0280472809930006,0.33194985344270733,-0.24545856430432703,0.4556400514728571,-0.016461806161481584,-0.01486372045566471,-1.0735588554204019,0.014863720455666262,0.6719004840000415,0.21840832974251895,0.0248886781210716,-0.030377306955082447,-0.374078728984734,-0.24179644513836418,-0.06808881259583596,-0.3302647453621335,-0.20067755258308417
A1675,2022,0.182150156122608,-0.18307885834918836,0.8501901209266639,0.29015704492244593,-0.6088158616424623,-1.2683402014362746,-0.2720873058624784,1.2683402014362772,0.6719004840000415,1.0908314315623495,1.3209622111262191,0.9643675091056815,0.3733203531627516,0.1431120633039966,0.025210947096818315,0.010441095401052565,0.09938981913952116
A1694,2022,0.705792291205901,-0.6692139409052448,-0.4742057433083711,-1.2544665201520104,0.3774775963057904,-0.4830446769972276,-1.685704397618217,0.4830446769972289,0.6719004840000415,-1.5322891354787656,-0.8366922585356535,-0.873524159919329,-0.8711519743404414,-0.8101317599899548,-0.7525566146907232,-0.8725227307290213,-0.6867378271005817
A1702,2022,0.483848372553737,-0.4631672575159828,0.11213531220541455,0.23483710398111257,-0.3127886211441118,0.3434507716174786,-0.761896899523905,-0.3434507716174766,0.6719004840000415,1.3292703410134445,0.6271318764727357,0.8072585541011082,0.9279952788635836,0.24619766491731973,0.2302254245802246,0.09993695218340173,0.12739304351080835
A1722,2022,-1.0280472809930006,0.553386527606179,0.1891482723023936,0.5462684273713135,-0.946043674203098,-0.18091189970907212,-1.0275079463938215,0.1809118997090739,0.6719004840000415,1.2148781770927353,0.368679455622853,0.7855866873718947,0.7097864377430113,0.2024426423873726,0.2330906913151561,0.05857535501372139,0.06387843694020126
A1736,2022,0.14282014642266536,-0.14656594956775343,-0.500701568872104,0.32443167590681016,-0.016461806161481584,-0.7776865589807177,-1.9825677012550798,0.7776865589807195,0.6719004840000415,0.579431169328594,-0.09387663942890997,0.01715069843553387,0.3456964862570207,-0.011669473473367536,-0.004896794638175173,-0.22720600485456888,-0.10709501084901975
A1737,2022,2.8691311049099726,-2.6775987180956164,-0.8853363654242821,0.29223273215891354,-0.016461806161481584,-1.7702301868488313,2.134898716213764,1.7702301868488326,0.6719004840000415,1.7221825562193573,3.6748468618333745,3.476603765003931,3.1502920230285074,0.5323452115267681,0.7315697913911804,0.4097360847284254,0.33073169776767664
A1749,2022,-0.374085347169166,0.33331501868353763,0.9248491362342952,0.04505276416710461,-0.016461806161481584,-1.1310071208507502,-0.8421420841142061,1.131007120850752,0.6719004840000415,-0.4843281862102744,-0.4731745235637229,-0.540098798656707,-0.5838622621692182,-0.12591910901764067,-0.20467692734120435,-0.3557359537997028,-0.123029772187748
A1769,2022,1.0031583978474923,-0.9452805274464301,0.354313092582408,0.3711487602230525,-0.016461806161481584,0.7417167053155012,-0.6351633473267695,-0.7417167053154994,0.6719004840000415,1.652259980318974,1.9855322808920037,2.3081367097277794,2.3441226447198886,-0.13389926251543183,-0.26441019779749786,-0.335656759557346,-0.018176724581707025
A2000,2022,0.14776068660212288,-0.1511526123801913,-0.05212525642834354,0.009550219065874603,-0.32276524394953776,-0.19339672521684642,-0.4709865434926529,0.19339672521684864,0.6719004840000415,-0.20493044568782934,-0.311859078570183,-0.4303250641516464,-0.40538627502025854,0.021596207145190855,-0.11549895855310324,-0.14870095317176008,-0.020747915833618746
A2019,2022,-0.12979631720908671,0.10652384031576058,-0.5987210673512166,0.07407364631335278,0.4817527152161505,0.6318502408470816,-0.7381586669381148,-0.6318502408470792,0.6719004840000415,-0.8871875461049478,-0.6786229941074676,-0.6051444686291688,-0.6636521492683867,-0.24064719013764002,-0.15324689181081486,-0.25685611170175143,-0.13922144319167154
A2021,2022,-0.04454690060103843,0.027380508844467747,0.4109818932301451,0.1885742553560604,0.3744345397439015,-0.19089976011529192,-1.3770680280983922,0.1908997601152937,0.6719004840000415,0.08646238107694275,-0.14172208571528258,-0.18993410330805213,-0.14763167971421384,-0.008020746387401505,0.012017454167510457,-0.14546206172119544,0.11114706564198117
A2024,2022,-1.0280472809930006,0.8301723430828456,-0.016098887435572445,0.40544300247775694,-0.016461806161481584,-0.7302442220511732,-1.0730965831836137,0.7302442220511741,0.6719004840000415,-1.6124514191469863,-0.9104159160356621,-0.8815658540263834,-0.9032949054407983,-0.28014147640880643,-0.34130957701162357,-0.4009625047059598,-0.2367831531730121
A2029,2022,-1.0280472809930006,1.0749294421272975,-0.35485212776994385,0.8311488528716025,-1.1066532474453485,-0.5367294266806591,-0.786665301047998,0.5367294266806614,0.6719004840000415,-1.3482669587367573,-0.8101449980932633,-0.7961626781203986,-0.7625937017332179,-0.1942684885885967,-0.2898669015282807,-0.25023102537652847,-0.18143077381463824
A2032,2022,-1.0280472809930006,0.5956451524647758,-0.3676831720599347,0.49305027599105555,-0.016461806161481584,-1.3082916430611555,-1.9232295336779064,1.3082916430611573,0.6719004840000415,-0.11716152196349916,-0.2862519707048881,-0.2975015738876135,-0.4412439888665602,0.05228130213477512,0.20297986897068523,-0.07920711320749713,0.09502821251716977
A2033,2022,-0.14935049885895463,0.12467731228672646,0.5397317542767128,0.44622608927939883,-0.5768218070337672,-0.5204991535205522,-1.2521921453072495,0.520499153520554,0.6719004840000415,1.3813465690898805,0.7524666262323935,0.9326197398023934,0.9936157576954819,0.026929622788387442,-0.07645924884107518,-0.10100963199769199,0.13011066839431537
A2035,2022,0.11864149601767576,-0.12411914969582566,-0.6344306113565567,0.3430063801235238,-0.016461806161481584,0.5070019857693315,-0.855198802860098,-0.5070019857693291,0.6719004840000415,0.940746571993749,0.23564231893371862,0.25046800178474127,0.3587496473171877,0.5702287982650095,0.5733531772619369,0.8123892645612906,0.8998569307087569
A2057,2022,1.3327838703828159,-1.2512958298209225,-1.0157225349892833,-3.245677933414061,0.00046224113480014745,0.3996324864024665,-0.6076335665703869,-0.39963248640246407,0.6719004840000415,-1.5940199451648773,-0.8928469208297474,-0.8936783952512125,-0.8653313461246827,-0.029857149960125184,-0.08885021450578982,-0.13552321603822562,-0.047298571912977636
A2067,2022,1.917544414675954,-1.7941715772629256,-0.9295333224771968,-0.03234511678988699,0.16797563642749694,-0.6228747226843082,-1.3117572478282886,0.6228747226843091,0.2233558506827886,0.8219659618868226,0.22387499083910978,0.4641986573355545,0.47321976916755715,0.2510207309989948,0.5676044744065963,0.14767721098600686,0.42706699805003645
A2070,2022,-0.18923649525180186,0.1617063839564138,-0.11081315806427992,0.13127737406764856,0.04097353690161995,-0.28328746887282635,-1.0704603437814448,0.283287468872829,0.6719004840000415,1.1943987615570602,0.9156649155493829,0.4542132549771349,0.446865356371718,3.7423677708542487,3.26070473874874,3.4161681902755614,2.54756894078667
A2083,2022,0.6672311507635783,-0.6334148293814892,0.3211842248688118,0.33758724750912306,-0.10484846996235125,-1.4768367874161175,-0.7914869250961252,1.4768367874161197,0.6719004840000415,1.2706114436576859,0.4974746065149715,0.7363802982015903,0.6999199011301527,-0.5801408746371525,-0.5970758123906886,-0.7027048416882262,-0.4586958985333439
A2097,2022,0.42933190808395033,-0.412555658142933,-0.5505719302207072,0.005715110854059841,-0.35098234482929425,-0.036087923818882435,-0.8436795894825108,0.03608792381888377,0.6719004840000415,-0.24003801517755957,-0.16896170617377365,-0.3476733325527546,-0.4982286851366839,-0.09093427585197009,-0.12359566346120328,-0.18932145758605637,-0.05560810952997074
A2098,2022,-0.37687137717573327,0.33590149298822813,-0.23841322174365823,-0.8522861148754842,0.038873777595408554,-0.5791778334070946,-0.8204443521773471,0.5791778334070964,0.6719004840000415,-1.6393672224224471,-0.917415417220492,-0.8997303336274324,-0.9052353828955381,-0.31269810772346296,-0.28451966310696103,-0.36673220345206103,-0.29021849306367903
A2100,2022,1.4713496405543818,-1.3799365132355275,0.26448061016431473,-0.24170274737127753,-0.1055059139984837,-1.259600823580833,-1.1065568938407682,1.2596008235808347,0.6719004840000415,0.99194511083294,0.935365789381602,0.44968908577403643,0.446990323786406,0.04854675987981038,0.08430273607031494,-0.0006976566783772787,0.3387905809895309
A2107,2022,1.817500433973887,-1.701293473001702,1.1740560078264721,-0.2510183079441906,0.10252565995716113,1.6905634439064012,0.2543416856803015,-1.690563443906399,0.6719004840000415,1.3512125719445285,0.34635309404297476,0.7379152641767746,1.2164354841811134,0.07578897579521104,0.04321252331782434,-0.07158445654863664,-0.06581611840374593
A2120,2022,0.3043107280083217,-0.2964895632839741,-0.4756919832955063,0.13399864498866113,-0.016461806161481584,-0.12597866747486236,-0.8391755545120806,0.1259786674748637,0.6719004840000415,-0.5562987036642243,-0.4979455306321251,-0.453192040730918,-0.35980807762357087,-0.7424815483099008,-0.8078500917781927,-0.5939076122974796,-0.5018967668057422
A2141,2022,0.6986417289949785,-0.6625753838535848,-1.0054038566930197,0.015613139966831358,1.4422502382314286,-0.07853633054531613,-0.8866592061783888,0.07853633054531878,0.6719004840000415,-0.5168026879882767,-0.42617156095859027,-0.42141394133439913,-0.35617085794437975,-0.12672844845426562,-0.15205371036833312,-0.19577444681011352,-0.061552359005523895
A2142,2022,0.46384879648676985,-0.44460019632856573,0.32013341691807284,0.4498793789179537,-0.016461806161481584,-0.4468386830246793,-1.1661606058906695,0.4468386830246815,0.6719004840000415,1.7286189439591417,2.9517470494794313,3.028844754084825,3.281955240407478,0.23683557844104167,0.3329921534986297,0.3986837864929496,0.3023560742148394
A2147,2022,1.2984821208608133,-1.2194510207070732,-0.5362699561684522,-0.1491521907644039,0.09488676959635843,-0.7065230535863992,-0.40274577219991237,0.7065230535864019,0.6719004840000415,0.5305731351220502,0.6715154992938849,0.3097139243157819,-0.016399813937358513,0.1431747835201886,0.07956055878549463,0.07764945598026095,0.27885340103953904
A2148,2022,-0.3104590887552342,0.27424613496609257,-0.5585799644098565,0.18010923005350135,0.05060966292383463,-0.24208754469716903,-0.9700819693877447,0.24208754469717125,0.6719004840000415,1.2444270480799258,0.7200214255373931,0.5313508073407287,0.9210765745272393,5.280160510001132,4.834811408416351,4.870404268415132,4.147645241258163
A2164,2022,-0.25429076956165503,0.2221009987007265,-0.7758327920366331,0.10682640128705434,-0.39578324021288885,-1.113528365139865,-1.4093540025135938,1.1135283651398669,0.6719004840000415,-0.8822139737605691,-0.639534395929633,-0.5589641977806767,-0.6338222981750432,0.21088265782355217,0.25011218813689023,-0.014606048904013126,0.09368148910318262
A2171,2022,0.09435104347306193,-0.10156866952672124,-0.8542288980146165,0.03411589015645162,-0.271794468518111,0.24482065010605528,-0.7706779393964821,-0.24482065010605394,0.6719004840000415,-0.665717295240555,-0.5444716972845717,-0.5699193847526473,-0.47554184032603275,0.0681850106696437,0.1905188467271135,-0.12152173878123379,0.08055980188404974
A2187,2022,-1.0280472809930006,1.0163281560029633,-0.16286901245305135,0.6825557766866346,-0.946043674203098,0.3022508474418213,-0.6073316742415346,-0.30225084744181907,0.6719004840000415,1.4252310309520455,1.1919831834411923,1.3757256684388646,0.693885829233731,0.09908435421142531,0.03420980952609471,-0.007813980787962358,0.029064989053502733
A2189,2022,0.008382011596293993,-0.02175700780955664,-0.9018817959525492,0.392592303264712,-0.016461806161481584,-1.6041820075954238,0.9885856102015111,1.6041820075954247,0.6719004840000415,0.22016370821700512,-0.13794724091579602,-0.1618963677664769,-0.008053445971729007,-0.12473365249796242,-0.14713439912047158,-0.26726655781214365,-0.016534984221928294
A2193,2022,-0.11086369016648337,0.08894720833308341,-0.35644778428779184,0.07077646696051813,0.1183698298097208,-0.9487286684372359,-1.440491273669376,0.9487286684372368,0.6719004840000415,-0.6478709474166078,-0.4317388910013129,-0.5346068722057469,-0.6139288771940083,-0.09858297525232287,-0.10986735891917565,-0.2449462687169328,-0.08618849748314522
A2198,2022,-1.0280472809930006,0.6138789349170941,0.5610702697275441,0.5777838078618232,-0.946043674203098,-1.4531156189513452,-1.1838354453477673,1.453115618951347,0.6719004840000415,0.07271191636013276,-0.24628099659354577,-0.1211952162018945,-0.292810481151653,-1.251894969404059,-1.3192810804853554,-1.3330535453134011,-1.127859268837966
A2202,2022,0.8243393057108303,-0.7792697573149783,-0.3537251023701662,0.30727367881087136,0.12482004240213873,-0.7589593207190545,-1.598689734088543,0.7589593207190567,0.6719004840000415,1.3172752547711206,1.008942626896301,0.9793779524783283,0.558087609878445,-0.08349854003159277,-0.03144907232936676,-0.08677550189219542,0.1340164088387206
A2205,2022,0.4964292335777704,-0.4748469859082977,-0.10345893464453154,0.012548809922402463,0.02330741396090429,-0.6565837515553002,-0.9936116648373942,0.6565837515553016,0.6719004840000415,0.24415388070165622,-0.07609903151953439,-0.09176373410844699,-0.16747822435854115,-0.03372156895860126,-0.03793460094872491,-0.18688719666435888,-0.24219347765955648
A2207,2022,-0.22537674213845357,0.1952580039020549,-0.8556811336508047,0.4196867924226459,-0.40641495247871035,-0.3482085615132577,-0.365210154312706,0.348208561513259,0.6719004840000415,0.07710036254635032,-0.17520865077979392,-0.13591737050396854,-0.32439510682410166,-0.11586049720980648,-0.1365646309401516,-0.17875835866111303,-0.13073582456967026
A2217,2022,-1.0280472809930006,0.26086805003293506,-0.4870438382249676,0.48956451079561825,-0.946043674203098,0.36966890518380535,-0.9839429523742793,-0.369668905183804,0.6719004840000415,-0.07020514777098369,-0.05403046174134179,-0.20000798266652234,-0.3188978241280065,-0.5421542519233902,-0.7439721341695812,-0.7359034264958764,-0.5715741806868226
A2246,2022,0.11425573028445707,-0.12004786633893898,0.08787132678664557,0.45248470856114503,-0.05133754924825415,-0.5966565891179797,-0.2679094154279793,0.5966565891179815,0.2233558506827886,1.6335359432577856,1.535010318061903,1.7014591245107034,1.5980202746992187,0.1441737472245169,0.04308386880028898,0.24880192799246936,0.18686748981413082
A2247,2022,1.054847855150171,-0.9932678972031469,-0.20653446171369289,0.20098107694323578,0.628129613067546,-0.3919054507904695,-1.5394997701308921,0.3919054507904713,0.6719004840000415,1.0732776468174863,0.6912744212500118,0.8958929840197505,0.30661964659558827,-0.012442852790444218,0.09655059532593861,-0.15984874806399038,0.07987122250203008
A2251,2022,0.8124320265336691,-0.7682153639459525,-0.5601290802317183,-1.6661755168782086,-0.2029496402494309,-0.023603098311106362,-0.4136212595204274,0.023603098311108805,0.6719004840000415,-1.3567512880301085,-0.7510228342901536,-0.7812273917310365,-0.7676672541632314,0.15005510621611462,-0.0020572254413138953,0.0015899263606887013,0.14092590010976533
A2266,2022,0.47935629079144937,-0.4589969312720664,-0.6137042957652367,0.3344140887250597,-0.019368225514782057,1.2635824115404974,-0.14593557917287858,-1.263582411540496,0.6719004840000415,0.9381135042820182,0.5955471361539315,0.1107322735699583,0.214733080957999,-0.17985179313470126,-0.19415382551863544,-0.22102146937449527,-0.1537438347544617
A2272,2022,-1.0280472809930006,0.760619935111779,-0.0007653735800764909,0.5405206678711764,-0.946043674203098,0.0213422735168836,-0.737178896789175,-0.02134227351688138,0.6719004840000415,-0.2698794492438305,-0.3589271221615667,-0.20671945556424579,-0.48711532308516625,0.25216779473215883,0.39117153857895237,0.21585783486142546,0.2112242371074514
A2284,2022,1.077227385363395,-1.0140441561700035,-0.34673600456959713,0.2956351494554049,0.028928804908077994,0.15243294134852084,-1.1875927888785303,-0.15243294134851884,0.6719004840000415,1.3412654272557682,0.5929101282798711,0.8891549004483298,0.853581249447175,-0.09323717476686141,-0.24465878185278375,-0.17798217795262677,-0.2031579776365139
A2286,2022,1.3658118380446238,-1.2819582950826511,0.9321360500731669,-0.09878837691764307,0.3719805933335341,-0.9287529476247945,-0.8623920960623531,0.9287529476247968,0.6719004840000415,1.0785437822409452,0.6241236261256071,0.8722901028666122,0.5331499949242269,-0.07235297118022589,-0.04341746309622443,-0.25041584172289777,-0.19622729058046295
A2299,2022,-0.2260329392125221,0.19586709768564362,-0.5074169486001875,0.1610137223124709,-0.016461806161481584,0.00011807015366587005,-0.6979194440344326,-0.00011807015366387408,0.6719004840000415,-0.6431899381513132,-0.42112074222134516,-0.5299969180438511,-0.5356162965229595,0.11875226988180002,0.06041889447404887,-0.05739472159059572,0.041677091647544746
A2308,2022,-0.6840862963403567,0.6211113140776906,-1.0435353213035248,0.5026709851683118,0.16562587883857038,-1.4431277585451254,-1.0003169499997475,1.4431277585451272,0.6719004840000415,-0.6089600578988247,-0.4356435798291197,-0.5417775234139752,-0.4994064440140114,0.025852975832543285,-0.0904381599048465,-0.03496902109197141,0.08771131858535192
A2309,2022,0.8676045117674214,-0.8194359951116753,-1.0587206480833928,-0.48345543440396693,-0.0569743993675788,-0.35195400916559033,-1.275152786216575,0.35195400916559166,0.6719004840000415,-1.0592146366046322,-0.6526268191317657,-0.6609752914336567,-0.6389268348743267,-0.09001482931134598,-0.17020344830790984,-0.23663544025972919,-0.06141716176025476
A2311,2022,-1.0280472809930006,0.4704371921860455,0.657491429908349,0.45162920141943713,-0.946043674203098,-0.4405962702707921,-0.5497214135480442,0.4405962702707939,0.6719004840000415,0.7116696810732505,-0.05000565727625801,0.19013365532174098,0.17663947970292276,0.258849694798155,0.12957426059152619,0.009262021134594775,0.11103213973974932
A2337,2022,-1.0280472809930006,0.4648739805757655,0.5996835542121675,0.564918400196023,-0.946043674203098,-0.8051531750978226,0.8811693718117561,0.8051531750978244,0.6719004840000415,1.5791192105487024,1.5293954521486375,1.7238357922113252,1.0185407865428724,-0.017154216156632398,-0.18280767936765452,0.05049265003256173,-0.006156084050124119
A2342,2022,-0.18419506662715832,0.15702605906190983,-0.2794567735151039,-2.133260388098471,-0.3613056933306785,0.016348343313772815,-0.883653819545107,-0.016348343313771264,0.6719004840000415,-1.713970807588127,-0.9478238544688291,-0.9592750940300437,-0.9586353844572582,-0.24232530409046682,-0.23428009776075495,-0.3375990482352804,-0.18413907914088343
A2366,2022,1.0266912408528213,-0.9671277773346667,1.3804442284720149,0.30973503134610714,0.7138092616302681,0.05380281983709749,-0.4442643784753703,-0.05380281983709638,0.6719004840000415,1.5952101798981595,1.372401637856143,1.4273528811869693,1.645421943238303,-0.6050875300078732,-0.6496610767620564,-0.7239759350188572,-0.6146472929111343
A2419,2022,-1.0280472809930006,0.5187957605967958,-0.2795990360291773,0.05201580094441639,-0.946043674203098,0.158675354102408,-0.9032364959716279,-0.15867535410240644,0.6719004840000415,-1.4044390699203264,-0.8023013427698849,-0.803784180011763,-0.8189501420974395,-0.2307353619193011,-0.25796689695717595,-0.2885996846026875,-0.13252369996254135
A2452,2022,-0.06261815446304644,0.044157368267175055,0.6372344604316338,0.44139142776415186,-0.1895391736965989,-1.264594753783942,-0.6155070449765895,1.2645947537839446,0.6719004840000415,1.4740890651585892,1.9034264434975,0.9625078538719906,2.216939820782113,-0.2849378175943039,-0.24752187021401648,-0.30300136746926826,-0.2138439497754797
A2490,2022,0.0700623049458049,-0.07901938415312555,0.3849947100598177,0.2498918613868311,-0.46323191748424025,-0.8113955878517097,-1.3842882931359033,0.811395587851712,0.6719004840000415,0.914123331797367,0.2287111688761391,0.12909863753625186,0.5181077753501077,0.21510037173219682,0.15837109684806186,0.03996364418902055,0.2519126100946764
A2500,2022,-1.0280472809930006,1.4706026524505522,-0.14849066927185217,1.531807337478611,-0.016461806161481584,0.4583111662890089,-0.5319168811105873,-0.4583111662890067,0.6719004840000415,-1.449201221019734,-0.8152045304522393,-0.7927494683891018,-0.8464790631930734,-0.09071098306701945,-0.11984386367858285,-0.18155523756813427,-0.09158915126291152
A2506,2022,-1.0280472809930006,1.9092904562173294,-0.18840027740573492,1.3608846893444644,-0.016461806161481584,0.4857777824061138,-0.7255554222752383,-0.4857777824061116,0.6719004840000415,-0.5410854235520083,-0.5126005670405641,-0.45981276412528793,-0.5655044882566825,0.06292821955350411,-0.04858173116077072,-0.03824433599224253,0.05101290302351676
A2528,2022,-1.0280472809930006,0.40868517354907963,0.2944867752978006,0.5229415808930732,-0.016461806161481584,-0.09102115605309219,-0.7932546420337213,0.09102115605309374,0.6719004840000415,1.190302878449923,0.5622184315980532,0.5435315079916584,0.5494151983827994,-0.27904787345851934,-0.1543189376777071,-0.1864160520497339,-0.12969252934457312
A2530,2022,0.4021689338391811,-0.38733829337749354,-1.0998621596896572,-0.44721725950367214,-0.07805307504791209,0.2747842313247164,-0.21256671513714792,-0.27478423132471397,0.6719004840000415,-1.2768815674409684,-0.7393213249391763,-0.7887656393667491,-0.7259291874879448,-0.13218298867180667,-0.258559786977841,-0.2209913708807708,-0.0929498389754198
A2542,2022,1.2581718624699443,-1.1820280757647532,-0.3905736259116136,-7.937052464070946,0.31060586543967933,0.24107520245372263,-1.0514276264839544,-0.24107520245372152,0.6719004840000415,-1.7028534105830453,-0.9468378903937391,-0.9366417474592831,-0.9516278091650061,-0.11856358599837973,-0.06702245010794242,-0.17060683776414076,-0.0452679939977417
A2543,2022,0.6060535766800442,-0.5766192374397762,-0.652719579007809,0.01567963874618923,0.13917053359117293,-0.40314179374746745,-1.0566472445633917,0.4031417937474692,0.6719004840000415,0.27575069324241364,-0.014277590732428711,-0.1924551638916849,0.0802595691315095,0.7250701797345602,0.7671564943252123,0.9316002549757982,0.7476888367602657
A2550,2022,-1.0280472809930006,0.5571061983403135,-0.30628080567816524,0.09010993398884579,-0.946043674203098,0.19363286552417816,-0.41499595016214974,-0.19363286552417638,0.6719004840000415,-1.1382066679565275,-0.7274909313580423,-0.7092007223007765,-0.7885038427086986,0.3118377184864517,0.37927262747156265,0.21041058859193068,0.22393829158084277
A2551,2022,2.9398105768202494,-2.7432156129366994,-0.6020679013974621,-0.22207925451397473,-0.0006997501947986524,0.4658020615936742,-0.6281109288801874,-0.46580206159367155,0.6719004840000415,1.1189174871541379,0.5795482308108993,0.3952716698263843,1.2005746782453453,0.08084072671830098,-0.14209285732869117,-0.06870628605680192,0.06681744525571195
A2557,2022,0.8960076587702391,-0.8458048315696847,-0.3886873354240319,-0.2887134483124728,-0.25584325831537824,0.8353528966238137,-0.5473832453852822,-0.835352896623812,0.6719004840000415,-0.20112712565977284,-0.37319519299664666,-0.31001886704994763,-0.1368241911478649,0.22182406217846418,0.19770399393139962,0.038713039252395186,0.19948595385838222
A2559,2022,-1.0280472809930006,0.57045495350291,-0.22184292937827346,0.5627704827173868,-0.016461806161481584,0.1362026681884139,0.6104741521469731,-0.13620266818841145,0.6719004840000415,0.7549690167772508,0.4064907922353825,0.23773092140261573,0.13782467925863856,-0.17889062015970653,-0.25972118947968886,-0.36336797111028823,-0.009936438979452143
A2569,2022,-1.0280472809930006,0.628857528013794,-0.16597541735982058,0.5631027694528697,-0.946043674203098,-0.7664502160237198,-1.8773690743396234,0.7664502160237215,0.6719004840000415,0.7169358164967092,0.22204014709773306,0.22388114214571636,0.3783430447134175,-0.07805644478377145,0.0004470722405042129,-0.0602419178787474,-0.10576822069655942
A2571,2022,0.2749550674796517,-0.2692364079837066,1.1492145510740253,-1.1519133870263965,-0.2646794527953318,-0.46681440383712064,-0.9475119847291679,0.4668144038371215,0.6719004840000415,-1.2008151668798814,-0.7811313068969852,-0.7303055899621337,-0.7373072146838215,-0.3221511291907482,-0.4081137155981971,-0.39853798011200764,-0.2909286208362035
A2575,2022,-1.0280472809930006,1.0752772489060283,-0.4409645172078991,0.842438936909686,-0.016461806161481584,0.6568198918626302,-0.2214828857503298,-0.656819891862628,0.6719004840000415,-1.3757678881703774,-0.8055302171916099,-0.7959993255157654,-0.787363970666028,-0.13729454562871127,-0.12315512086856661,-0.19129969302838504,-0.02021059698303774
A2587,2022,-1.0280472809930006,1.169406491931106,-0.4069502639096739,0.8007161664221646,-0.016461806161481584,-0.463068956184788,0.6009771388311272,0.4630689561847889,0.6719004840000415,-0.13354505439204054,-0.282294277380095,-0.3622047737486576,-0.5417892173637462,0.15698817151526978,0.17610299159192683,0.05306994274563164,0.018307048274926185
A2591,2022,-0.0694493933884625,0.05049930425068608,-0.9211485094150305,-0.27793028799117664,-0.0875235111922151,-0.026100063412662643,-1.0085785563931131,0.026100063412663754,0.6719004840000415,-1.2625459765659937,-0.751658884754336,-0.7660237075575553,-0.7500809485018698,0.08983919157052721,0.09657112707206793,-0.015922133489740347,0.2348952884915717
A2592,2022,-1.0280472809930006,1.0993898704605554,0.1762486011124716,0.9016690475095236,-1.1999031479466877,0.00011807015366587005,0.01166310256809812,-0.00011807015366387408,0.6719004840000415,-1.16512247123199,-0.759346060685489,-0.7367860317475606,-0.7308722475825764,0.01736258459349924,0.0034671805343104586,-0.07048825492679858,-0.0005531069322701617
A2597,2022,0.3454417145471609,-0.334674289497601,-0.13346817418560317,0.298898078138913,0.48408406294831,-0.3744266950795844,-1.2846190859361324,0.37442669507958665,0.6719004840000415,0.7333193489252504,0.1590126826218383,0.2864041389212954,0.10481788553410729,-0.19636025619953626,-0.3400562624082853,-0.27462274117021274,0.060034116253453375
A2598,2022,-1.0280472809930006,0.8451059748651596,0.26079655695180803,0.5178228321729682,-0.946043674203098,-0.587917211262538,-0.43476774810054336,0.5879172112625389,0.6719004840000415,-1.2736633735710763,-0.760556808384229,-0.7542232629106541,-0.8183743149235811,-0.18847783653152356,-0.1900932406983826,-0.2539997757559906,-0.12901960016220004
A2599,2022,-1.0280472809930006,1.4317055287850353,-0.19456209817957493,0.802931894701766,-0.016461806161481584,0.5032565381169989,-0.7483741003276012,-0.5032565381169967,0.6719004840000415,0.8708239960933662,0.16094163247186255,0.33882176335631564,0.1393605581588426,-0.12380159778769569,-0.16271678512539686,-0.22196122358729248,-0.11772486438972728
A2600,2022,0.6559177670019908,-0.6229118907835947,-0.909819503750352,-0.4298364949495729,0.06952029619159789,0.23108734204750284,-1.1138575032476805,-0.2310873420475015,0.6719004840000415,-0.8169724071254841,-0.5635342278559592,-0.6139325126497859,-0.6487514533552675,0.0015709796928410778,0.016010919953891964,-0.11926449575392073,0.032597316442979536
A2602,2022,-1.0280472809930006,1.7081803228263681,-0.29845548976203784,0.8522578304034085,-0.016461806161481584,-1.7702301868488313,-1.484070991184355,1.7702301868488326,0.6719004840000415,1.1844516168683032,0.9691493501044579,0.7544333733857859,0.3773870779814493,-0.004433802679624879,-0.08785003571900762,-0.10048575220419433,0.044603479431479964
A2612,2022,-1.0280472809930006,0.5733768930089996,0.3835978795647542,0.5040092472077257,-0.016461806161481584,-0.33447525345470525,-0.3369755808353172,0.3344752534547066,0.6719004840000415,0.45626211303544933,0.31809081396182987,-0.057042726811617366,-0.27929707645105484,0.032237747539874524,-0.2515009350296474,-0.14527745699821215,0.0497501613979355
A2616,2022,-0.19743589840225104,0.1693184863072301,-0.5008663410362129,-2.2383533878944504,-0.2748688681390518,0.4221051723164606,-0.9347860952870465,-0.42210517231645905,0.6719004840000415,-1.702268284424883,-0.9409746490846995,-0.931768447014213,-0.9616078700579995,-0.08489171077073399,-0.06479854690606504,-0.16132826152991261,-0.05174765883063641
A2619,2022,-1.0280472809930006,1.4322344944941874,0.14799781216179891,1.304181187091382,-0.016461806161481584,-1.3657218403969198,-1.4172990069799911,1.365721840396922,0.6719004840000415,-0.7452944527506147,-0.5101125268540707,-0.6169643563560333,-0.7239035942093495,0.5783329005858514,0.4285114002440619,0.496456054086178,0.4240841953854905
A2620,2022,-1.0280472809930006,2.2036975988038434,0.2967284495630988,3.855840514824312,-0.016461806161481584,-0.3744266950795844,-1.1796734261138766,0.37442669507958665,0.6719004840000415,-1.6241539423102302,-0.9103819988899792,-0.8864872855674818,-0.9117182156959823,-0.2875305038664701,-0.2608412465519351,-0.375047682405364,-0.28627487411328184
A2628,2022,-1.0280472809930006,1.4605567910094324,0.3318628340942059,0.8038236550720957,-0.016461806161481584,-0.8788136455936956,-1.0063176522325212,0.8788136455936969,0.6719004840000415,1.408847498523504,1.1636981754521665,0.8999408350211393,0.41000796144345225,-0.03149240609518744,-0.008343081180571314,0.03486188414545897,0.012998065920072667
A2631,2022,-1.0280472809930006,0.8812156698281057,0.7261719506006402,0.6262844819724939,-0.016461806161481584,-0.5766808683055401,-0.6956819345435468,0.5766808683055414,0.6719004840000415,0.06452015014586196,-0.31612311931423276,-0.2891974860474793,-0.2660656577781122,0.14550841622900884,0.12343556323977092,-0.03315866392223988,0.12815886769877435
A2634,2022,0.08640437117789457,-0.09419108185066626,0.23124936893788645,0.504030239553442,-0.35812834324315423,-0.2183663762323968,-1.1606436564082114,0.21836637623239902,0.6719004840000415,1.3477018149955526,0.5979114923166365,0.5735165525832812,1.3760598867312552,-0.34953302960844207,-0.35593099875216566,-0.371294540707459,-0.40406138314909634
A2643,2022,3.3006090673115587,-3.0781710953353683,-0.559431304558297,-0.20203135719360493,0.22152025878154719,-0.5866687287117599,0.0768001605068794,0.5866687287117617,0.6719004840000415,1.3166901286129564,0.7113728456214896,0.8393542738470434,0.6311055020099917,0.035024608006260186,-0.15052920955407745,0.0009130592680937292,0.11745720010553512
A2645,2022,-0.3156533467814381,0.27906823947847703,-0.7253316450837972,0.2233594699069585,-0.22987118291519879,0.7204925019522834,-0.4990767255615717,-0.7204925019522819,0.6719004840000415,-0.6996546124139632,-0.5691930048378883,-0.5538568773181914,-0.5340080699942749,0.1305548627257454,0.17691838438415394,-0.003096403478194899,0.07970843777956019
A2660,2022,0.06962257361779883,-0.07861155894582046,-0.7568994698984436,0.3739515836450221,-0.2944183336940051,0.8041408328543762,-0.576643279365778,-0.8041408328543744,0.2233558506827886,0.5697765877189174,0.043409182529831634,0.054273699558961476,0.14536052169003422,0.08891313608378135,0.06010692027594567,-0.09094108315199202,-0.041201051736922366
A2666,2022,0.5406306515850847,-0.5158823773568154,0.5610249230207248,0.008282737139484386,-0.3128585926439148,-1.1459889114600808,-0.39818291509808273,1.145988911460082,0.6719004840000415,0.7380003581905489,0.6450501507014288,0.3349535165938938,-0.22110327533155744,-0.15179229124163632,-0.12514285812064602,-0.20247323805559805,-0.04385302111212444
A2671,2022,1.5809336083898957,-1.481671281470066,4.834456640275024,-1.7585747766776336,0.34029050845556585,-1.7702301868488313,1.7821585136044757,1.7702301868488326,0.6719004840000415,1.204638469324898,1.142369948291011,1.6535668191388615,0.1414607498384217,0.1462158073712847,0.2670604869924388,-0.1852488985580872,0.1893902231817934
A2683,2022,2.5008193786204327,-2.3356681524094753,0.49352682339378345,-0.7765545013597237,0.6350862208602713,0.15368142389929898,-0.9091108664561249,-0.15368142389929632,0.6719004840000415,1.5030528099876155,0.6414286778144249,1.08498021781398,2.2543030464349694,2.009929908423049,2.2662308795049815,2.102991130176364,2.134244174366424
A2684,2022,-0.3629216774116527,0.3229509720272577,-0.7189029689231698,0.04541329389402825,-0.016461806161481584,-0.4755537816925623,-0.8364072873460608,0.47555378169256407,0.6719004840000415,-0.838914638056565,-0.5560466217475551,-0.5840366779639681,-0.6875788036286776,0.3719381179333886,0.5656834091622409,0.42263640992094553,0.3942831870450538
A2695,2022,0.43408924162230467,-0.4169722369043932,0.6030417140603166,-0.7410814422177728,-0.22477251842220836,-0.5292385313759956,0.330964287320945,0.5292385313759965,0.6719004840000415,-0.7096017571027202,-0.5563873236684892,-0.6040509949793106,-0.6006540770321963,-0.0618506439194629,-0.10658806192734487,-0.19032536716670093,0.025028518900060838
A2704,2022,0.5550749591436347,-0.529292078710057,0.3589163826869224,0.31502102829425455,-0.2338883351244949,0.24731761520761156,-0.014951657602075778,-0.2473176152076089,0.6719004840000415,1.158413502830085,0.4212750033287495,0.5070087322612119,1.0561178077287294,-0.10953175268971659,-0.17814296138178942,-0.1881689237997011,-0.1096007793429688
A2706,2022,0.43146291291448374,-0.4145340249316444,-0.6327890415375811,0.28045312595378136,-0.016461806161481584,-0.16717859165051968,-1.4872155368388071,0.16717859165052146,0.6719004840000415,0.5893783140173506,0.070051965796779,0.07877382304481607,0.061671951470607,-0.17344730658521862,-0.03300404723458494,-0.09095689844000007,0.050510023655048523
A2710,2022,0.6860801270508569,-0.6509137051013657,0.35765000007861397,-0.17860293262145455,-0.2691350911344165,-0.10600294666242277,-0.578852963557504,0.10600294666242366,0.6719004840000415,0.167209790903328,-0.09220935344552535,-0.026947183121223937,-0.18626937228292312,0.05413236991350223,0.15283944918061057,-0.04840732690543328,0.16495678267875588
A2714,2022,-1.0280472809930006,1.4195323710166203,0.1744832710952623,0.7921120668292351,-0.946043674203098,-0.42311751455990704,0.3618396686041118,0.4231175145599088,0.6719004840000415,0.9103200117693135,0.5222637931015206,0.25483635740507804,0.28768538615503203,-0.34670165569888145,-0.36956749873618744,-0.05949105430964875,-0.15750440073357877
A2729,2022,-1.0280472809930006,0.7927893009849764,-0.04418402736103476,0.2977559978566701,-0.946043674203098,-0.5442203219853244,-0.8534190841652645,0.5442203219853267,0.6719004840000415,-1.5510131725399559,-0.8784848358225427,-0.8606109311811279,-0.9071455378690286,-0.24374577963548358,-0.25637208326112415,-0.2159838375804082,-0.18626516371908755
A2735,2022,-1.0280472809930006,1.4567957725650078,-0.21204544302867379,1.3026782318133714,-0.016461806161481584,-0.5005234327081126,-0.7699256284695839,0.500523432708114,0.6719004840000415,-1.1920382745074498,-0.7519070968722374,-0.7008454631331328,-0.7879606553590748,-0.09929057566904172,-0.23085408454135126,-0.20477198996710202,-0.0882914508533114
A2754,2022,0.7719096804425364,-0.7305955225646923,-0.5616194163470469,0.13770621088949564,0.04895595872877701,-0.22211182388472944,0.005285186454453697,0.22211182388473122,0.6719004840000415,0.3251938536071184,0.010998332667392299,-0.026815745322442554,0.08159070510431175,-0.21352510166459815,-0.27425486737024174,-0.11760907165939084,-0.12162140949023653
A2762,2022,-1.0280472809930006,0.6669126074544879,-0.6699670759423426,0.6033754798492842,-0.016461806161481584,-1.40067935181869,-0.9760787157884667,1.4006793518186922,0.6719004840000415,0.6048841572086473,0.24599996105773583,0.2330493944818952,0.06798604672468748,-0.2831785070940473,-0.18928206505277953,-0.3622305323661018,-0.25219394919152616
A2765,2022,-1.0280472809930006,0.8812565427966966,-0.01505295929992366,0.6421484804948219,-0.946043674203098,-1.3370067417290386,-1.9009202218163783,1.3370067417290394,0.6719004840000415,0.3717113831810149,-0.18991427005428652,-0.12743234061539008,0.04103848313833514,0.03564563767913592,-0.014191443568813467,-0.22163749093588053,0.06821300903964025
A2772,2022,2.898325593964516,-2.7047020858268143,-1.3303203996261261,-0.44558103045187064,0.03583576041802819,0.9789283899632271,-0.4127870890750003,-0.9789283899632258,0.6719004840000415,0.03701922071223823,-0.25837654315152325,-0.3848918823665101,0.2600265312410138,0.0013678345136575363,-0.11314800253564343,-0.3059184518176669,-0.06914768948001472
A2773,2022,0.26563244614149545,-0.260581540488862,-0.5966998654013919,0.4136929943442616,0.8083054720662686,1.6069151130043102,0.17592479461257512,-1.606915113004309,0.6719004840000415,0.950108590524342,0.21362626164421733,0.23413757865355908,0.4541110500368438,-0.041191150956312116,-0.13150327086006755,-0.09425755630379781,-0.046487768043479614
A2778,2022,-1.0280472809930006,0.36035191689119933,-0.6260558962329139,0.551090244885563,-0.016461806161481584,1.6243938687151935,0.19231041364165044,-1.6243938687151913,0.6719004840000415,-0.6660098583196354,-0.5788578879349118,-0.5997449948511434,-0.48158998571038847,-1.3042607239063984,-1.4037124726066368,-1.4939230612800274,-1.2323402752484751
A2783,2022,0.14275685880670022,-0.14650731783136273,-0.1859566985038374,0.05520656843952469,-0.26021722252487356,0.12496632523141596,-0.6523807656958218,-0.12496632523141397,0.6719004840000415,-0.5539581990315771,-0.4275610737445535,-0.5134087773241249,-0.6558414548642717,-0.6469394221945104,-0.7408481417217514,-0.7647845757793524,-0.5918901194097781
A2801,2022,1.011884088942709,-0.9533814878823754,-0.10715491887521504,0.176282063025099,0.66085579539935,-0.6141353448288648,-0.7493790794742544,0.6141353448288666,0.6719004840000415,1.4524393973065854,0.9187080526819591,0.9709472274865812,0.8012846345924652,0.19703894784361017,0.17964177736535805,0.047918499692938266,0.2738510747247212
A2802,2022,0.703183453302216,-0.6667919669182172,0.09823651019178409,0.21675661758772635,3.250065997295534,-0.47680226424334043,-0.07707625268970013,0.47680226424334177,0.6719004840000415,1.454779901939236,1.4401479418220622,1.4687694711169597,0.9217619059741569,0.4544166511654575,0.41235962689037364,0.14326635971140828,0.1692672432302962
A2809,2022,1.3910341459841307,-1.3053737976564441,-0.9261508983214112,0.2821913474221058,-0.15583047648456091,1.5557273284224313,0.12793833888456085,-1.55572732842243,0.6719004840000415,1.295625586919117,0.6035656841396635,0.9096660694958904,0.8611511374614897,-0.1441596429305661,-0.07120153714354584,-0.17943752453018857,-0.2111920512864421
A2811,2022,0.90525147339389,-0.8543864079453501,-1.135495917465707,-0.5507078665945637,-0.04469337246254313,0.6930258858351785,-0.6808090003363431,-0.6930258858351768,0.6719004840000415,-1.2163210100711814,-0.7658444946776954,-0.7767912027509475,-0.6792462836631145,-0.3578910285742331,-0.48084151622775184,-0.4692479792979876,-0.34717013120437096
A2831,2022,0.937445341831153,-0.8842743177256779,-0.6921519773067191,-0.23154666432448695,1.0474014138314893,-0.17466948695518497,-1.413525094171918,0.1746694869551863,0.6719004840000415,-0.172455943909827,-0.039197176097356255,-0.42666125702770114,-0.45594919306921994,0.04138550518490094,-0.1724098293968583,-0.18762672448776938,0.012787213301712298
A2833,2022,-1.0280472809930006,0.2320676201588027,-0.7534541184919086,0.4639327876222511,-0.016461806161481584,1.3672064632550298,-0.04879226635763263,-1.3672064632550285,0.6719004840000415,0.9021282455550432,0.21608830470822224,0.1776117523192001,0.28212667694716853,0.08413940262404845,0.12531504293952844,0.31148817850927263,0.4602216332180449
A2840,2022,-1.0280472809930006,1.17829073592753,-0.4516111865978357,0.7144239528819619,-0.016461806161481584,0.056299784938653764,-1.1483283841224627,-0.05629978493865133,0.6719004840000415,1.2754387344625222,0.5614495504808255,0.6994477327031675,0.8731922272345972,-0.17103203605267048,-0.15697107198998103,-0.24192951432964108,-0.17937143181751408
A2841,2022,-1.0280472809930006,0.9932269519862426,-0.5298190389197588,0.6873284279174959,-0.946043674203098,0.3784082830392488,-0.5607529987396662,-0.37840828303924656,0.6719004840000415,-0.21429246421842202,-0.2888477879814182,-0.3151920041714173,-0.3029154511522593,-0.2060200463379539,-0.2876888266754196,-0.32241544289228447,-0.1369627409751164
A2844,2022,-1.0280472809930006,0.8316447827101006,0.510139361046606,0.5801475183679706,-0.946043674203098,0.03507558157543604,-1.2776527107021012,-0.03507558157543382,0.6719004840000415,-0.7040430586001808,-0.4708747067151609,-0.5785333080559003,-0.6641203155872747,-0.1666137722603955,-0.29308843323924044,-0.3383540290169905,-0.32352151425932796
A2880,2022,0.37345283295854864,-0.36067915276620743,-0.07721084691935069,-0.19249261483991859,0.038097720734531056,0.00636048290755302,-0.9792109654219321,-0.006360482907551246,0.6719004840000415,-0.32751437582280934,-0.38980436892057035,-0.4505063775849486,-0.362975989650926,-0.13589674287732942,-0.1912203660710391,-0.13734388947094764,0.007039188847122596
A2909,2022,-0.14532510803662013,0.12093997159443841,-0.5570301992852371,0.4627623952947988,-0.4206412373275569,0.7841651120419366,-0.5953697011132952,-0.7841651120419344,0.6719004840000415,0.04755149155915977,-0.28611001616997794,-0.24030891167618987,0.04514017346134174,-0.7060190025100833,-0.7568339797835919,-0.9606536739840963,-0.8146156064058465
A2916,2022,0.8422251444953611,-0.7958746517989997,-0.7426012729087621,-0.041314994196169214,-0.18038819733697664,0.9651950819046746,-0.42566150402641845,-0.9651950819046733,0.6719004840000415,-0.5390374819984414,-0.5170782000266237,-0.5157210629694099,-0.5126347726804658,-0.6285591950773076,-0.701370745875099,-0.5820033893640154,-0.4885444819133273
A2918,2022,2.3993383960375687,-2.24145582407533,-0.7081022362605487,-0.7913621153268942,0.09274069619121643,0.8003953852020436,-0.5801544834434373,-0.800395385202042,0.6719004840000415,-0.2020048148970178,-0.28313482217434016,-0.29106788489830976,-0.2539750727752916,-0.16927628160419134,-0.15962701778655525,-0.23916424520957255,-0.09254480790296132
A2920,2022,1.4314469466680313,-1.3428919400680825,-0.9639962846577818,0.16165606046988207,0.1276770167106436,-0.28203898632205,-1.238240439235848,0.2820389863220513,0.6719004840000415,0.6958712748028697,0.18674474609050146,0.336083800184845,0.14844971477238528,-0.3939401454847664,-0.3771561358026865,-0.521723457157212,-0.47404834314301136
A2952,2022,0.6326989754432817,-0.6013560992384263,0.7100857573779082,0.2921629878524219,0.5339734780271179,-1.2333826900145044,1.4129291265284674,1.233382690014507,-0.6737334159517172,1.6186152262246498,1.2713309789597917,1.6003654778591667,2.1399254202011972,0.30864837591262506,0.31218131549331485,0.517371231814568,0.0018731423448651362
A2973,2022,2.2107612474828695,-2.066386198193449,5.64533040006546,-1.2720775099713009,-0.016461806161481584,0.7991469026512654,1.8370672754916126,-0.7991469026512632,-1.1222780492689701,1.163094512095383,0.5269221364916272,0.8033294815145483,1.7790364446390101,-0.6666900121275467,-0.7162397459778307,-0.861718529922381,-0.6754835348416475
A2975,2022,-0.39447247486392323,0.3522418722366712,-0.5980731944905401,-0.3041973748913057,-0.18186310125567312,0.5132443985232187,-0.5999829951867958,-0.5132443985232167,0.6719004840000415,-1.4875269843793582,-0.837236840104379,-0.8416700078992863,-0.8587431094528651,-0.21694094630426816,-0.19388014634842557,-0.25758675561051375,-0.1714058231118393
A3004,2022,-1.0280472809930006,0.6957286056559788,0.6974280913004899,0.5959033786883522,-0.946043674203098,-0.9549710811911231,0.008028186707007636,0.9549710811911244,0.6719004840000415,1.3854424521970141,1.031185843033639,0.7571531782676879,0.5341304685251778,-0.07611188201064503,-0.06530554796014833,-0.11760693183569756,-0.14410242613243282
A3016,2022,-1.0280472809930006,0.6527361096721634,-0.41768560307135383,0.46028122432791635,-0.946043674203098,-0.4780507467941168,-1.235504501275921,0.478050746794119,0.6719004840000415,-0.6273915318809328,-0.5077791009245496,-0.520330815967692,-0.6364888614526603,-0.15117223755590736,-0.10034037797818124,-0.24451519633609065,-0.015189840522698344
A3029,2022,0.13281836105684816,-0.13728056470515812,-0.24333851499026682,-1.4117643763248235,-0.01837690968669066,0.14244508094230104,-0.9379592287700181,-0.14244508094229882,0.6719004840000415,-1.56008262799147,-0.8360792621639518,-0.8510130415781696,-0.8855001857089758,-0.2545225570873453,-0.32331266235399386,-0.35617200118480635,-0.2373386369356788
A3030,2022,-1.0280472809930006,0.9528161221580242,0.9146592336357321,0.6993630496908199,-0.946043674203098,-1.4331398981389056,0.28533937848352414,1.4331398981389074,0.6719004840000415,-1.5603751910705512,-0.8994750090886923,-0.8703603254185547,-0.8570127801015169,-0.23965297153087872,-0.3241066267462636,-0.3658441337172376,-0.24809777628086802
A3047,2022,1.3434475317378385,-1.2611956823076769,-0.5061949376994862,-0.46395499536267215,-0.15354627013496608,0.6118745200346403,-0.5020021704561958,-0.6118745200346394,0.6719004840000415,-0.5252870172816314,-0.43499604437749606,-0.47339508610393155,-0.3606743099192909,-0.4593749915460809,-0.5178348639772133,-0.49401036191814973,-0.43590938365629356
A3053,2022,-0.6295140082859826,0.5704480241080438,0.005013982656674896,0.18103040732934148,-0.5935386996849308,0.23608127225061362,0.9544909897580018,-0.2360812722506114,0.6719004840000415,-0.9506737342655464,-0.6497188501842218,-0.6196213696379915,-0.6622439141412761,0.5198181003005367,0.7510762534709592,0.5121379860127225,0.49224699970329516
A3094,2022,0.08036458157160513,-0.0885837555736218,-0.6494725562356218,0.19373547214397965,2.2051201116607664,0.030081651372325255,0.6933405484431359,-0.030081651372323923,0.6719004840000415,-0.10428874648393038,-0.23781793690364084,-0.28304087700670283,-0.015802820998732307,0.36449997000314904,0.3716365298322349,0.22577796479075812,0.3004815707476429
A3103,2022,0.3391070676438856,-0.3287933760092367,-0.13851361970361148,0.5406374377942234,-0.2553556212352394,-0.36443883467336463,-0.09371299572076755,0.3644388346733664,0.6719004840000415,1.6990700729719512,2.7634757478268943,2.7461150019246063,2.405716550231807,-0.2930423644326043,-0.4288751895208537,-0.5422647798627439,-0.40962623113970836
A3105,2022,-1.0280472809930006,0.6263955046635041,0.5672106755260218,0.5959928723727217,-0.016461806161481584,-1.7702301868488313,-0.8987749528022226,1.7702301868488326,0.6719004840000415,1.6355838848113522,1.7952286360141207,1.833727407600716,1.6978785614621812,-0.05826233344850479,-0.14991995869311076,0.11798239216053151,-0.03294628725954854
A3151,2022,-1.0280472809930006,0.5422777597957479,0.2524148629112373,0.5421011705315534,-0.946043674203098,0.5531958401480979,-0.3128614977561953,-0.5531958401480968,0.6719004840000415,0.9626888029248301,0.8055402001661396,0.3533934681724528,-0.009562255074843188,0.04324275363136847,-0.0159573326094564,-0.13703126634161664,0.07687611659721916
A3195,2022,-1.0280472809930006,0.11733369681324647,-0.6215082258949319,0.5150974180258274,-0.016461806161481584,-0.2008876205215117,0.15262921372162383,0.20088762052151393,0.6719004840000415,1.3172752547711206,0.9928079396895555,0.5630948705252101,0.5705865792824659,-0.04550061533389594,-0.1657327940512419,-0.1649876658803389,-0.06520875281367469
A3224,2022,0.16532625588700728,-0.16746000802758912,-0.3378413713356096,-0.06535661623529565,0.1498562949911606,0.23608127225061362,-0.9692687961600185,-0.2360812722506114,0.6719004840000415,-1.4898674890120065,-0.825309151502207,-0.8263221384905005,-0.8901913158993205,-1.303711057985653,-1.40394935457711,-1.5072817943174144,-1.2575637114393703
A3228,2022,0.27664841081111574,-0.2708084617683129,-0.08631527484983628,0.4333682084743983,-0.016461806161481584,-1.627903176060196,-0.15869525798893785,1.6279031760601974,0.6719004840000415,1.5460595826125392,1.1020824462860894,1.278391382046282,0.9716013664466067,-0.06583362221162775,-0.05481659421257931,-0.17569092830719513,0.02452944304136243
A3229,2022,0.25762341169480457,-0.25314617125273847,-0.5946571019944282,-1.7367066910653695,1.0215905812635446,0.5107474334216642,-0.8443990891672781,-0.5107474334216617,0.6719004840000415,-1.5548164925680101,-0.8721568104054557,-0.8893524230689482,-0.8315411310136581,0.024464018448544306,-0.021933295066049165,-0.047163586086002525,0.00914811692227819
A3235,2022,-1.0280472809930006,0.8446408655249575,0.28908146708521354,0.634576113261587,-0.946043674203098,-0.23709361449406002,-0.7158239102593166,0.23709361449406136,0.6719004840000415,0.8702388699352049,0.1582362509803685,0.33876674299297865,0.04625942826343763,-0.12748674682178218,-0.09740808098713517,-0.21003478607663048,-0.11136036791438494
A3236,2022,1.238382347642189,-1.1636560297050813,-0.8955161391262566,-1.1819334081534643,0.5038711386039613,0.33720835886359146,0.09338037109185286,-0.337208358863589,0.6719004840000415,-1.1516645695942571,-0.735851815277249,-0.7058599714584903,-0.6576381925660204,-0.1641591361692109,-0.14056410251455018,-0.2588560300202461,-0.19121249224074627
A3247,2022,-1.0280472809930006,0.9045858330960888,-0.2980380353870115,0.6576502229460062,-0.016461806161481584,-0.5354809441298828,-1.1176942035613413,0.5354809441298841,0.6719004840000415,1.050750289728241,0.5248708701324886,0.31899478874100534,0.780362161413691,0.07027140488641159,-0.04778790591917069,-0.033761881229401144,0.03498231603647615
A3250,2022,0.48985732284770445,-0.4687457678864668,-0.8542164050243646,-2.0927525496192807,0.057875651926120965,-0.5329839790283265,-1.0647375968791126,0.5329839790283292,-0.6737334159517172,-1.6279572623382845,-0.902576134598123,-0.8854663788885732,-0.887894405164566,-0.13783056302086263,-0.11725366908094896,-0.22621334699139925,-0.0784540544580072
A3253,2022,-1.0280472809930006,0.9179687638597466,1.6228485992232256,0.6575088008274964,-0.946043674203098,-0.6952867106294031,-0.8687192458019158,0.6952867106294044,0.6719004840000415,1.0048178863125088,0.41887637071399314,0.48634007890229547,0.3235397170706083,-0.08007905399344079,-0.09180932174254243,-0.1501584972792444,-0.023493497755423923
A3266,2022,-1.0280472809930006,1.957277023328593,4.753331782101368,1.0601252806540171,-0.016461806161481584,-1.2258917947098409,-0.45429132189041305,1.2258917947098422,0.6719004840000415,1.649334349528166,1.394750974850968,2.2401240111961562,2.8173036959376128,-0.22873282268202402,-0.07238698461804391,-0.2229137473877906,-0.15537450650132087
A3272,2022,-1.0280472809930006,0.8367369091859183,0.22337828648247307,0.6342389237085191,-0.946043674203098,0.7467106355186119,0.31364677894320997,-0.7467106355186106,0.6719004840000415,0.5662658307699445,0.008608128663748812,-0.1507522359659597,0.2961239256275632,-0.2045795776261378,-0.24717689838921,-0.1843056068775783,-0.033490981372443066
A3273,2022,-0.4015671006658964,0.35882832941586273,-0.29391693058468804,0.09473543163838664,-0.3098812651836158,0.4782868871014485,-0.6095548118397346,-0.47828688710144673,0.6719004840000415,-1.1241636401606367,-0.7289513583677797,-0.7183336882463359,-0.7855567302440649,-0.3228153297138613,-0.42945380446965914,-0.3941774820952136,-0.2693625840227328
A3274,2022,0.4235629566996545,-0.4071999209522647,-0.3618594745754396,0.08646417121109053,-0.3990262944007369,-0.47430529914178415,-0.7005309538567872,0.4743052991417864,0.6719004840000415,0.6075172249203787,0.04279561763012902,0.16965783005510607,0.23646517410172505,0.6488945736041976,0.637239846244632,0.6576647278625661,0.625886363958433
A3280,2022,0.6306846363035112,-0.5994860416964517,-0.36186796431180523,-0.11572063724336289,0.15591756354492028,0.19612983062573267,1.220214576843602,-0.19612983062573155,-1.1222780492689701,-0.21546271653474738,-0.2722343109505415,-0.2419254841811782,-0.35133803113312645,-0.07747487157756298,-0.08828477052806162,-0.1278342073652699,-0.09532972183769796
A3281,2022,-1.0280472809930006,0.6340387274069705,-0.4450418506035465,0.438950860413326,-0.946043674203098,0.41835972466412796,-0.9372653703335112,-0.41835972466412663,0.6719004840000415,-0.9225876786737582,-0.6043140953763341,-0.6477119475873614,-0.5923573806277374,-0.15747523418327125,-0.07292366976030648,-0.27037212819390766,-0.16627092035415386
A3283,2022,-0.003264860712024058,-0.010944611547794416,-0.03438388005802001,-1.064206537978483,0.025774937262630346,0.02633620371999261,-0.6616319640961795,-0.026336203719991277,0.6719004840000415,-0.5129993679602235,-0.5285889869760165,-0.3627891056925438,-0.6223211290850083,2.4616563539223155,2.9222015874288885,2.239751542705998,2.102614135069927
A3287,2022,-1.0280472809930006,1.600317393894686,0.6411276731117159,1.0254678846291745,-0.016461806161481584,-0.09476660370542483,-0.6538143325564162,0.09476660370542617,0.6719004840000415,-0.1379335005782581,-0.2950758642595535,-0.3488624365773951,-0.5092143875249547,-0.07264195583442021,-0.21087393070512506,-0.2608830083015168,0.008770631078930505
A3289,2022,0.6012246372485256,-0.5721362356317822,-0.7613912436984785,-1.2707557517826311,0.17239391314312183,-0.5567051474931005,-0.9177529982852745,0.5567051474931014,0.6719004840000415,-1.3330536786245377,-0.7552121438862391,-0.7649295520470234,-0.8517351630935074,-0.10418661504168102,-0.17257013759296225,-0.31954304142705536,-0.20126886268417415
A3299,2022,-1.0280472809930006,0.4910300084148539,0.14585208517646794,0.38529884420367494,-0.946043674203098,-0.3357237360054816,-1.486952142997642,0.33572373600548383,0.6719004840000415,-0.6578180921053683,-0.5316572261263701,-0.6120821042809208,-0.5281624744550579,-0.0980658120389144,-0.1744552813548859,-0.3499087795645239,-0.26719870892943376
A3302,2022,0.2418967021970935,-0.23854592290032348,-0.9826319062434798,0.03195008775169527,-0.24646041687218173,-0.4168751018060199,-0.029356961460249194,0.41687510180602166,0.6719004840000415,-0.5489846266871984,-0.28047672097765547,-0.3766517050380145,-0.5748169788888242,-0.09653468424076894,-0.0913544327529239,-0.09432151111261237,-0.11590208599167036
A3317,2022,0.010142414212679666,-0.023391560075601187,-0.11487582479595781,-0.27778748479729076,0.14567723102482805,-0.5005234327081126,-0.3853716582253143,0.500523432708114,0.6719004840000415,-1.1850167606095043,-0.7002749800527439,-0.7196656475618227,-0.7943262983882802,-0.5908587327198211,-0.803963794772171,-0.7687479082027584,-0.5831585203438895
A3318,2022,-0.49146140832539315,0.44228375392714225,-0.20617547780307824,0.20094461655330748,-0.39951687485122744,-0.44933564812623555,-1.0242061955159314,0.44933564812623644,0.6719004840000415,-1.0870081291173366,-0.7285780775608783,-0.6776407819395607,-0.6897591829269799,-0.22911755734861958,-0.289844816798778,-0.2928612591164861,-0.22136178639902723
A3319,2022,0.6085179890832019,-0.5789071307294762,-0.6717944303817814,0.23529430898436127,-0.3515308620554397,0.0925057789112003,-1.0974813842296394,-0.09250577891119897,0.6719004840000415,1.2438419219217651,0.6881750003926175,0.4649702158201045,1.2275479867672363,1.1549762204599432,1.1261029995160556,1.276301357257402,1.1459692912904993
A3320,2022,-1.0280472809930006,0.7718324778838246,0.30882291053860483,0.5858639965108398,-0.016461806161481584,1.0326131396466587,0.272808114576407,-1.0326131396466571,0.6719004840000415,-0.35764837296816093,-0.35519338467058104,-0.3984229389308909,-0.46769207877928787,-0.870645025622808,-0.7887268115008342,-0.8385545254311882,-0.7306095115855084
A3323,2022,-1.0280472809930006,0.622806081652232,-0.3155184450547738,0.342811165119116,-0.946043674203098,-0.05356667952976752,-0.142616149164433,0.05356667952976863,0.6719004840000415,-1.1156793108672822,-0.695548430787179,-0.6940001792921195,-0.722245010689514,-0.1851764201508466,-0.3011663148795638,-0.2259001712891841,-0.06788636845601777
A3324,2022,-1.0280472809930006,0.734171908682991,-0.38164825771455807,0.621801373194226,-0.946043674203098,0.030081651372325255,-0.971100464056345,-0.030081651372323923,0.6719004840000415,1.333658787199662,1.2476266151670115,0.729549212002932,0.791113783836033,0.2127486458442618,0.12877210508304998,0.255335007468768,0.1683321082543984
A3325,2022,-0.47379588801291367,0.4258835664706136,-0.8096831550751322,-0.2522366926409615,0.037944222215610494,0.4782868871014485,-0.608462027187122,-0.47828688710144673,0.6719004840000415,-1.5586198125960644,-0.8668907765908264,-0.8513452499669082,-0.8734964689498508,0.08069925450626107,0.12090890348338558,-0.12516564583409526,0.044165505855723104
A3327,2022,-1.0280472809930006,0.5237930671546142,1.3840814155642924,-0.1560408566327142,-0.946043674203098,-0.3819175903842497,-0.03174208344087064,0.3819175903842515,0.2233558506827886,-1.1715588589717745,-0.7800123800702727,-0.7311788537247418,-0.7311621146238947,0.12289280686590603,0.03970028150585044,-0.05326187836959165,0.06423772931296291
A3336,2022,-1.0280472809930006,0.847086368350101,0.05375299282270909,0.6141071260590529,-0.016461806161481584,0.16491776685629514,-0.5586177569995712,-0.16491776685629403,0.6719004840000415,-0.09697466950690453,-0.4069481725769255,-0.3396950913828601,-0.38793064919002995,-0.10102636709865058,-0.1136683959094782,-0.16431129443713866,-0.000324097134447679
A3361,2022,0.7883942523012611,-0.7458993496720501,-0.005426792921999824,0.3708213072513858,0.48898817125450306,-0.7627047683713871,0.9209412731473299,0.7627047683713893,0.6719004840000415,1.5287983609467526,1.340608588790002,1.630955507346644,1.1808106023252884,-0.5133244652639662,-0.534837456507798,-0.5273097795015673,-0.3871718157749238
A3365,2022,0.46647391729966553,-0.4470373966563037,-0.08961397891108276,-0.20651308489649667,-0.003919047474682819,-0.13596652788108216,-0.7913199892120011,0.13596652788108393,0.6719004840000415,-0.17625926393788025,-0.2855711081748811,-0.31923894845129563,-0.2366391413079018,-0.018722599678634058,-0.15652224435806744,-0.0832792973500523,-0.03390581272179503
A3367,2022,1.401429838031856,-1.315024874743746,0.6165834652701744,0.0069192014206883486,0.02166924743814105,-0.10475446411164463,-1.1090490086598253,0.1047544641116464,0.6719004840000415,0.8389346204735245,0.37544105449301984,0.38958140903783695,0.35071956123982545,-0.6044740446915072,-0.666115532393681,-0.8003084226145334,-0.5344457550472679
A3378,2022,0.0623209068122221,-0.07183265010265627,0.05585342438009975,0.3290854165477917,-0.016461806161481584,-0.33946918365781426,-0.27492948744093665,0.3394691836578165,0.6719004840000415,0.11805919361770388,-0.16646853442581674,-0.1846663707351772,-0.2569081566427587,-0.768495203234207,-0.8410670922161183,-0.8086242391666716,-0.7050329556478818
A3379,2022,0.04406644857573615,-0.05488584154937303,0.25178384673882065,0.14913108788428373,0.09114900255236325,-1.7702301868488313,-0.9427131368073493,1.7702301868488326,0.6719004840000415,0.08119624565348398,-0.2160683011872191,-0.3171773984073958,-0.20148311200241822,0.11376129616144531,0.09241425669006317,0.017047919280264546,-0.014890626933287458
A3380,2022,-0.4377843639785797,0.3924514493117916,-0.5900322419898498,0.10332730871423793,0.26160246330121517,0.15742687155162985,-1.1647459258801907,-0.15742687155162896,0.6719004840000415,-1.0928593906989563,-0.7185890874553938,-0.7000812978380365,-0.7572937727592757,-0.03690555670370825,0.08617636491097175,-0.12751380357375494,0.03829355932837351
A3391,2022,-1.0280472809930006,0.4788271513616594,-0.634583516678905,0.4646684174213159,-0.946043674203098,-0.23709361449406002,-1.0474050570056848,0.23709361449406136,0.6719004840000415,-0.1768443900960448,-0.2337217566980506,-0.3766066967126983,-0.35168637886825604,-0.09399983451934332,-0.15641261530014416,-0.17190034372865737,-0.0913067393784081
A3397,2022,-1.0280472809930006,1.1883872313676827,0.45171381257024634,0.8838944693119374,-0.016461806161481584,-0.18965127756451378,-1.2859379866939307,0.18965127756451644,0.6719004840000415,-0.7098943201818007,-0.5359797119923684,-0.6119318649681361,-0.6992420941254449,-0.21648509045765876,-0.20766236449805553,-0.3136122749873612,-0.19242675970340717
A3442,2022,-1.0280472809930006,1.401160877209514,0.004213352029219435,0.9568999781428691,-2.107057253932587,0.2198509990905049,-0.04344748529445984,-0.219850999090504,0.6719004840000415,-0.613933630243203,-0.4241257828420886,-0.46121837928962495,-0.5134279977234423,-0.36692225481718294,-0.3834349406493103,-0.3163572094420726,-0.26072081921125334
A3452,2022,-1.0280472809930006,0.3532622755955985,0.8159092465837469,0.34557911638783984,-0.946043674203098,-1.7702301868488313,-0.9272481723508694,1.7702301868488326,0.6719004840000415,0.3190500289464179,-0.16306570439342602,-0.09829529825917944,-0.08382848202828264,-0.15695101294666278,-0.1525102171249672,-0.2585594708650251,0.06543259154705262
A3454,2022,-0.1384214996015853,0.11453112732513777,-0.09968784815642366,-1.0983559744800064,-0.09722277285179746,-0.44933564812623555,-0.7632575610011515,0.44933564812623644,0.6719004840000415,-1.7031459736621266,-0.9471840104757515,-0.937041182791331,-0.9575440396410869,-1.0821876267904291,-1.1429838991507393,-1.2779030765686554,-1.0444804360557522
A3457,2022,1.944182738252672,-1.8189018706512965,-0.638592182832969,-0.9675878166900825,6.82054346843183,0.42335365486723875,-0.9336156939278267,-0.42335365486723653,0.6719004840000415,-0.9995317684720866,-0.7251213210714185,-0.6796339430017921,-0.5801715249888222,-0.7117910047030522,-0.7793633445364075,-0.7584592967571345,-0.5677612441137204
A3458,2022,1.34368675016837,-1.2614177661769532,-0.8092990498571088,-1.7072449006053103,2.6955832895929315,0.1486874936961882,-0.8904880310721276,-0.14868749369618642,0.6719004840000415,-1.2833179551807525,-0.7614343634710193,-0.77887676630836,-0.751037448699506,-0.05394509462576113,-0.23738905408242747,-0.20071973808352997,-0.1558760110661182
A3466,2022,1.1400557075718083,-1.0723722576677703,-0.8597611886322095,0.1334334398910036,-0.2154422988584401,-1.519285194142553,-1.346548136643686,1.5192851941425547,0.6719004840000415,0.8804785777030428,1.3124106161039348,0.6173410382782434,0.19776339264725282,0.09025520406945348,0.14712008368252036,0.14185886262346262,0.21559335175216734
A3473,2022,0.5871903328546665,-0.5591071161264934,0.6380840108642597,-1.3811477996890615,0.1520715898899289,0.4907717126092228,-0.3787365979183119,-0.4907717126092217,0.6719004840000415,-1.2171986993084225,-0.7408240162477665,-0.7184542824789396,-0.7483028613995295,-0.3582621739718182,-0.4456868923624816,-0.4747895396419864,-0.39465212698618674
A3476,2022,-1.0280472809930006,0.7829533402791318,0.03944173589339384,0.5756778060208507,-0.946043674203098,-1.1484858765616353,-0.9196736859131937,1.148485876561637,0.6719004840000415,-0.05279764456565878,-0.1266322958585465,-0.10933143269184112,-0.4499546215148644,-0.2164536729697216,-0.1910549086298578,-0.12871200849412107,-0.014228008639298963
A3477,2022,1.4726925802799955,-1.381183261865248,-0.6078206132288023,-0.3420168810972032,-0.014490659479083703,-1.7702301868488313,-1.5094211460249856,1.7702301868488326,0.6719004840000415,-0.20668582416231576,0.04588297779538937,-0.37262793834457364,-0.517829168967109,-0.408620374516229,-0.5451837617822805,-0.5019170246344427,-0.3700128876373928
A3486,2022,0.13672814751904228,-0.14091030386713932,-0.26118550852406686,0.1394744707472496,-0.05247363870576104,-0.9125226744646876,-1.0614218911332294,0.9125226744646894,0.6719004840000415,-0.21985116272096494,-0.10590011909255434,-0.2318408862778057,-0.43549947764663133,-0.31292896687706484,-0.29501053744986727,-0.33082599780670424,-0.1396248180987423
A3504,2022,-0.41732284505102984,0.37345553296620465,-0.520839647054545,-0.38821433580319836,-0.15757121830547685,0.7092561589952855,-0.6655937826664864,-0.709256158995283,0.6719004840000415,-1.5700297726802273,-0.8760841131253865,-0.8690173897765243,-0.8670748925263031,-0.21178804644976543,-0.2677177999684457,-0.22313727692701968,-0.12166073570861112
A3507,2022,-0.3678679935207691,0.32754299705532613,-0.9009955923816252,0.5526550032866527,-0.16148312821461608,0.2073661735827306,-1.0173199951019753,-0.20736617358272905,0.6719004840000415,0.9632739290829909,0.6055380669309379,0.30990633709142557,0.5461891892410129,-0.00551311098999663,-0.007839655798183402,-0.18430546877371812,-0.07194919857591757
A3509,2022,0.5124755717637046,-0.48974373160968715,-0.6768564560924933,0.2502841558474044,0.171726796617431,0.9801768725140034,-0.4116166877157816,-0.9801768725140021,0.6719004840000415,0.2868680902474962,-0.22398482424004143,-0.22564312173543685,-0.014752564966036866,-0.015450393790199241,-0.2199324384679611,-0.13570028550811916,-0.10631687144546781
A3521,2022,-1.0280472809930006,0.6076361985249566,0.2599165183113977,0.19652220603781803,-0.946043674203098,-0.5229961186221067,-0.8738798921605988,0.5229961186221089,0.6719004840000415,-1.305845312269998,-0.8279369438094455,-0.7965054010406445,-0.7695256407531241,-0.08511357943050908,-0.02530701374590038,-0.12680585520378868,-0.019198106913608792
A3527,2022,-1.0280472809930006,0.843168098168194,-0.16937984362185526,0.6451682018046037,-0.946043674203098,-1.7702301868488313,-0.7700089358688736,1.7702301868488326,0.6719004840000415,0.8819413930984487,0.5530420931538809,0.29605768692168616,-0.06841844405752574,-0.46799983721061983,-0.48348654292916615,-0.5362334954733549,-0.45409252535826816
A3531,2022,-1.0280472809930006,0.6899104005380393,2.1109242056942388,0.5725054758820131,-0.016461806161481584,-0.6066444495241995,-1.072229531873908,0.6066444495242017,0.6719004840000415,1.2066864108784645,0.5821174925390782,1.0186242369209972,0.2602352513299107,-0.2949073221149575,-0.31121223957737265,-0.3429517917585865,-0.21486777800969944
A3539,2022,1.3298573306904977,-1.248578910154589,0.7822730770822538,-0.5653185392131063,-0.15143547968093346,0.187390452770291,-1.0393673223535875,-0.187390452770289,0.6719004840000415,1.5864332875257279,1.4308261948014656,1.8534095452019546,1.6142079137672716,3.237124557689265,3.6947316850993515,2.4340666106339315,2.560322099391854
A3547,2022,-0.05984441112367135,0.04158230056934372,-0.46930268043110024,-0.5816454742014936,0.46991432876391737,-0.35445097426714484,-0.5372484850121495,0.3544509742671466,0.6719004840000415,-1.2947279152649156,-0.7657835829100784,-0.7501633420819104,-0.831810875842166,-0.12683733584591553,-0.19710812182966422,-0.1644026297176692,-0.08560783918495965
A3554,2022,2.117268223260697,-1.9795897162354708,-1.1852742952214217,-0.578506842301832,2.4250760997987477,-0.8251288959102622,-1.3960314104313045,0.8251288959102644,0.6719004840000415,-0.14905089758334042,0.008452181986171812,-0.29376749073339364,-0.4196186945600392,0.07428021980381692,0.24973097861646704,0.005743592225988179,0.16551923922648093
A3555,2022,-1.0280472809930006,1.6994900667576,-0.6210321426112368,0.8939462811678345,-0.016461806161481584,-0.389408485688915,-1.6955469787799369,0.38940848568891634,0.6719004840000415,0.5709468400352424,0.1398634916042233,0.038398768332811264,-0.0023709169542645045,-0.0006880828055976878,0.19289599124012435,-0.03943668848864931,-0.04323327395172212
A3557,2022,1.7807129383010913,-1.6671412485261765,-0.1328438226419072,0.03169458880712192,-0.21508542743625172,0.5269777065817711,-0.7397174695558217,-0.5269777065817691,0.6719004840000415,1.4381038064316143,0.8271433287008898,0.9160615349514816,1.2512180895227725,0.1440578559262888,0.25615677108866297,0.053879475369264365,-0.006227056239283629
A3560,2022,-0.2935998008686835,0.25859438689293945,-0.04725585359367702,-0.3838606337876685,-0.1516144425745176,-0.5055173629112216,-1.0765218889679493,0.5055173629112238,0.6719004840000415,-1.138499231035608,-0.7301508543992249,-0.684738333913419,-0.7879360630688157,0.10833560973647652,0.08463361053043665,0.04218507487825165,0.06285043865167975
A3563,2022,-0.1250709364370618,0.10213682844939292,-0.3302512645599507,-0.3541281525538991,-0.016461806161481584,-0.5204991535205522,-0.6112629225482055,0.520499153520554,0.6719004840000415,-0.9664721405359233,-0.5918085325836817,-0.604329259471938,-0.754407626647912,0.10590816717195466,0.2776470845286927,-0.00655142739358325,0.061626842105805386
A3566,2022,-0.07016497089851645,0.05116362690277749,-0.053341002844769954,-1.8945464121619846,0.20802635733848704,-0.14345742318574745,-0.3515798817866568,0.14345742318574878,0.6719004840000415,-1.4047316329994075,-0.7997011846521223,-0.8029570761107976,-0.8323528428076069,0.8662321676950693,0.9886021249143959,0.7397580070368829,0.7065746245868593
A3578,2022,-1.0280472809930006,0.8796922171504328,0.4049851725347761,0.6396853325615972,-0.016461806161481584,0.3584325622268092,-0.6803636615938672,-0.35843256222680653,0.6719004840000415,0.38282878018609723,0.006661562703730023,-0.015320274501035278,-0.3161578552219326,0.1408987488563558,0.1712289428784476,0.13725847158405374,0.17615935460377452
A3579,2022,0.8606475027527262,-0.8129772976060513,-0.6156442752143536,0.07519259358304645,0.09398432448092274,-0.8163895180548205,0.4250707378165352,0.8163895180548218,0.6719004840000415,0.7301011550553587,0.09466273090352094,0.12059008146342103,0.07430743204170996,0.06519187347773626,0.05421831479375264,0.025001471891934357,0.030823930722188052
A3588,2022,-1.0280472809930006,1.4029673628428503,0.3750285114322613,1.2453870129340014,-0.016461806161481584,-0.9162681221170202,-0.981057801607539,0.916268122117022,0.6719004840000415,-1.0650658981862522,-0.6812917085526884,-0.6590124084481178,-0.689091820830689,-0.023868258008119075,0.03131937770839228,-0.19690561036410328,-0.17033179491881298
A3591,2022,-1.0280472809930006,2.220073188435072,0.6826091525296069,1.5234221383327888,-0.946043674203098,0.9202497100766847,-0.41467071662679617,-0.9202497100766833,0.6719004840000415,-0.25378847989437303,-0.5039509636411975,-0.44507209849065105,-0.31040245146127815,0.11944865338646228,0.1783323661228027,-0.017054079689826234,-0.058454896461203554
A3596,2022,1.1388071035332756,-1.071213087718134,0.3445575464613827,0.2538539594794757,-0.27322834434421034,-1.0198921738315525,-0.8178776686766438,1.0198921738315543,0.6719004840000415,1.39480447072761,0.782332110255303,1.0973245260417104,0.8112596160301098,-0.49375675332521984,-0.43661680591512714,-0.5541053031124396,-0.39338720247926223
A3597,2022,-1.0280472809930006,2.411111223186354,2.225531552519978,1.2268058176630203,-0.016461806161481584,-0.4168751018060199,0.3378750978650884,0.41687510180602166,0.6719004840000415,1.2894817622584165,0.3915190354632024,0.5240454455690814,1.0463685046024098,0.12689098397282278,-0.00355990559162359,0.1220690947147222,0.3267937115101394
A3599,2022,-1.0280472809930006,1.0435952241856195,-0.12906537600952728,0.7121839867295104,-0.016461806161481584,-0.6902927804262923,-0.7588274597161077,0.690292780426294,0.6719004840000415,0.038774599186724656,-0.1896668376085323,-0.1796727797501418,-0.3360125814408461,-0.0888538354731564,-0.16009043657955607,-0.18752663588835933,-0.026527964904971547
A3613,2022,1.1962879623410454,-1.1245767499785504,-0.8676757413919808,0.22875042858368738,0.3657820031735167,0.35468711457447655,-0.691604174974007,-0.3546871145744741,0.6719004840000415,0.807630371011848,0.3125627138570096,0.032475188435160965,0.29351999712681937,-0.16946005569374858,-0.25497806839518067,-0.19807829022548806,-0.0689396348115789
A3617,2022,-1.0280472809930006,1.6888775527042699,-0.7349113855425667,0.8497861888566209,-0.016461806161481584,0.12621480778219232,-1.2121712174221464,-0.12621480778219143,0.6719004840000415,0.28657552716841556,-0.07383488881291167,-0.19521849738321298,0.008987009699293528,-0.052737664933682246,-0.07500597856420231,-0.26580627011997904,-0.11348987226693254
A3621,2022,0.3948905777592112,-0.38058126601710796,-0.6221434045651155,0.07768647044338874,-0.016461806161481584,0.32722049845737167,-1.0237365985877536,-0.327220498457369,0.6719004840000415,-0.5472292482127122,-0.4204814901177323,-0.513497738491565,-0.5602874331692775,-0.25647111069667916,-0.22819838140337217,-0.5138472921816528,-0.2894970525949565
A3623,2022,-1.0280472809930006,1.6183555810257462,-0.4785768480125702,0.9194799479895005,-0.016461806161481584,-0.6453474085983023,-1.5843792530397893,0.6453474085983041,0.6719004840000415,0.1391237353115397,0.06604188538659564,-0.10302070584422109,-0.2846080291858071,-0.04140901227492749,-0.06872867195729251,-0.25759019195653376,-0.15807594753981452
A3624,2022,-1.0280472809930006,1.7687066032588536,1.1611904185459008,1.4614040508712745,-0.016461806161481584,-1.1934312483896252,-1.1541580817314483,1.193431248389627,0.6719004840000415,-0.639971744281421,-0.49057342147057753,-0.5518147528938673,-0.6252366553377396,0.06000946081611058,0.0722398752678907,-0.08840902582647772,-0.11149165269815325
A3630,2022,-0.19164452103702764,0.16394190040337275,-0.31933014833814455,-1.1795469789573803,1.3637101205592324,0.1948813480749563,-0.4392667153321496,-0.19488134807495386,0.6719004840000415,-0.30644983412897003,-0.34240779703531293,-0.44479479704855585,-0.2760994939439321,7.378320721751939,5.915401236181495,7.00769550877598,6.4732305511550505
A3631,2022,0.48119815151934553,-0.46070680263806574,-0.18296072383879006,-0.8959349330824758,0.5188277142453559,0.11622694737597254,-0.7859575458205803,-0.11622694737597143,0.6719004840000415,-1.1981820991681535,-0.7010490997779911,-0.7596602182748352,-0.7828093584263754,-0.29741771682263457,-0.36448746028860124,-0.4108040337349584,-0.2892880378328771
A3632,2022,-1.0280472809930006,0.8406063208620064,0.7857866219407086,0.5973818198784375,-0.946043674203098,-0.8987893664061352,-1.356299607145804,0.8987893664061369,0.6719004840000415,-0.3380466466697274,-0.42300284743799615,-0.30430445869261064,-0.4461065567516429,-0.36395872144076497,-0.42746643559909153,-0.39836103271753603,-0.2583036601976552
A3633,2022,-0.4142040503505774,0.370560066532248,-0.010572265007418254,0.036576344992692966,-0.2894671416152023,-0.7951653146916028,-1.035415332970013,0.7951653146916041,0.6719004840000415,-0.9699828974848961,-0.6407581087562665,-0.6134580844488141,-0.7358649691225567,-0.1049459235177796,-0.13099123288506498,-0.13517569012485633,0.00751254261658873
A3644,2022,-1.0280472809930006,0.4646741557899361,0.24277682663783728,0.4207122408893795,-0.946043674203098,-0.24208754469716903,-0.016416542306140036,0.24208754469717125,0.6719004840000415,-1.1572232680968,-0.6603289486355071,-0.717618186585288,-0.7682746597523836,-1.3577717562330167,-1.3562985249403576,-1.3921247892255197,-1.2400834451765823
A3663,2022,0.5646150201632409,-0.538148811277268,-0.34390580304261364,0.3473587010636776,-0.03093941341186678,-1.7702301868488313,-1.2655660760469958,1.7702301868488326,0.6719004840000415,0.2146050097144657,-0.006349360914180021,-0.09403342650088539,-0.38790393444615373,-1.0078620603643083,-1.0980493607616737,-1.379484152547873,-0.9704712369909949
A3664,2022,-1.0280472809930006,1.2174897582496509,-0.7114914830949646,0.7630508572820055,-0.016461806161481584,-1.1035405047336453,-1.0116667250015925,1.103540504733647,0.6719004840000415,-0.6183220764294172,-0.4882554561969685,-0.485842086167598,-0.5964357574283025,-0.9351529917156238,-0.9258176601529874,-1.0391054904640733,-0.7914941160149452
A3667,2022,-1.0280472809930006,0.7222850191735392,0.12589983847643946,0.6131456213822315,-0.946043674203098,-1.05110423760099,-1.0397850467990286,1.0511042376009918,0.6719004840000415,1.2110748570646823,0.7858082338991051,0.7062218138361384,0.6580202100610453,0.1274037703442075,0.061169507207996736,-0.01499793978963109,0.11682880458853183
A3669,2022,-0.1795880010750868,0.15274898500227327,-0.6687802472855868,0.4699747161774916,-0.016461806161481584,-0.6915412629770704,-1.9787841077111363,0.6915412629770717,0.6719004840000415,0.4691348885150181,-0.11235099550746627,-0.0019154524153875661,0.1789990550709005,-0.22998996137293723,-0.19174456284625135,-0.5552301734630503,-0.34806027536415524
A3671,2022,-1.0280472809930006,0.7094282937654108,0.008978295354944559,0.5945488890132695,-0.946043674203098,-1.4431277585451254,0.8644537285906204,1.4431277585451272,0.6719004840000415,0.8994951778433119,0.3969784388415915,0.5018601230780348,0.01867908031613071,-0.18803930094463694,-0.04888471108711667,-0.08837101503586542,-0.029171611131033455
A3675,2022,-0.01077156887616197,-0.003975588337855561,-0.6381533667116037,-1.437188523869167,-0.016461806161481584,-0.592911141465647,-1.5745622105439394,0.5929111414656493,0.6719004840000415,-1.5319965723996847,-0.8359293938183874,-0.8471900276461065,-0.8700681359716229,0.2965266594062116,0.34826206580467767,0.30916628761766485,0.2005357692325018
A3677,2022,-1.0280472809930006,0.8629013378447855,-0.8426424434920303,0.587758762873042,-0.016461806161481584,-0.03359095871732616,0.16772914727000934,0.03359095871732882,0.6719004840000415,-1.321058592382214,-0.7485753912463393,-0.7505023540878716,-0.7664723915555065,-0.09634914663240375,-0.14427232097351977,-0.2951581624275077,-0.20912528793435597
A3692,2022,1.5884780086790353,-1.488675297021285,-0.6979032667299473,-0.04521156026221919,0.9774212270341633,-0.24583299234950168,-0.6625818407070937,0.2458329923495039,0.6719004840000415,0.903591060950449,0.38063902439576297,0.37438919132545,0.2927879836124031,0.18178727638353595,0.25022273122880645,0.19047656055705095,0.1242034209190208
A3694,2022,0.3095844150496399,-0.30138535019425045,-0.3728775065837726,0.1904177147680415,-0.016461806161481584,-0.5055173629112216,-1.7406376544008075,0.5055173629112238,0.6719004840000415,0.27048455781895486,-0.06563232627003832,-0.11521457284390871,-0.09320511919096068,-0.03553747106849677,-0.0421196106888966,0.0590899091278489,0.03613800729160205
A3696,2022,1.1301825873145894,-1.0632064988672474,-1.0234190429092622,-0.11558812306102877,2.165357977148432,0.16366928430551878,-0.7767298290535705,-0.16366928430551633,0.6719004840000415,-0.1300342974430677,-0.3739267315346876,-0.36078706457243903,-0.14794921672134198,-0.08355856182593552,-0.027312608574877884,-0.1038531788584064,-0.11460358123919268
A3698,2022,-1.0280472809930006,0.6769006073591063,-0.33656262193082753,0.5770376128361314,-0.016461806161481584,-0.9949225228160022,-1.203611300126027,0.9949225228160045,0.6719004840000415,0.15872546160997678,-0.024421731289193713,0.015483242869174803,-0.13241613505181074,-0.06405841460806543,-0.36135187247283257,-0.36330753527266985,-0.1080668319369186
A3702,2022,-0.3665874589912323,0.32635418370833824,-0.2996516929689627,-0.2575182701479054,-0.5553898935437867,-0.6066444495241995,-1.1361156357806428,0.6066444495242017,0.6719004840000415,-1.4193597869534622,-0.8418383813913003,-0.8207488860326547,-0.831027934002862,-0.09008975871692054,-0.08230934681907559,-0.19715422712031178,-0.12042038181701303
A3712,2022,-1.0280472809930006,1.6256884905045899,0.7685309147605682,1.2986708344483917,-0.016461806161481584,-1.0648375456595425,-0.3410139679431893,1.0648375456595442,0.6719004840000415,0.822843651124064,0.34937983802080785,0.2855261347882964,0.08046096194746047,2.2482422741581107,2.2554082042185115,2.8819907214393012,3.3434307099881417
A3714,2022,0.5477687478213573,-0.5225091913021094,-0.4271794350429219,-0.2631679732963414,0.7667534746879238,-0.11474232451786442,-1.0787833151946347,0.1147423245178662,0.6719004840000415,-0.32868462813913124,-0.2811856704722277,-0.355200012007367,-0.43235350035680853,0.13751698999255577,0.0930758016033873,0.2361693096696045,0.34325210500385206
A3715,2022,0.8603561347535762,-0.8127070633575434,-0.58912088178459,0.20780800874223565,0.1821847628811409,-0.31949346284537467,-0.4195060598408934,0.31949346284537644,0.6719004840000415,-0.0691811769942004,-0.14555033836580614,-0.3397592841214751,-0.2156536385557412,-0.89147314232147,-0.9577415806216887,-0.9564643890981287,-0.7534891051813533
A3716,2022,-1.0280472809930006,0.8561408004045268,-0.3701745925758049,0.6400214863081332,-0.016461806161481584,-0.5479657696376571,-0.7890648783700911,0.5479657696376589,0.6719004840000415,0.5700691507979975,-0.17418859283875401,0.18084528005906833,0.03816823339724078,-0.6278323950742414,0.013149315730658608,0.05741431928028971,-0.3576408329071775
A3717,2022,-1.0280472809930006,0.868497729287998,1.6719019052582604,0.6245247157283027,-0.946043674203098,-1.006158865773,-1.2911347459119256,1.0061588657730018,0.6719004840000415,0.5563186860811877,0.030572302712869665,0.16596939677041342,-0.18949011854910924,-0.1065276120783945,-0.23285360277268988,-0.04882067404202088,-0.3178615586347756
A3719,2022,-0.28155835353330794,0.24741548028470972,-0.11703318748120652,0.3244607475434765,-0.016461806161481584,-0.5005234327081126,-0.924595688259806,0.500523432708114,0.6719004840000415,1.6297326232297322,1.816050928253395,2.0828811449602354,2.1113103472156376,6.433225273227303,6.246712506907824,5.087206096554888,4.465748046053247
A3720,2022,-0.06525907660715806,0.0466091283883265,-0.8066048887253616,0.21258908453289105,-0.016461806161481584,-0.6066444495241995,-0.7047301669529288,0.6066444495242017,0.6719004840000415,-0.3883674962716769,-0.4061604205735586,-0.2691969781976885,-0.3676433130826191,0.3580322594929744,0.37774173653721627,0.20294919081155097,0.48406234805635023
A3722,2022,-1.0280472809930006,0.4061765647059793,-0.5840976634011146,0.4929588488011596,-0.016461806161481584,-1.3832005961078049,-1.2942268649668787,1.383200596107807,0.6719004840000415,0.167209790903328,-0.02449001350170997,-0.06241838972789303,-0.18130413179660188,-0.4573711716458933,-0.40755893726058057,-0.48172441616353884,-0.5384577805827728
A3723,2022,-1.0280472809930006,0.45544471363294836,-0.5168698612066438,0.319777106620603,-0.016461806161481584,-0.4293599273137942,-0.13480412324665797,0.4293599273137964,0.6719004840000415,0.33484843521679497,-0.14488248378925087,0.027666971736971312,-0.11063346988992859,2.136882447805372,2.1423809155587152,2.455538470709954,2.2957098668357303
A3724,2022,0.9987870181808918,-0.9412220550875,-0.8606500883683548,0.02543666006306378,0.03712278277784604,-1.0461103073978792,-0.8995132039357806,1.046110307397882,0.6719004840000415,0.34713608453820266,-0.04028785741016897,-0.12039935395048046,-0.00036225230713231955,-0.15789895866343207,-0.11172134277244006,-0.007125147308497511,-0.19106961051877863
A3730,2022,1.1840284246395976,-1.1131953293989318,-0.768503104586703,0.14985124963913654,0.5711173614008352,0.2023722433796216,1.03479176336323,-0.20237224337961893,0.6719004840000415,0.798268352481255,0.3150828475195603,0.5715562922690086,-0.006913997011491522,-0.10533623201480877,-0.06798669940523135,-0.15574853118424806,-0.11647196371029259
A3731,2022,1.5252800123311459,-1.4300036548821955,-0.2217621812436634,0.19250265520952883,0.062045015093018956,-0.6540867864537457,-1.4162306449346076,0.6540867864537466,0.6719004840000415,1.2090269155111153,0.8946808884835863,0.632012952578745,0.482818045576796,-0.19238545716138306,-0.21032553764016226,-0.28029791205589094,-0.22009275272815118
A3738,2022,-1.0280472809930006,0.8136617861332758,0.48091622139319495,0.5888951807462429,-0.016461806161481584,-1.7190424022669524,-2.117699608496816,1.719042402266955,0.6719004840000415,0.008055475883208494,-0.07486004011814178,0.0226340168039878,-0.35511926973097874,0.09370025215792804,0.08886812099912982,0.1329596873271834,0.16842085283292105
A3739,2022,-1.0280472809930006,1.905795163602412,1.1298348949005805,1.7447222039061505,-0.016461806161481584,-0.45932350853245535,-0.9488415839505001,0.4593235085324567,0.6719004840000415,-1.1484463757243648,-0.7352894789244458,-0.6829831913846522,-0.7904233536238408,-0.7345244062959378,-0.8336782615754612,-0.7802830509316143,-0.7468175202357551
A3747,2022,0.11363660626859347,-0.1194727464972613,-0.031150532409677373,-0.2749759606004519,-0.016461806161481584,-0.745226012660502,0.6130665406618685,0.7452260126605043,0.6719004840000415,-0.6048641747916875,-0.522853572558981,-0.4987485018206014,-0.5317039778359504,0.009956511830348284,0.009096824127208053,-0.11329547409963343,0.036153079000954214
A3759,2022,-1.0280472809930006,0.9528422396489897,-0.46033769443596034,0.6751981666743789,-0.016461806161481584,0.2573054756138313,-0.820016360195137,-0.2573054756138289,0.6719004840000415,-0.6592809075007707,-0.43651296470987117,-0.5589363416372167,-0.5813279474645922,0.026343645089574864,-0.027982035063793764,-0.06995347011883546,0.05255784893741203
A3762,2022,0.38255772786759185,-0.3691316524928837,-0.8130968478130518,-0.01894999766359437,-0.016461806161481584,-1.0685829933118751,-1.4453085801675625,1.068582993311877,0.6719004840000415,-0.3052795818126444,-0.38599143707508726,-0.3108558350219312,-0.3269035661458305,0.22125961765109267,0.18918719849753124,0.16901897841643135,0.28457241057836
A3764,2022,0.2683138387418248,-0.2630708722782509,-0.5454268314594289,0.11352033552733845,-0.17210749864627084,0.3659234575314727,-0.46174697227638245,-0.3659234575314716,0.6719004840000415,-0.331610258929943,-0.41928845480450294,-0.4015964479828717,-0.2615344543229382,-0.3038849153869556,-0.355511689230025,-0.5973946640210596,-0.4402876711363823
A3769,2022,-1.0280472809930006,1.7212831521078789,1.2876463550048025,1.3134290749708675,-2.2837890830864933,-0.5192506709697741,-1.499178214696663,0.5192506709697767,0.6719004840000415,-0.3804682931364867,-0.47425978683899056,-0.4979548284325972,-0.41843883131356513,0.07294640191319496,0.09851664221252374,-0.03532302325315058,0.1956991105098084
A3770,2022,1.4622409363703142,-1.3714802405946789,0.3160635341365927,-0.3470519366495182,-0.25475451807068195,-1.7702301868488313,-0.5790242947891464,1.7702301868488326,0.6719004840000415,0.5621699476628074,-0.1271600942289825,0.04636792287232869,0.4928048103143443,0.26109645034207435,0.11254654332279256,0.2882962985905267,0.26937244080665923
A3783,2022,1.1382718096622717,-1.0707161354816017,-0.15104610995980414,-0.08659589822883408,0.07074448952851338,0.01884530841532732,0.7556815102293262,-0.01884530841532643,0.2233558506827886,0.06393502398770114,-0.19946222146897685,-0.14013383353668166,0.0005034351659924363,-0.18147270117487976,-0.2219349522016536,-0.2988464275674979,-0.23844230833771177
A3791,2022,-1.0280472809930006,1.6284042837103752,-0.3462854732640845,0.86535691602284,-0.016461806161481584,-0.22710575408784023,-1.0450745214336858,0.22710575408784156,0.6719004840000415,0.1713056740104614,-0.2551000038005387,-0.156297473003244,-0.08605222162564288,-0.4000998067371218,-0.4216582365766279,-0.4511775038190122,-0.4657389020136975
A3797,2022,-1.0280472809930006,2.4799904676606475,0.09390994463635076,1.3386964014062581,-0.016461806161481584,-0.4930325374034474,-1.557984878135696,0.49303253740344916,0.6719004840000415,0.19324790494154595,-0.24901394369793364,-0.18381523557293236,-0.04197641494919923,0.15898440341400055,0.18629009431697732,-0.08401717762571374,0.10375903351648413
A3799,2022,-1.0280472809930006,1.1030313798701867,3.181785828455001,0.7454074812451462,-0.946043674203098,-0.08977267350231406,-0.1570800651501308,0.08977267350231627,0.6719004840000415,0.8576586575347168,0.24275550069107116,0.2574434249309366,0.38642246148634996,-0.40354654053187344,-0.4848505265811296,-0.47216966659312837,-0.415173979988286
A3822,2022,-0.3612534633237364,0.32140230555714916,0.7542460843914235,-0.07026592487461934,-0.4244675714835881,-0.39814786354435666,-0.6316909353306406,0.3981478635443589,0.6719004840000415,-0.8242864841025099,-0.5933017233303582,-0.5339028903647893,-0.6648044524578934,-0.0825294371385895,-0.08072296653509303,-0.056491506508293196,-0.027079611325735692
A3825,2022,-1.0280472809930006,0.90020026790319,-0.16076748644410963,0.6168205248504218,-0.016461806161481584,-0.34945704406403405,-0.36777343952202374,0.34945704406403627,0.6719004840000415,-1.004505340816465,-0.6423718595656274,-0.6844075383841559,-0.7498089373815985,0.027702679803008175,-0.021230983722802507,0.0379227922114748,0.1429024036014041
A3832,2022,0.14587856761331633,-0.149405038343325,-0.36956686964507984,0.38377869453723235,-0.016461806161481584,-0.9362438429294598,-0.9953026678120479,0.9362438429294621,0.6719004840000415,1.106044711674569,0.5595698452093679,0.559308574972363,0.3616844280843039,0.05888703528870684,0.1354794720326214,-0.10049146938441798,-0.06355630545697015
A3834,2022,-0.36014341054596655,0.320371718024714,0.3281371718559759,-2.573763356286629,-0.28227065512479715,-1.7702301868488313,-1.9870504118165226,1.7702301868488326,0.6719004840000415,-1.6276646992592032,-0.9137994948221562,-0.8973172270206008,-0.9205975573832718,0.7050371835216116,0.71142094888487,0.5306489964753364,0.7175426912358492
A3835,2022,-1.0280472809930006,1.3844300558279425,-0.022053874807281087,0.7906020680668066,-0.016461806161481584,0.2847720917309362,-0.1940145085485491,-0.284772091730934,-0.2251887826344643,0.9702954429809396,0.5128405302016872,0.5168215996560326,0.24672067415278212,0.015320357133979563,0.0030575485891758073,0.042090891125580336,0.05935439087241162
A3840,2022,-1.0280472809930006,0.9127646642487082,0.2866511370997247,0.6452353220678807,-0.946043674203098,0.023839238618438105,-0.47120057235019996,-0.02383923861843633,0.2233558506827886,-0.583799633097848,-0.5237965946210362,-0.4000249346663076,-0.5285836116390598,-0.047279653951665376,-0.03891044589105051,-0.07839886926406633,-0.021188735192866376
A3864,2022,0.9636896776067476,-0.9086388435804741,-0.5705076633341123,-1.652951996367393,1.3003781188755466,-1.7702301868488313,-1.568820067375449,1.7702301868488326,0.6719004840000415,-1.2657641704358857,-0.7726386906421665,-0.7774741191350694,-0.7468126529320086,-0.0899630674276744,-0.08819913931958608,-0.24206565176668637,-0.14878932594591
A3873,2022,-1.0280472809930006,0.3887197269069509,0.5499615325890989,0.3015234333750573,-0.946043674203098,-0.609141414625754,-0.814521901418393,0.6091414146257567,0.6719004840000415,-0.40007001943492027,-0.39057130572544874,-0.42999263751391087,-0.38598648685892883,-0.02456291254781254,-0.15173140425020115,-0.23710128299997485,-0.1068586499339437
A3891,2022,0.47895109804059227,-0.45862076136863095,0.2051961213533706,-0.02256171693332946,3.218295324785081,-0.8326197912149275,-1.0813039900529624,0.8326197912149292,0.6719004840000415,-0.5536656359524966,-0.5771296198668856,-0.5106036601823756,-0.3712047940165663,-0.5794758092801973,-0.7699499429989312,-0.759104695042151,-0.5351836375183007
A3894,2022,2.517583069389374,-2.351231462116998,-1.0338050423379306,0.02851217681803886,0.9896319494008248,0.23358430714905912,-0.8886057775788763,-0.23358430714905645,0.6719004840000415,0.272239936293441,-0.08131461740707073,-0.17161428889706634,-0.09435377995125331,-1.0860206031264352,-1.0878199887939832,-1.0131506834196284,-0.7074313597038857
A3896,2022,-1.0280472809930006,2.010285813662843,-0.09465734702309514,1.0783316520679325,-0.016461806161481584,-0.24832995745105796,0.24197819326766568,0.24832995745105885,0.6719004840000415,0.5390574644154011,0.11363399874823636,0.2431131073575734,-0.14093981072126346,0.01988625421920104,0.023076875000471928,-0.027755902748711526,0.03173035262055854
A3899,2022,1.5865083257306187,-1.4868466970699357,-0.447342826540536,-0.08099874499845766,-0.14458193336727457,0.022590756067659964,-0.276048836006154,-0.022590756067658854,0.6719004840000415,-0.0241264628157097,-0.13135315191929736,-0.11337981389816029,-0.22571214130611317,-0.6550435037449289,-0.6914701819422768,-0.7989816823197092,-0.5335608437785968
A3908,2022,-1.0280472809930006,1.1568643135054788,-0.562813600236468,0.7298975213954743,-0.016461806161481584,-0.32698435815003996,-0.8073608403742704,0.3269843581500413,0.6719004840000415,0.5296954458848052,0.1962919008055564,0.047342910446431206,-0.19787367927456948,-0.027700068041152243,-0.025045919455145508,-0.22216641932865056,-0.1841238056122629
A3919,2022,1.4384632561650879,-1.3494056905248673,-0.7305273539860109,-1.3705874758796948,1.7200531154952077,-1.1509828416631898,-0.9692721074296405,1.150982841663192,0.6719004840000415,-0.8746073337044594,-0.6194839242385182,-0.6095112443508447,-0.7150098086253572,-0.14868366737807046,-0.1286863007522813,-0.20352191103384526,-0.17108743928519668
A3922,2022,0.6011083263519585,-0.5720282018537611,-0.7140705728592782,0.2686225580672721,0.9945774058723502,0.3197296031527064,-1.030759006743073,-0.31972960315270393,0.6719004840000415,0.5051201472419931,0.18862046022736229,-0.1186406627565646,-0.08160178720282625,-0.04440932402277746,-0.08712732628348653,-0.23954362095806006,-0.0408850228173567
A4502,2022,-1.0280472809930006,1.417204219455218,-0.2687543592752164,0.8728076105154429,-0.016461806161481584,-0.18216038225985026,-0.19487598035616854,0.18216038225985115,-0.2251887826344643,-0.5030522232714665,-0.28665495215790454,-0.506717900766215,-0.4926036279174072,-0.3302632977723423,-0.3562359394291351,-0.3666642744984958,-0.25823289468691774
A4510,2022,-1.0280472809930006,0.5276347970359857,-0.2638218334523161,0.5827380014508692,-0.946043674203098,-1.1971766960419579,0.9691893865653305,1.1971766960419596,0.6719004840000415,1.4126508185515574,1.1927901244308348,1.231706127833003,0.81485758941665,-0.03757387688812123,-0.07533530011438237,-0.0047906203040058255,0.02876319229563357
A4513,2022,-1.0280472809930006,0.6772909691942177,-0.3398664236464892,0.5672511746137465,-0.946043674203098,-1.6990666814545128,-0.08896297567316731,1.699066681454515,0.6719004840000415,0.5296954458848052,0.22725144259934724,0.23374566920939543,-0.21356642907952755,0.06142309668157782,0.010381310371620933,-0.04604501402237529,-0.03547386608139332
A4516,2022,-0.32980519719906753,0.2922066795189696,0.3082899331748182,0.35768016788675283,0.09224276481696421,-1.3008007477564902,0.9052206988628093,1.300800747756492,0.6719004840000415,0.1891520218344088,-0.2576823656626779,-0.11121765488878807,-0.15147529809863683,-0.17133958461836113,-0.12810843985882556,-0.19678102949853596,-0.12217749085395546
A4527,2022,-0.32857274441012213,0.29106235905734185,-0.5071394499776609,-0.9760205248288415,-0.02628076147847898,-0.15344528359196724,-1.0454757653789362,0.15344528359196902,0.6719004840000415,-1.6806186165728818,-0.9264616674621076,-0.9275709129890035,-0.9457673740535215,-0.5079005403933231,-0.48771048273521544,-0.5874772026517163,-0.339408394040572
A4542,2022,-1.0280472809930006,0.4334309909421056,-0.3872903471080137,0.2966562475347039,-0.946043674203098,-0.6540867864537457,0.3165568010541156,0.6540867864537466,0.6719004840000415,-0.29562500020296806,-0.12450802738474319,-0.3705239980548497,-0.28983131884233937,0.7064391785877484,0.5081468220238119,0.8182433093732453,0.47477063499371974
A4546,2022,0.27111526967126837,-0.26567187707214485,-0.530860954747625,0.30869411483516157,0.0775940617354495,-0.16842707420129782,-1.388720805947403,0.1684270742012987,0.6719004840000415,0.7766186846292512,0.6089404570026178,0.25985600711896983,-0.046058310776175164,-0.025758848255144864,0.05942724660202891,-0.08608626721864127,-0.004380671322310226
A4548,2022,0.7238001132549573,-0.6859319119621007,-1.003027297254912,-1.4643868698953817,0.6436444544176243,-0.2595663004080541,-1.27024127958,0.25956630040805634,0.6719004840000415,-1.4919154305655746,-0.8542880447764019,-0.850483096414492,-0.804599284955094,-0.3528293986012088,-0.34918506200235494,-0.28436950962298213,-0.22273978067316297
A4551,2022,-1.0280472809930006,0.3885504027949054,-0.0780045729900938,0.39446600822742905,-0.016461806161481584,-0.07728784799453976,0.27487678501102536,0.0772878479945413,0.6719004840000415,0.14029398762786507,-0.225909163091359,-0.17152496417837534,-0.2965112744306655,-0.09941781165776475,-0.1495604331041562,-0.09091576151307866,-0.07707247516482973
A4556,2022,0.4694496245268725,-0.44979991812523495,-0.7046579075304922,-0.7937983322902854,-0.016461806161481584,0.35219014947292027,-1.000328571403357,-0.35219014947291916,0.6719004840000415,-1.2496732010864249,-0.760330939517213,-0.7549421808321223,-0.7585779005704106,-0.4453456231558426,-0.3802231151557486,-0.4619687397773153,-0.2892414755849849
A4557,2022,-1.0280472809930006,0.2919816551354084,-0.04236086611709733,0.3889042105266801,-0.946043674203098,-1.4968125082285588,-0.922055017958141,1.4968125082285597,0.6719004840000415,0.20641324350019513,0.04188231832625912,-0.14787837746397983,-0.3428926827635574,-0.08547620972674458,-0.05461144925895173,-0.20350413108728188,0.009757565600972205
A4558,2022,1.9976932242687588,-1.8685795470531532,-0.5759650853258881,-0.9343661175724357,0.45232522001547576,-0.9774437671051172,-2.2468060189724777,0.9774437671051194,0.6719004840000415,1.6546004849516247,1.7964110143950978,2.010918373914206,1.5033681505548404,6.959619490592568,8.274252153579267,4.893443466709955,5.083203485844628
A4559,2022,-1.0280472809930006,1.154657354557197,0.6690310451541004,1.0326730929736805,-0.016461806161481584,-1.7702301868488313,-1.6442942867006112,1.7702301868488326,-0.2251887826344643,-1.1935010899028555,-0.7679018901781316,-0.7410474081632105,-0.777826763333746,-0.16927601647244628,-0.15665730738660022,-0.11555078342779929,0.027530018502823148
A4563,2022,-1.0280472809930006,1.2607296385168343,0.7250424299465026,0.8673444906503143,-1.5827931018117765,-0.6116383797273103,-0.9980525984190846,0.6116383797273116,0.6719004840000415,-0.06888861391511626,-0.4326296731408558,-0.25400861266001074,-0.4339278517199743,-0.2872387058484681,-0.366806763247062,-0.3376781452361565,-0.16083964126779685
A4565,2022,-0.20290878857088623,0.1743993683365697,0.7280364190937199,0.42960864508565466,-0.016461806161481584,-0.71151698378951,-0.5239195946286949,0.7115169837895118,0.6719004840000415,1.180355733761166,0.48964366249870966,0.6375695003483336,0.47329615373260164,-0.1511641347376614,-0.20651574881960327,-0.33354245822514417,-0.16080216233017472
A4566,2022,0.04933387821301036,-0.059775846806581906,-0.761621355625449,0.22446267291736496,0.1591048313081973,0.7829166294911585,0.6222225434878551,-0.7829166294911569,0.6719004840000415,0.001911651222508254,-0.16887044901915468,-0.26929032755064963,-0.3746559947198163,-0.03929365681743739,-0.0023646406780463937,-0.008672671300625894,0.05309088844504484
A4568,2022,-1.0280472809930006,1.3423604849820299,0.14456125519431876,0.7654734706529425,-0.016461806161481584,0.5419594971911017,-0.43164841235899426,-0.5419594971910993,0.6719004840000415,1.0800065976363509,0.7646628474549737,0.4651898994853878,0.2590216344354805,-0.03160318669430057,-0.07092661094302988,-0.038531022224657666,0.02166997813449063
A4573,2022,0.04579814524997252,-0.056493368715682744,-0.16389016772137321,0.1966882803517907,-0.016461806161481584,0.480783852203003,-0.8797772314037143,-0.4807838522030017,0.6719004840000415,-0.3137639111059956,-0.41861626416592235,-0.4158175322112165,-0.5013854595786241,-0.2912227802673238,-0.33367650348110356,-0.3494363814451801,-0.3343011926003888
A4575,2022,-0.08052369531423183,0.06078038424834179,-0.1364822480746346,0.24824161441996248,1.1823040491329275,-0.987431627511337,-1.0716666334739604,0.9874316275113396,0.6719004840000415,0.12917659062278622,-0.2504876952674991,-0.20631750934537937,-0.3130072565006125,-0.08503501867103257,-0.1923709724631033,-0.20876479491617583,-0.028841093908788668
A4577,2022,1.373859967700875,-1.2894297587447647,0.8876414704214775,-0.7495508869615354,-0.4188870437467362,-0.9137711570154657,-0.17463958670119606,0.9137711570154671,0.6719004840000415,0.14819319076305523,-0.38669795781774957,-0.1964086339387357,0.18377786536556887,-0.09386844565366165,-0.15746193396586283,-0.08038577508392795,0.13654424709516047
A4582,2022,-1.0280472809930006,1.2930183364402568,0.14410870352146127,0.79574457128338,-0.016461806161481584,-0.8388622039688146,-1.5096598582650178,0.8388622039688168,0.6719004840000415,0.6847538777977874,0.13331652378213846,0.3672652220434485,0.14747371745421806,0.03411350084314533,-0.00027172701842944426,-0.02185845713523005,0.0781232081749861
A4585,2022,0.32046391999945634,-0.31148558599003257,0.20028924367176815,0.2999830509543553,-0.16922066209267886,-0.570438455551653,-1.1648938443142987,0.5704384555516543,0.6719004840000415,1.187669810738192,0.5813018929013153,0.8948777214622592,0.44406551860344806,-0.09623978273757033,-0.0947807812261325,-0.11330670860126965,0.41924418709060346
A4588,2022,-1.0280472809930006,1.4645991025113039,-0.663731868780287,1.0054762661303798,-1.8117546924024224,-1.0161467261792199,-0.9315444969533899,1.0161467261792216,0.6719004840000415,-0.6136410671641227,-0.47798285055377926,-0.46607551745098813,-0.6303332305257159,0.04760676317131007,0.23629448302404063,0.009214318353300418,0.11416309233873351
A4592,2022,-0.29220087229116215,0.2572957045606475,1.0610840550346978,-0.18633246623248637,-0.016461806161481584,-1.7702301868488313,-2.1141703690752403,1.7702301868488326,0.6719004840000415,-0.9574026850844113,-0.6667184859235057,-0.638356999756453,-0.681032890309648,-0.14814163169225103,-0.2711019504146853,-0.7681497177090044,-0.43396692160091277
A4597,2022,0.6549229654707321,-0.6219882457042585,0.2117499604430646,0.10520964539805547,0.2314646583976174,-1.6491273794234138,-1.7033480534118182,1.6491273794234147,0.6719004840000415,1.0568941143889448,0.33492405232042943,0.29714945653388986,0.5982424088483171,0.31922192901721097,0.4067856772830734,0.24121412585123364,0.37201151953876704
A4600,2022,-1.0280472809930006,1.729717681859829,-0.92601182199941,0.7716869978236599,-0.946043674203098,-1.7702301868488313,-0.29296841411720675,1.7702301868488326,0.2233558506827886,1.224825321781492,1.119450351947388,0.35638395281154495,1.0150302992191533,0.05471402039009791,0.031742684373291384,-0.09205875428970885,-0.05369714283430747
A4604,2022,-0.2412964074233403,0.21003738714687756,-0.07288471991459515,-1.8664913160262238,-0.050872772320370276,-0.4356023400676831,-0.7176299230000687,0.435602340067684,0.6719004840000415,-1.707826982927424,-0.9437311651220702,-0.9452692496301278,-0.9600991935101085,-0.5919287728908474,-0.6471665883431322,-0.6303662168954804,-0.5005711483992663
A4613,2022,-0.14591039767519487,0.12148361613257298,-0.3730818016475789,0.15263819069428133,-0.2312035675468257,-0.6078929320749776,-0.5698755387820541,0.607892932074979,0.6719004840000415,0.7432664936140077,0.47889586974472137,0.1292750854303733,0.17357722781426424,2.1514734540862817,2.4499604699347506,2.9456197595787263,2.0371556951018825
A4614,2022,-1.0280472809930006,0.8120133330317437,-0.4065866343788615,0.6037601783952891,-0.946043674203098,-0.43060840986457233,-1.7026423095041434,0.4306084098645741,0.6719004840000415,-0.23886776286123396,-0.29301518047328173,-0.408358648312471,-0.3025648485560024,0.5099043408032531,0.4013770538105431,0.2017690324234905,0.41264779413853653
A4617,2022,-1.0280472809930006,0.823810549466648,0.274635777774415,0.4128343797829575,-0.946043674203098,0.25980244071538583,-1.0869382719856244,-0.25980244071538405,0.6719004840000415,-1.5106394676267645,-0.810652068153293,-0.8591810642866955,-0.9168215786662024,-0.18261980213460205,-0.25565654130702087,-0.3612904996112243,-0.11575019433478259
A4618,2022,-0.0673046144889455,0.04850814999184224,-0.8264522717724269,0.19182710218932314,-0.16518147375939649,-0.6341110656413044,-0.575990228361292,0.6341110656413066,0.6719004840000415,-0.7239373479776947,-0.47209711963416573,-0.46785700485373105,-0.49722417705322286,-0.020880710435088146,-0.18645067959071002,-0.22093315534185748,-0.09026962350861208
A4620,2022,-1.0280472809930006,0.3537282340551283,0.177186176283904,0.3540340598401535,-0.946043674203098,-0.835116756316482,-0.08727224928152659,0.8351167563164842,0.6719004840000415,-0.11248051269820095,-0.26026882974182075,-0.01651780403736476,-0.33237428798088287,-0.06890425252987621,0.033570010114556494,-0.019729121994953764,-0.05568578094711439
A4626,2022,-1.0280472809930006,0.3861896446866633,-0.40706334337214145,0.131209010836533,-0.016461806161481584,-0.23959057959561453,-1.33483665322937,0.2395905795956163,0.6719004840000415,-1.2894617798414565,-0.7108628955116569,-0.7750860289761782,-0.8350397864397573,-0.6848827759581376,-0.7209385775184473,-0.6790816458956361,-0.62394771475282
A4627,2022,-1.0280472809930006,1.6757239809338753,0.47445426678876823,0.8367673437165393,-1.7608688861877086,-0.9187650872185747,-0.7149130178001813,0.918765087218577,0.6719004840000415,1.502175120750374,1.0164800982683697,1.3707552194166033,0.9568636539969552,0.04918987440369854,-0.07360491980592204,-0.0204344873392924,-0.10987757628408673
A4629,2022,-1.0280472809930006,0.8220487677555889,0.7151970516672903,0.5573709613733263,-0.946043674203098,-1.5966911122907586,-0.9392599795524624,1.5966911122907599,0.6719004840000415,-0.4922273893454645,-0.48106861160739933,-0.478677638308173,-0.565724922794267,-0.18511613736343485,-0.1615921517468936,-0.21871977183265712,0.01666810304367035
A4638,2022,-1.0280472809930006,1.2416735596218826,-0.3939297734990742,0.7384295288537728,-1.1686404421950893,0.19113590042262366,-0.15189047839616296,-0.19113590042262144,0.6719004840000415,1.244719611159006,0.8264823377699105,0.6185507321118775,0.4289564662254804,-0.005893143084858265,0.12990643174718045,0.12213431442975717,0.4023104802776514
A4641,2022,-1.0280472809930006,0.6688507078134327,0.6622002720154603,-0.6032055109511248,-0.946043674203098,-0.4930325374034474,0.26787854894122554,0.49303253740344916,0.6719004840000415,-1.6803260534938007,-0.9424045349925604,-0.9316554067927353,-0.9557782215038048,-0.25078964726144765,-0.2927638519855179,-0.35013405240472656,-0.19791305140418872
A4649,2022,-0.011273908114700021,-0.003509230283687521,-0.7933487255516299,0.4355596298273808,-0.29193145132615994,-0.25082692255261246,-1.2956930505886006,0.2508269225526138,0.6719004840000415,0.7195688842084371,0.3445815153547294,0.14296136173247057,-0.0440294032347849,-0.17636975496753926,-0.24948676390182611,-0.35043295403261426,-0.17071993805443497
A4650,2022,-1.0280472809930006,0.8197383403302131,1.0995717956413844,0.6450222221373528,-0.016461806161481584,-1.3881945263109157,-1.3454000673410467,1.388194526310917,0.6719004840000415,1.6663030081148684,1.5318784954706812,1.914165467715099,2.0523334104843003,-0.15007524293534164,-0.08751183268678879,-0.2919829709704038,-0.18805785751054724
A4652,2022,-1.0280472809930006,1.3635662774288093,-0.603953900427723,0.7760921448969484,-0.016461806161481584,-1.322024951119708,0.4870145328804594,1.3220249511197097,0.6719004840000415,0.42993143591815103,0.3111997436905439,0.019634855444800658,-0.2202795438242891,-0.19783762790073148,-0.2036630925660443,-0.22548792084817412,0.05477260685063996
A4654,2022,-1.0280472809930006,0.8568159459094371,-0.5721029863004942,0.6407015278233111,-0.946043674203098,-1.474339822314563,2.1205069798869194,1.4743398223145647,0.2233558506827886,0.37844033399987964,0.19679209136860254,-0.10484584172598237,-0.08518665330069686,-0.21011881185588366,-0.24584051924243117,-0.22128650857279286,-0.22015688740101927
A4657,2022,-0.035622364504476284,0.019095212835225417,-0.5937587779890824,0.46257815983963074,-0.016461806161481584,-1.7702301868488313,-1.4166023431565473,1.7702301868488326,0.2233558506827886,1.166605269044356,0.5419617777048995,0.6345852187759455,0.2898411176824735,-0.11892578894081665,-0.16575830411586492,-0.04434272925677024,0.1299248348658725
A4671,2022,1.2227641994117544,-1.149156566673583,-0.5778651259476304,0.07169833477404629,-0.016461806161481584,-0.1496998359396346,-0.5430394085035716,0.14969983593963637,0.6719004840000415,0.7295160288971939,0.04541915739549543,0.3150814463748495,0.2563257208356878,-0.16767820258125848,-0.1943094419243027,-0.13048158923716474,0.04717965115879847
A4678,2022,-1.0280472809930006,1.3217025384858514,0.5745864432496454,0.8457000011414363,-0.016461806161481584,-0.5130082582158869,-0.2904126787589418,0.5130082582158891,0.6719004840000415,0.11747406745953932,-0.23946972331704214,-0.1442247401102528,-0.14955903049761515,-0.31557203221777413,-0.4719669164907012,-0.3438795852627562,-0.4937632944086484
A4690,2022,-1.0280472809930006,0.9038179281222188,-0.37953278463988216,0.6569622402474158,-0.016461806161481584,0.8016438677528217,-0.4086723131900271,-0.8016438677528195,0.6719004840000415,0.8488817651622818,0.17814704673181125,0.3177185504987485,0.3407961819318526,0.08156755678148019,0.1289010344782009,0.012443029856040897,0.11798062702273719
A4692,2022,-1.0280472809930006,1.816453652566162,0.04118067684482411,1.758257295021808,-1.0827843862853692,0.12371784268063782,-0.6993188633798839,-0.1237178426806365,0.6719004840000415,-1.310233758456212,-0.7828323099984386,-0.7769658330411381,-0.8568940851703236,-0.3004716434630901,-0.3966860331335243,-0.3987085027124653,-0.21410963110649445
A4701,2022,1.0373278772501775,-0.9770025405874844,-0.7213073050949987,0.30535874874817853,-0.11409131285235381,-0.6653231294107419,-0.6313700705057674,0.6653231294107441,0.6719004840000415,1.113358788651595,0.9506202028513149,0.37345615096292495,1.1356789337755255,0.10788590184989852,-0.11801759793802333,-0.0035982647463624192,0.0025498934897163375
A4707,2022,0.126637506866129,-0.13154262725894547,-0.4299068993369358,0.2947885502498727,-0.04662916121866508,-0.468062886387897,-0.7826393454881221,0.4680628863878992,0.6719004840000415,-0.02734465668560189,-0.31783745526972174,-0.12895212666967074,-0.20539268582072892,-0.4343751301812701,-0.41911022933640474,-0.45096868547880464,-0.40854228071991044
A4709,2022,2.4028729380117975,-2.2447373471873617,0.04846188451870326,-1.3181535681517393,0.8704238885545843,-0.5579536300438769,-1.205241390453985,0.5579536300438791,0.6719004840000415,-0.5884806423631462,-0.5094786077864171,-0.5343937878479517,-0.42225426531224,-0.45443355519929163,-0.4945805956872302,-0.5889120618709818,-0.3694839590904352
A4711,2022,0.25714756041815806,-0.25270440390026944,-0.013884024214829612,0.25905239624878007,-0.016461806161481584,-1.294558335002603,-1.7044586336419487,1.2945583350026044,0.6719004840000415,0.7529210752236842,0.1690353815487287,0.23403059379323424,0.08172681958606073,0.05234718820234002,0.14157686589201213,-0.0013663829274645556,0.07973594723256827
A4723,2022,0.9994744501662829,-0.9418604508518451,1.0872437836406392,-0.12745749916560567,-0.009630977127462382,-1.700315164005291,-1.2432312305149995,1.7003151640052923,0.6719004840000415,0.663104209945787,0.01116275825961019,0.16589042951146477,0.2962483679996248,-0.2619656457566735,-0.2940500557529652,-0.3119602910901516,-0.2714053311208102
A4733,2022,1.176411920940027,-1.1061243750071692,0.7311390557999364,-1.2527849918278737,0.06782618602708636,0.08626336615731316,-1.1831395142081325,-0.08626336615731138,0.6719004840000415,-0.8479840935080806,-0.6139508632309367,-0.6677689029311739,-0.584728742109234,-0.04047409322159095,-0.16625597345941256,-0.254308955359253,-0.16062183512241848
A4737,2022,0.6582475292332138,-0.6250746800663058,-1.1484690998304026,0.08001503258121519,0.14443905114336306,-0.30950560243915487,-1.5223255676322573,0.30950560243915665,0.6719004840000415,-0.7935673607989938,-0.5934926509519407,-0.5393199721011215,-0.4413537010038157,-0.4796790629367987,-0.6328338387826817,-0.6950844062347761,-0.5546989270304863
A4744,2022,2.900673690038257,-2.7068819942073272,-1.1088661786110523,-0.7925842979809492,0.26403844120872455,-0.33697221855625975,-0.7776923515804691,0.3369722185562615,0.6719004840000415,0.10986742740343307,0.1559752135043442,-0.15859766791030555,-0.2032949232025786,0.013640498777213588,0.12260277547588018,0.21042640717592048,0.17527233667269213
A4749,2022,-1.0280472809930006,0.8788637636419525,0.5743018951683683,0.6551867297439374,-0.016461806161481584,-1.7702301868488313,-1.1901348344999423,1.7702301868488326,0.6719004840000415,1.1130662255725143,0.7024850619508664,0.6031933638372787,0.4324421599952407,-0.8826846445863006,-1.0231500405444889,-1.098254931417251,-0.7673896592401649
A4754,2022,-1.0280472809930006,1.0319914547699613,-0.19972017645857515,0.6928037702997027,-0.946043674203098,-0.27329960846660656,-0.08269847185357194,0.2732996084666088,0.6719004840000415,0.9735136368508318,0.2533739980770884,0.4880442088837836,0.27880692452427,-0.1279903245579848,-0.14922146201015718,-0.08224138235877941,0.051287726990148295
A4756,2022,-0.6117148483904676,0.553923769305939,-0.8147563324859961,0.5485266927724979,-0.25258241427945854,0.4096203468086863,-0.9464901088792447,-0.4096203468086841,0.6719004840000415,-1.234459920974209,-0.7630279220676723,-0.764663346264333,-0.712538525563999,-1.3082944165654509,-1.4304683134471126,-1.5501892976315883,-1.3056534328997222
A4757,2022,-1.0280472809930006,1.333983562469452,-0.6159078267007545,0.7833954786469245,-0.946043674203098,-0.23959057959561453,-0.9937218024485992,0.2395905795956163,0.6719004840000415,0.3091028842576609,0.23588513000023195,0.05779582609143802,-0.14077864738102472,-0.26542058293710147,-0.3728033283209356,-0.24246405859618753,-0.18180808724258588
A4764,2022,-1.0280472809930006,0.8190490860577806,-0.08446713105856404,0.6462517935446699,-0.016461806161481584,-0.5829232810594273,-1.0078707032391734,0.582923281059429,0.6719004840000415,1.4843287729264265,1.5767705571204802,1.3369802560869917,1.1705139614224769,0.2958146945682971,-0.19117676061939104,-0.624379080949288,-0.25221075414523625
A4768,2022,0.9725226002314341,-0.916838689101577,-0.9023197275716693,0.34521651504785206,-0.22369375161557753,0.8016438677528217,-0.5789840820842175,-0.8016438677528195,0.6719004840000415,0.9334324950167198,0.7171025214018258,0.19067732734479934,0.24301403764626076,-0.15490156323341472,-0.2876249930310229,-0.3333868195435847,-0.3189148859769001
A4771,2022,-1.0280472809930006,0.7474726434860677,0.1547657588720992,0.4157250395988453,-0.946043674203098,-1.0873102315735383,-0.4513217338506273,1.0873102315735392,0.6719004840000415,-1.2043259238288575,-0.7493252094950984,-0.7082075435249869,-0.7473665405383225,-0.09966605579030259,-0.11912116571090937,-0.1722300712983948,-0.07726177563839252
A4775,2022,-1.0280472809930006,0.8362824322663166,1.5089587728180882,0.5956912455105876,-0.946043674203098,-0.7664502160237198,-1.4965943795305967,0.7664502160237215,0.6719004840000415,-0.9345827649160856,-0.6935745790453016,-0.6823227551045522,-0.5336608030429046,-1.0851581178803325,-1.085415662234984,-1.2528140739690328,-1.0496164363044063
A4776,2022,0.13106775703165935,-0.13565535165355225,-0.8654867667559316,0.5315431945503257,-0.016461806161481584,-1.4643519619083432,-0.01701148621713543,1.464351961908345,0.6719004840000415,0.16984285861505563,-0.14394748090741802,0.03830878747755172,-0.20789589107405518,-1.4022411060394155,-1.3403276951577607,-1.4775878313947448,-1.2427341592842605
A4777,2022,0.7107478709555168,-0.6738146120565944,0.5369256794926779,-1.7560119151022566,5.30248742595703,0.03507558157543604,-0.7789700266953987,-0.03507558157543382,0.6719004840000415,-0.9963135746021944,-0.6736147074678949,-0.6965151622122524,-0.6072866209990119,0.5566957105552706,0.39663861632228303,0.32241267822816294,0.6239615718104506
A4778,2022,0.1476123414111748,-0.15101489274913663,0.515793536911457,0.272556413168476,-0.10401370438411206,0.16741473195785142,-1.0106378795042827,-0.16741473195784898,0.6719004840000415,0.7175209426548701,0.032100069225335155,0.13484353973070104,0.24005681686787836,-0.18253158364066457,-0.195377587147391,-0.28440453903305873,-0.25160671139821295
A4794,2022,-1.0280472809930006,0.6967506677988106,0.6401195513889465,0.6184244367384233,-0.946043674203098,-0.7539653905159455,-0.5377421645457611,0.7539653905159468,0.6719004840000415,0.5291103197266445,-0.037243333297296136,0.001123627100400527,0.25879903045861496,-1.3297216431279635,-1.3448514871293542,-1.1868868221994,-0.97930198642976
A4795,2022,1.2884674358077195,-1.2101536601264846,6.396565004147367,-0.592057608623008,1.441046980568885,-1.7702301868488313,-0.867533688819979,1.7702301868488326,0.6719004840000415,1.7350553316989261,3.342625344976786,3.5708021114897543,2.5787122486146727,-0.023246978952200563,-0.02604954315700295,-0.2103497080398423,-0.0435974791067954
A4796,2022,-1.0280472809930006,0.23379147031053651,-0.40864142131805753,0.5234516120294567,-0.016461806161481584,0.31598415550037373,-0.8754391275336232,-0.3159841555003715,0.6719004840000415,1.292114829970144,0.6364353461989525,0.7078097366028193,1.0846728538579598,-0.03761694929708248,0.051876362464337106,-0.06415316388332926,-0.07721727051646776
A4799,2022,0.05826410455831373,-0.06806642548762669,-0.7461995360608622,0.23610348104720194,0.2719466485980599,0.5357170844372128,-0.03853060624770934,-0.5357170844372117,0.6719004840000415,-0.09141597100436161,-0.254890153323957,-0.3778268172050131,-0.3534722446224118,-0.12450219026891084,-0.1564850301937566,-0.16919599126783577,-0.08580274795870826
A4803,2022,0.07448649959253566,-0.08312690297951766,-0.29609926808490583,-0.7997622300867778,0.19849723848144152,-0.8176380006055969,-0.9463789181152646,0.8176380006055991,0.6719004840000415,-1.198474662247234,-0.7563562432514669,-0.7164564504899904,-0.7621458078083938,0.16305211654428164,0.23430077979898833,0.000935381299795271,0.21017064943130373
A4807,2022,0.7624339883851305,-0.7217985483871464,5.913375821494885,0.1572179056951054,-0.016461806161481584,-1.7702301868488313,-1.203600799394172,1.7702301868488326,0.6719004840000415,1.7628488242116302,5.27644064356885,6.2380594472461945,5.490727536690953,0.25468051207640385,0.4800831201478819,0.23765206938689357,0.3361304426256278
A4809,2022,-0.07992815481478249,0.06022750068441844,0.5211202103612086,0.45949663540676977,-0.36688308300993705,-0.7190078790941753,-0.5778590702513943,0.7190078790941766,0.6719004840000415,1.5132925177554528,1.268077961069325,1.3134675730677534,0.9392095658835447,-0.0034388339882046484,-0.01459046798128266,-0.14065400681997037,0.05809875120253947
A4814,2022,-1.0280472809930006,0.9422385533114873,0.0035563812504747104,0.6676002495466868,-0.946043674203098,-0.15594224869352175,-1.0126321904263635,0.15594224869352397,0.6719004840000415,-0.2558364214479399,-0.4728438917630553,-0.35437614033099724,-0.42327329798616353,-0.22569027001330993,-0.21958496167962158,-0.3642461581473047,-0.2594174185575579
A4818,2022,0.021994569566783057,-0.03439481756568986,0.054171117912225925,-1.03432130980812,0.9467630247340413,-0.6341110656413044,-0.8429745673491703,0.6341110656413066,-0.2251887826344643,-1.3324685524663766,-0.8288721105457922,-0.7817159096197281,-0.8102933199531127,-0.03058443630779727,-0.010386607966524066,-0.11622179328514558,-0.05625249089824914
A4824,2022,-0.16313937717620788,0.13747850268755135,0.3716387274056757,-1.2917286243361252,-0.21127700349168216,-0.434353857516905,-0.7489121735428067,0.43435385751690675,0.6719004840000415,-1.5773438496572547,-0.873843291788561,-0.8918537075115844,-0.8892113492807333,-0.169018527668978,-0.21244622626984272,-0.3063532922985412,-0.18356954721085192
A4825,2022,-1.0280472809930006,0.9702818144693679,-0.3559216625274388,0.6814090698018819,-1.3327452826182193,-0.3457115964117014,1.083725452619599,0.34571159641170407,0.6719004840000415,-0.335413578957996,-0.32541512151800994,-0.379756759756807,-0.5294357514727667,-0.24318861328460736,-0.3019280337977898,-0.35697316203880064,-0.35288299976802595
A4830,2022,-1.0280472809930006,0.41456781070603704,1.224973050276297,0.29510536894114364,-0.946043674203098,-1.3832005961078049,-1.3240404640977748,1.383200596107807,0.6719004840000415,-0.08088370015744356,-0.37401975033747537,-0.2662226891944305,-0.2684555805046396,-0.10316824879790956,-0.1540628442404243,-0.2901960851409277,-0.206553002818258
A4832,2022,-0.3738033092131452,0.3330531823341531,0.3780581157970193,0.5382414101242757,-0.17226274387129542,-1.1709585624756293,-0.34120274877098616,1.170958562475632,0.6719004840000415,1.5598100473293492,2.050125050750717,1.580659735677304,0.6766135107816398,-0.014572911082119258,-0.036396101913077614,-0.19571518508661875,-0.12669190317359583
A4839,2022,-1.0280472809930006,0.8923740569762595,1.18707849949405,0.6573741459783293,-0.016461806161481584,-0.002378894947888635,0.4820687852537938,0.002378894947891296,0.6719004840000415,1.7470504179412498,3.320702716333987,3.867562042790836,3.4535330713688563,0.6868478211512379,0.6561852565326616,0.9755454359888219,1.0660524904154818
A4856,2022,0.24164350467672865,-0.23831074179932885,0.8078262846679847,-0.014949850944338986,0.8275123062801634,0.5419594971911017,0.19065015148315353,-0.5419594971910993,0.6719004840000415,0.013029048227587112,-0.3099836840640423,-0.3073999593512378,-0.15421663648663572,-0.29747960742475027,-0.26507873158043954,-0.31355868493035594,-0.13510359799471042
A4862,2022,-0.01480500871755669,-0.00023086809615009978,0.833068530383618,0.31484328389335403,-0.2468026830508558,-0.13846349298263666,-0.5008910174795139,0.13846349298263888,0.6719004840000415,0.7104994287569248,-0.028089055119766577,0.1788868078817595,0.2007131025136956,-0.441981450586411,-0.5438108098862475,-0.5905830096351528,-0.42451810276802393
A4868,2022,0.24326203063811958,-0.23981341849817917,-0.5463179729094674,-1.4722313089777026,0.1522957456846732,0.4096203468086863,-0.6298131823833137,-0.4096203468086841,0.6719004840000415,-1.5200014861573596,-0.8369313126240311,-0.8708064275961798,-0.8588050428462207,-0.12181629981762161,-0.21336012025819814,-0.17386705576619077,-0.112842715980491
A4873,2022,-0.22971343520557336,0.19928396792221267,0.546488086118515,0.1725879626091812,-0.016461806161481584,-0.5379779092314373,-0.92117729071576,0.5379779092314391,0.6719004840000415,0.8254767188357949,0.10110305942256323,0.08686292501922462,0.3118484855109577,1.4832388505725655,1.6138086188315488,1.1019904188803564,1.364393037151753
A4876,2022,-1.0280472809930006,1.4489000502524783,0.6995227210310982,0.8316359581567432,-0.016461806161481584,-1.418158107529575,-1.298721808194078,1.4181581075295773,0.6719004840000415,0.9717582583763423,0.3746666615291527,0.4055528997495242,0.21764670678928505,-0.10026168837269375,-0.16686842042578726,-0.11674746077794383,-0.08372253800218832
A4884,2022,-1.0280472809930006,0.45235922381230137,-0.12398992163225857,0.5542057437726754,-0.946043674203098,0.16242080175474063,-0.44174067608516776,-0.16242080175473886,0.6719004840000415,1.6420202725511366,1.3965625345902843,1.6109095603602588,1.6948950007404153,1.4860808119023867,1.4010106342402668,1.0224881023255823,1.0905420648536015
A4885,2022,-0.13935313023285067,0.11539602780487074,-0.1294081135550996,0.34596609370821524,-0.14398066852655828,-1.475588304865341,-1.2918297742267397,1.4755883048653424,0.6719004840000415,0.37580726628814826,-0.06117436211747178,0.056977309156810846,-0.10959659451963824,-0.10991514716271092,-0.13395134373929565,-0.3185411316464519,-0.07125137201089043
A4888,2022,0.582707477524257,-0.5549451374888806,0.07892130697681622,0.19285759158117938,-0.16739975246371927,-1.5055518860840005,-0.6463751360482672,1.5055518860840023,0.6719004840000415,1.419379769370422,0.930443040034431,1.0032057353153212,0.8645328003625584,0.5606814647527841,0.6345315049115399,0.506377104406268,0.7313399875304649
A4889,2022,0.34949581489563647,-0.3384379241898413,-0.5928161524782783,-0.4163218437494812,-0.4195329907832301,-0.09851205135775748,-0.8162624237638608,0.09851205135775881,0.2233558506827886,-1.0279103871429554,-0.6613759667685521,-0.6367306398845429,-0.6700389790786803,-0.1059143182999801,-0.09464328062774455,-0.20814820220282712,-0.08982759277456419
A4893,2022,0.36458453465360086,-0.3524459618083474,0.08430492617563898,-0.21152203812420398,1.327202117609297,0.015099860762996449,-0.82172601202416,-0.015099860762993788,0.6719004840000415,-0.39568157324870273,-0.4369842054824465,-0.4284807965879123,-0.49550396025097676,-0.24343900651771383,-0.1140345736022872,-0.2750156793054996,-0.16111978411272068
A4894,2022,-1.0280472809930006,0.43696075417949726,-0.4131049808636198,0.30087101336740085,-0.946043674203098,-0.18465734736140477,-1.0823907267086108,0.18465734736140654,0.6719004840000415,-1.0194260578496042,-0.6985080210954019,-0.6425623775022752,-0.6419611942180522,-0.5303193940236803,-0.580805571640274,-0.6186498668722098,-0.37189333951733067
A4895,2022,0.32574809549988754,-0.31639127046619525,-0.2597724478047355,0.33071833101869064,0.847007563942186,-0.7227533267465079,-1.409333002780053,0.7227533267465093,0.6719004840000415,0.171013110931381,-0.10148407284636288,-0.052948881705824166,-0.024911457129736202,-0.759251025866105,-0.8292911397180661,-0.8663682593235045,-0.7017739298505867
A4901,2022,-1.0280472809930006,0.9807706155154325,0.22430910746890603,0.6880992060848817,-0.016461806161481584,-1.1322556034015283,-1.8401334443765494,1.1322556034015296,0.6719004840000415,-0.301183698705511,-0.22988240684516464,-0.3426770361427378,-0.46581572009634303,-0.1587754902244322,-0.05166842758389802,-0.18736885622833396,-0.2025373701070574
A4911,2022,0.14655381274235862,-0.15003218359086568,0.3722669271056708,0.1447164804446691,-0.016461806161481584,-0.6540867864537457,-1.3807512121383638,0.6540867864537466,0.6719004840000415,0.2965226718571728,-0.15861892618804696,-0.07058857724710384,-0.05392515310964326,-0.26589107447970695,-0.29490937695777647,-0.4432750917043167,-0.32616684798648815
A4922,2022,0.8189973281601075,-0.774310410991138,-0.28628800033491203,0.09388296286250611,0.03530796122734158,-1.2783280618424961,-1.6877771100482073,1.278328061842497,0.6719004840000415,-1.0776461105867405,-0.7408197013275817,-0.6850567743982072,-0.7727641260168018,-1.5443818437876524,-1.5600545478640708,-1.6496572674325982,-1.4435137575145531
A4923,2022,-1.0280472809930006,0.3968220153005658,-0.36842841709514806,0.5406216244811672,-0.946043674203098,-0.7052745710356229,-1.1717650437530103,0.7052745710356242,0.6719004840000415,1.3225413901945795,1.3153889326493031,0.6698439163980449,0.43087717133281955,-0.005256294987366448,0.020748880095283674,-0.026514758915840115,0.3091879434075109
A4924,2022,-0.0028448513687482106,-0.011334321215032247,0.3780569320591858,0.3617182941788502,-0.016461806161481584,0.18114804001640386,-0.4182495903194543,-0.18114804001640142,0.6719004840000415,0.18066769254105758,-0.041224884144882575,-0.15224779645855016,-0.23101968021865288,-0.7875791403733193,-0.6880750011710101,-1.0135268438549194,-0.7771880957679012
A4928,2022,-1.0280472809930006,0.6514245824132645,-0.129886555036824,0.5835524906539078,-0.016461806161481584,-1.0461103073978792,-1.486593265779751,1.046110307397882,0.6719004840000415,0.8804785777030428,0.4753816928928025,0.07398342462122415,0.1754709048459544,0.28533773088501846,0.060149937780721634,0.368067303443637,0.1412947886261262
A1001,2023,0.6243798140015213,-0.5936328165548355,0.4339461439106309,-3.6426603162438953,-0.22596137935970018,0.6368441710501906,0.5129092777638908,-0.6368441710501893,0.6719004840000415,-1.5948976344021206,-0.9057964008699949,-0.8893021726044685,-0.8344562204031923,-0.26364563753021686,-0.20508897583032895,-0.36672274841312036,-0.42065193517076327
A1026,2023,-1.0280472809930006,0.5258921370543473,0.33523544692700435,0.08337297925059703,-0.016461806161481584,-1.4618549968067887,-0.9881520145835478,1.4618549968067895,0.2233558506827886,-1.3257396016475118,-0.8147132761178707,-0.7702401786546458,-0.753653982336938,-0.2957649847043784,-0.2655966537447973,-0.35201428176948707,-0.4616447159601742
A1033,2023,0.6292805313625629,-0.598182508948315,0.29260402418892295,-4.693306572267675,0.3796601405518792,0.16741473195785142,1.4713005531469097,-0.16741473195784898,0.6719004840000415,-1.614206797621473,-0.9124451705630117,-0.8823757422777031,-0.9085259609373225,-0.07211123541559562,0.0074117273350171485,-0.13423950941650337,-0.23976810577737123
A1041,2023,0.5433812197800402,-0.5184359298823739,0.27057848529967055,-0.05717809501950277,-0.3141172264008486,0.6380926536009688,1.0008971736870182,-0.6380926536009668,0.6719004840000415,0.4331496297880432,-0.16190425705161351,0.07676894109342583,0.0578289033702341,-0.07995498229071726,0.02278866186850428,-0.08415612902224522,-0.24831065832748908
A1051,2023,2.4866931028448716,-2.322553703093303,-0.6673868146045597,-0.48694838119135986,0.6021474206362407,1.3597155679503645,1.1680045038140339,-1.3597155679503623,0.6719004840000415,0.3026664965178765,-0.18325700693302116,-0.12116314664310943,0.1014754813568857,-0.008939888618826221,0.13844065188886612,-0.15718186224708203,-0.19019752423358507
A1059,2023,0.0026867169387536144,-0.016469893985464116,0.38536251038902686,-0.26363657217144265,0.03822392881369288,-1.6229092458570853,-0.34142300619789606,1.6229092458570875,0.6719004840000415,-0.7526085297276405,-0.6617499556365933,-0.5953909441648967,-0.5040767622296128,-0.13190013891772645,-0.0688954816764957,-0.16370750002774972,-0.28144483320211977
A1061,2023,-0.5561669330732977,0.502354658886394,-0.6140940260989272,0.16075159420609242,0.2731861752164978,-0.2383420970448364,1.5997147138476082,0.23834209704483905,0.6719004840000415,-1.3026271184001057,-0.779011285522658,-0.753349422050946,-0.7472102877459761,-0.08636716070160456,-0.08987944529700279,-0.04321589049434692,-0.3625984203021161
A1063,2023,-0.30578241605648016,0.26990443952912235,-0.6881134127849857,0.50002643298444,-0.6400010996411548,-0.11224535941630992,0.6029272367408284,0.11224535941631125,0.6719004840000415,0.7219093888410879,0.3657807704657788,0.4859586915548583,0.08015143781857012,-0.1962320684937865,-0.18529291493013145,-0.1354221940687948,-0.373724546552911
A1066,2023,0.10359924413675428,-0.11015433313499336,0.2207777915088919,-0.36154107463496643,0.1012567668164264,0.40587489915635366,0.4501167044977349,-0.40587489915635167,0.6719004840000415,-0.7300811726383987,-0.43170002332974955,-0.5649070726627843,-0.6496554542182342,0.04598745177407429,0.2158901373459581,0.2063667717522881,-0.15391454900230273
A1070,2023,-1.0280472809930006,2.164187271779331,6.220627622445294,2.642290893891318,-1.5874936504001926,-2.3782411890774733,-0.35954401832261024,2.378241189077476,-1.570822682586223,1.7180866731122235,3.0320459354297844,2.6079094794004147,3.22425533547028,4.6601661303457975,2.9211242219108984,4.768737875171223,4.389119675525706
A1083,2023,1.0955921427095217,-1.0310934962258056,-0.5091598046009492,0.2964767767895833,-0.21198076915499084,0.13994811584074654,1.1736246165741886,-0.13994811584074388,0.6719004840000415,1.4451253203295595,1.8259540306277482,1.1794340796248795,1.1434976335553673,0.10767838497102247,0.17677105691940248,0.3182017783563179,-0.010987439175377766
A1095,2023,0.001110698932439752,-0.015006761834176572,-0.14976035823783523,-0.14226614893930814,0.11557662154319434,-0.41312965415368724,0.534261471822019,0.413129654153689,0.2233558506827886,-0.9181992324875442,-0.6342532443833581,-0.5611721003481835,-0.6419590953626718,-0.43122518513614716,-0.43247742619405294,-0.4106343326170244,-0.5016989531244931
A1131,2023,-1.0280472809930006,0.7076013119045175,-0.019139860333723804,0.5655501040730384,-0.016461806161481584,0.3072447776449303,0.388744354136192,-0.30724477764492897,0.6719004840000415,0.20904631121192277,-0.1739764910017757,-0.07059766885575855,0.053267853696580915,-0.020917902284176126,0.07620549813429044,-0.0976272346049956,-0.10192986391333769
A1175,2023,-0.08639235182546437,0.06622868496067343,0.2833374739315576,-0.31382927077910816,-0.016461806161481584,0.003863517805998515,0.4185591109584936,-0.003863517805996297,0.6719004840000415,-1.0027499623419789,-0.6604349625083108,-0.6240579969326204,-0.6188510929117238,-0.0427420733071863,0.06928068420725238,0.04033988616640811,-0.2008585793693937
A1196,2023,0.49594102379482724,-0.47439374525550343,0.01110475427968023,0.11867727098159188,0.01750926038588953,1.091291819533201,0.5420485370436949,-1.0912918195331998,0.6719004840000415,0.9032984978713684,0.47567619120741983,0.5455401066306945,0.4039832213288864,0.8983397683077549,0.906935901832449,0.6199846603620928,0.42939423409775895
A1199,2023,-1.0280472809930006,0.9228982382201595,0.6040383179648062,0.6579654534005946,-0.016461806161481584,1.073813063822316,4.222304712022623,-1.0738130638223147,0.6719004840000415,0.1157186889850529,-0.28054362482989575,-0.1738266946674205,-0.11877745265480702,-0.09741286775741699,-0.050823031813267874,-0.1840455020666692,-0.1786530579077005
A1204,2023,-0.45276810002555756,0.4063619413676631,-0.0701784921683187,0.06791916011496245,-0.16502991429392322,0.8890376463072471,1.210999005247944,-0.8890376463072458,0.6719004840000415,-1.0005557392488735,-0.6585579099248111,-0.6134874873908583,-0.7419319276659505,-0.0717749368061396,-0.00040599344513362224,-0.07885971473063522,-0.21149935277883586
A1215,2023,0.7992826009671339,-0.7560077957327194,0.04539922082957408,-2.8615472165500346,0.49126717152953026,-0.5854202461609818,0.20427992038011286,0.585420246160984,0.6719004840000415,-1.6185952438076896,-0.8975075796598081,-0.877736971452214,-0.9164454687692455,-0.8791328330805789,-0.8765308366055613,-0.8273956467815077,-0.891872225458932
A1216,2023,1.2629265875144784,-1.1864422328716642,-0.32355979657989004,-0.415460812306269,0.07456385501208576,-0.287032916525159,0.14618562714377878,0.2870329165251612,0.6719004840000415,0.25614896694398004,-0.131288956767849,-0.04133800220410771,-0.0485112778241437,0.22786699546668202,0.39316512764617345,0.2622534316046062,0.07219038347136093
A1225,2023,2.189030324932571,-2.0462118645138294,-0.6200898164009092,-0.5502649557214574,0.20772328550315394,1.086297889330092,0.5752530853907143,-1.0862978893300907,0.6719004840000415,0.003667029696994429,-0.254960949294794,-0.22828155620062845,-0.1280652942374223,-0.3641773606159649,-0.28739328620267507,-0.42084473270104517,-0.47835965126078067
A1241,2023,-1.0280472809930006,1.4505606182854738,-0.09977601066527776,0.8898138274275514,-0.016461806161481584,-0.26580871316194127,0.8003573977801316,0.26580871316194393,0.6719004840000415,0.8839893346520152,0.3438508015350252,0.5424284195266839,0.15143762033270888,0.7392468241852357,1.0723500373956185,0.6958253760381287,0.4199698160811827
A1242,2023,0.10429355897226265,-0.11079891609970469,0.01644921629756913,-0.24215933089060698,-0.0276877980239911,-0.11099687686553178,0.9781331650039149,0.11099687686553356,0.6719004840000415,-0.6560627136308785,-0.5226817775143575,-0.47219191234331714,-0.5170740799516392,0.09466670541640013,0.22751228267344667,0.0589277871268411,-0.028482185970196618
A1247,2023,0.12020523060500973,-0.12557087825580573,0.3395712108243319,-0.8392793541449431,-0.016461806161481584,-0.8763166804921393,1.1103991851412929,0.876316680492142,0.6719004840000415,-1.2716154320175093,-0.7901060349174722,-0.7517734728215654,-0.7404808653900401,-0.3173409273274405,-0.2292310700670145,-0.33001528845567457,-0.43465903550096435
A1252,2023,1.5337691013987704,-1.4378851375328778,-1.0341912374445006,-0.9999756915494258,1.5018912815579875,0.23982671990294627,0.291670698314805,-0.23982671990294405,0.6719004840000415,-1.038150094910793,-0.6873952519718539,-0.7274896526685798,-0.642210295037301,0.05829575797649433,0.09793954540607365,-0.07756226357949637,-0.09269340805110973
A1262,2023,0.743431811430559,-0.7041574453443478,-0.8438670138381387,-1.4745522752009608,0.5822913189381919,-0.3744266950795844,0.6246374183581007,0.37442669507958665,0.6719004840000415,-1.3514851526066494,-0.7895972432360682,-0.7798693711951012,-0.8088250413333002,-0.07947432257895813,-0.04455096676885231,-0.14212283403290715,-0.32933464932819645
A1290,2023,-1.0280472809930006,0.5096148779563228,0.07415717673302781,0.023630420632467813,-0.016461806161481584,0.16616624940707328,0.4027912685103188,-0.1661662494070715,0.6719004840000415,-1.190868022191124,-0.6301844538638319,-0.7481295046042908,-0.7904013430274456,0.2966948683691664,0.44480434078190456,0.18419723851870984,0.02907901502696938
A1297,2023,-1.0280472809930006,0.5634318552329544,-0.11044083808083954,-0.3327173409986525,-0.016461806161481584,-0.11723928961941893,1.9106558533357314,0.11723928961942115,0.2233558506827886,-1.626494446942879,-0.8844992326852653,-0.8878724192264378,-0.9134866621088035,-0.16605462976310084,-0.10358729110786334,-0.12139185775738945,-0.2556728239173569
A1392,2023,0.7538833400542032,-0.7138603595865031,0.05835732643719788,0.24513094929666637,-0.5554167039061104,-0.08727570840075954,0.08474135968644332,0.08727570840076132,0.6719004840000415,0.8398123097107695,-0.13623336024506283,0.21499665282626962,0.932329424017438,-0.28398982988834065,-0.34474762315648183,-0.2826338249303566,-0.24127863467654856
A1401,2023,1.687084711777881,-1.5802190719390785,-1.143900305667404,0.003524725307609406,-0.12989108449939013,0.8815467510025818,1.237608025808794,-0.8815467510025794,0.6719004840000415,0.6689554715274071,0.22919261982792685,0.1906452188658653,0.39102714619048545,0.28279870106674115,0.31208971944940916,0.22458051678364027,-0.026203876990986395
A1403,2023,0.6379551123849547,-0.6062357534810318,-0.28330907615007095,-0.44351197237720813,0.3900009404807969,0.11872391247752881,0.026450226778975145,-0.11872391247752638,0.6719004840000415,-0.4933976416617899,-0.46454033645925225,-0.45073540643941795,-0.5497876467029958,0.07646597932829158,0.0866598321881665,-0.010901547836126561,-0.19173463616917827
A1459,2023,0.14687503300581956,-0.1503303957262803,-0.3737527653844388,-0.06093102924644124,-0.30917497020857315,0.7254864321553942,0.4876333524671491,-0.7254864321553918,0.6719004840000415,-0.6584032182635292,-0.5136119232020161,-0.502822954419262,-0.6248983400490596,-0.26285860381025505,0.00040709062275233547,-0.17810831660904464,-0.26973257100657605
A1488,2023,-1.0280472809930006,0.9632364372789358,-0.05502090914758053,0.6741254163760149,-0.016461806161481584,-1.5692244961736537,-0.7023434503105748,1.569224496173655,0.6719004840000415,0.6780249269789228,0.09401375987706692,0.12532930485121133,0.16497937691531384,-0.21904049465957534,-0.12772571267577779,-0.3052828418568011,-0.33791347259891463
A1490,2023,-1.0280472809930006,0.5780373673807508,0.4209761712235047,0.13579984349413443,-0.016461806161481584,-0.9899285926128932,0.5009846936608308,0.9899285926128946,0.6719004840000415,-1.1841390713722595,-0.747125645128695,-0.7041906173366473,-0.7780842323130183,-0.1365278829430845,-0.08390685835883989,-0.22515645566418904,-0.3124013034470094
A1494,2023,-1.0280472809930006,1.2825341725744999,-0.7569000594634896,0.7186944451060834,-1.5253240435616129,0.49951109046466624,-0.012143662308051646,-0.49951109046466424,0.6719004840000415,1.3468241257583113,0.74144645107307,0.5773556135076194,0.8267650257911412,-0.020603029285897877,0.1119605557953731,-0.007214791630026048,-0.10922273428491543
A1501,2023,0.0949480778489822,-0.10212282620355956,-0.08256953315745334,-0.9586191822516388,0.24720768516617245,-2.3782411890774733,-1.9047217354306818,2.378241189077476,-0.2251887826344643,-1.3573364141882693,-0.8058563962809706,-0.7710246425160332,-0.7981272950989703,-0.06970706731792768,-0.100513882141715,-0.15254997780815235,-0.21944176815650057
A1522,2023,0.0753834846979154,-0.08395950238744505,0.8291437823757853,-0.12900575371595135,0.13842213128117706,0.10374212186819824,0.5148092506465499,-0.10374212186819647,0.6719004840000415,-0.0694737400732808,-0.28694086636150506,-0.3417675822263918,-0.3241841857660067,-0.02459027889361874,0.006012165983260861,-0.10900568293200452,0.02805716826392431
A1535,2023,0.04268299072959522,-0.05360134418504102,0.353454062436078,-1.225299451177205,0.16593183275779386,0.695522850936733,0.72451520305039,-0.6955228509367319,0.6719004840000415,-1.4840162274303847,-0.8074466610208094,-0.8145803785589981,-0.8328089556811168,-0.36527917443024654,-0.3408089367171057,-0.34224322168163857,-0.5567560565496142
A1539,2023,-1.0280472809930006,2.2753541807354116,-0.13293820692736288,1.5836908176154327,-0.016461806161481584,-0.8388622039688146,1.683645668663164,0.8388622039688168,-0.2251887826344643,-0.6683503629522862,-0.5182628984932464,-0.4136359774727658,-0.5103871030246855,-0.1076167196507609,0.1395627805033531,-0.1304516134360596,-0.13897015033988355
A1540,2023,0.8735158394413918,-0.8249239105681815,0.7172475585836915,0.15873066660828603,-0.016461806161481584,0.35718407967603105,2.749598721630227,-0.35718407967602905,0.6719004840000415,1.652259980318974,1.7536376481694032,1.875737184014082,1.8873956442561117,0.6759073267542703,0.6991599762986966,0.6679657891165888,0.35418106867711857
A1552,2023,0.12167319660775339,-0.12693369787271788,-0.0385627109243372,-1.7717186781930188,-0.2899414157846811,-0.9125226744646876,0.1846785936787068,0.9125226744646894,0.6719004840000415,-1.503325390649737,-0.8565837977869836,-0.8318034023043233,-0.8698539454375799,-0.13785954865413252,-0.09979746475404,-0.053991131114701225,-0.2662821440006289
A1557,2023,1.7354674929727099,-1.625136045143835,0.3084361495170888,0.0380125943300392,-0.11188918597527713,0.3484447018205876,1.7561564725517365,-0.3484447018205865,0.6719004840000415,1.2973809653936068,0.7580061293660885,0.8938341316558193,0.9955131620042948,-0.3352887962782133,-0.2777318135799338,-0.38363799402545196,-0.5179829172033316
A1596,2023,0.5456594768142093,-0.5205514316056685,-0.7777868391921529,0.43200018426063,0.15682561694352182,-0.847601581824258,-0.864531778032423,0.8476015818242594,0.6719004840000415,1.501589994592209,2.016644382053594,1.2637617505455863,1.7360753142640362,0.07657958099025376,-0.03001293594660562,0.981079858490769,-0.027386042619279908
A1622,2023,0.7826636073661785,-0.7405791751445119,-0.7319053243427013,0.26590764009298945,0.12033856346708881,-0.4380993051692376,2.2155709643017976,0.43809930516923895,0.6719004840000415,1.4439550680132345,1.5586102980526173,1.0368205345678447,2.5990580811440136,0.7616817029000396,0.6162723825760736,3.0159158606510617,0.8071258784157166
A1652,2023,-1.0280472809930006,0.40080176543825385,0.019270983672733215,0.46537642571285937,-0.016461806161481584,0.09749970911431109,0.5718363753309418,-0.09749970911430887,0.6719004840000415,0.14117167686511004,0.0186326634016531,-0.09009112878473483,-0.345298240250771,-0.21615237598726578,-0.276419243305147,-0.21300667808374846,-0.37324304383541795
A1675,2023,1.5816716642812334,-1.4823564724385303,0.6686384072670454,-0.08661951461776492,0.9986463239896959,-0.4855416420987821,1.4305009805889946,0.48554164209878387,0.6719004840000415,1.1979095185060329,1.760285623624676,1.2268780958011938,0.7597972582556535,0.13016066910498203,0.0928550157450243,0.22317809536123173,-0.21965390120940795
A1694,2023,-0.45746574674733187,0.4107231085158065,-0.22656011300535656,-0.27269193814350373,-0.47081646745020056,-0.16967555675207419,0.810406688261654,0.1696755567520764,0.6719004840000415,-1.5018625752543315,-0.82531094971901,-0.8594498285934211,-0.854460473024181,-0.10297448262343487,0.014443787918587378,-0.10456847081469134,-0.27236710104970846
A1702,2023,0.021443535884868435,-0.033883213342219325,0.28715609838317224,0.4040662084353506,-0.35503935667178876,0.22109948164128304,0.31646278294889757,-0.2210994816412815,0.6719004840000415,1.1461258535086776,0.43963537321420176,0.6324303916616514,0.7718820064527184,-0.4085532307327903,-0.3446545586274698,-0.4453965102053545,-0.5680844682007354
A1737,2023,1.4476064917079305,-1.3578940211378006,-0.6461285527061276,0.4947852519322462,-0.4999493542091261,-0.08477874329920504,2.6845269103009617,0.08477874329920615,0.6719004840000415,0.9018356824759626,0.2825432668627982,0.2917168639306093,0.7276479885631294,-1.502611752702944,-1.5236808195082396,-1.3893459740626581,-1.2509662017937886
A1749,2023,-1.0280472809930006,0.456379446975857,0.9535018942820925,0.16321778050514446,-0.946043674203098,-0.7864259368361594,0.8739011774692965,0.7864259368361616,0.6719004840000415,0.06452015014586196,-0.1395197312243987,-0.2748448521384347,-0.3330810086407526,0.8612670577101739,0.8865616671802301,0.7519577260862964,0.6740493637113012
A2000,2023,1.2301396104338649,-1.1560038177821534,-0.12194402819917295,-0.5339124017848439,0.8297868033444639,-0.5979050716687578,-0.007994937018430823,0.5979050716687592,0.6719004840000415,-0.12447559894052825,-0.24133114980717235,-0.35426398446740803,-0.3387280491249367,-0.03022717546367776,0.08416889069839416,-0.09548635692642135,-0.2093809326915192
A2019,2023,-1.0280472809930006,0.43612616205825955,-0.39072712522655917,0.2987881445389777,-0.946043674203098,0.628104793194749,0.44355092867010215,-0.6281047931947468,0.6719004840000415,-0.837451822661159,-0.6412385062041596,-0.5726063702135747,-0.6373923233737625,-0.017405286344402228,-0.012793618329552598,-0.1620466798226965,-0.2359231919144014
A2021,2023,0.6921093121364718,-0.6565110361657861,0.29229429524833084,-0.08732703953292668,0.5868448368954012,-0.22336030643550758,0.4109180020028283,0.22336030643550892,0.6719004840000415,0.11513356282689209,-0.14976765667814743,-0.11824758700982824,-0.06098863075836576,-0.22173160491959706,0.003771701089919955,-0.11085627032184996,-0.201489064115863
A2024,2023,-0.20876063656751173,0.1798320644821778,0.15698817342791255,-1.3798008368747785,-0.016461806161481584,0.0013665527044422355,1.3160688477717646,-0.0013665527044413484,0.6719004840000415,-1.618010117649527,-0.9091638252543952,-0.884708252407732,-0.8980886032906767,-0.18766026154370744,-0.20240678669772968,-0.22138335750739074,-0.28340672199692685
A2029,2023,-0.9916409445918914,0.9066367993845837,-0.38690877269619045,0.6269639020037526,1.2320871800871827,-0.2945238118298243,0.7294823338599673,0.2945238118298265,0.6719004840000415,-1.2461624441374524,-0.766044145411355,-0.7453082039583976,-0.7249134063821514,0.14528492070669918,0.2615548803835075,-0.03525750860456353,-0.14098931975963258
A2032,2023,-1.0280472809930006,1.0598491660991776,-0.12298035263113846,0.7228491341599212,-0.016461806161481584,-0.7814320066330503,1.11193977944003,0.7814320066330517,0.6719004840000415,1.4539022127019912,1.310790808910916,1.1774757763234156,0.571404451694553,3.62868858927124,3.729967801962135,2.9204755280199897,2.9218838142580994
A2035,2023,-1.0280472809930006,0.5051199014956524,-0.5686785188178597,0.5763045380265123,-0.946043674203098,1.0388555524005458,1.0084919810977964,-1.0388555524005445,0.6719004840000415,1.1054595855164042,0.38493301848946865,0.43848118273213094,0.5573980867730483,0.005856140228467355,0.12234162418727207,-0.025941534775116452,-0.0006445661323573767
A2057,2023,1.5199732863169082,-1.425077419769778,-0.9142153273014616,-3.479510636541358,0.0839860963029726,-0.16717859165051968,-0.15629418308990256,0.16717859165052146,0.6719004840000415,-1.602211711379148,-0.8903323095822804,-0.8920309492136484,-0.860345798909263,-0.17402370941587098,-0.1374435809962511,-0.24014753186992868,-0.30696006328277853
A2070,2023,-1.0280472809930006,1.4652335824409743,-0.21056025453562044,0.7817296255283062,-0.946043674203098,0.030081651372325255,0.8033710928497775,-0.030081651372323923,0.6719004840000415,0.7102068656778442,0.6377079864921585,0.1089548986998715,0.2747874906704584,-0.46202117623837974,-0.6099736486600779,-0.5144732964190539,-0.3223727649344641
A2083,2023,0.2182953837436694,-0.21663510227286947,0.25885456653996153,0.37716396496976595,-0.0910125257476035,-0.6815534025708506,1.4690332262341612,0.6815534025708515,0.6719004840000415,1.1689457736770033,0.45908019194138616,0.6629655509555156,0.7660796860427869,-0.2506217206210138,-0.24125790614765555,-0.22309270501889464,-0.3673541287132718
A2097,2023,1.1903155814616049,-1.1190321543905328,-0.5368238144900752,-0.30476630889247863,0.48249507569769845,0.6206138978900837,1.1758430435881488,-0.6206138978900817,0.6719004840000415,-0.26373562458313005,-0.1743299145147928,-0.29572565336861295,-0.46656079391306177,-0.21668114439011335,-0.013924076528210334,-0.18393550757346708,-0.3803485643503444
A2098,2023,0.3979501693142936,-0.3834217074055405,-0.09700600950265832,-3.146970473726889,1.4942499295332308,-0.16468162654896518,0.9321445149920935,0.1646816265489665,0.6719004840000415,-1.662479705669854,-0.9245585666267139,-0.9126331646983799,-0.9136839586986786,-0.3135004576781068,-0.35482753598430133,-0.4165820927858364,-0.43778728071356854
A2107,2023,1.842166865646351,-1.7241931157043453,1.2890736350887688,-0.1874302139951573,-0.041456273814442356,1.2898005451068242,0.06545604283457868,-1.2898005451068224,0.6719004840000415,1.4228905263193947,0.43666176954571473,0.8964423815067807,1.560947055259333,-0.08789756447384871,0.011935838797260713,-0.005986303898592953,-0.06469739017600476
A2120,2023,-0.008151285978065817,-0.006408187545678242,-0.6060173464294524,0.1720899468285696,-0.04361518912834167,-0.315748015193042,0.23516553930549666,0.3157480151930438,0.6719004840000415,-0.4960307093735213,-0.4505953988973739,-0.3928868555276601,-0.27225323365862375,-0.04717949483554406,0.04110253779131713,-0.05055375154517421,-0.2005930465658253
A2141,2023,0.7640069200171462,-0.7232588152326769,-1.014522056352704,0.010641061451665195,0.03331777723252121,0.785413594592713,1.409583997597241,-0.7854135945927108,0.6719004840000415,-0.3722765269222159,-0.38157347895627225,-0.3463298002162165,-0.1843197762189811,-0.07392047664416289,0.07746302353301131,0.1823595138650433,-0.03562475688457239
A2142,2023,1.392384512760238,-1.306628008830447,0.3596932857317908,0.39318147002014436,0.28014864336263456,-0.5229961186221067,0.359566142239634,0.5229961186221089,0.6719004840000415,1.7575826887881714,5.599547578128365,6.285864573621234,6.348319823458537,0.990426915201755,1.3862009405837488,1.0475958637755642,1.2390253520537764
A2147,2023,0.9117645999060948,-0.8604330170368915,-0.5503770722086947,0.11842191014455614,-0.2929026441310158,-0.129724115127195,1.1306233274620756,0.12972411512719634,-0.2251887826344643,0.7008448471472483,0.7491253738005115,0.3453443655769778,0.5777683368347961,-0.12368417886921894,-0.10973821566980212,0.8060604911895679,-0.20275733255667852
A2148,2023,-1.0280472809930006,1.1242565643215934,0.11824838703401215,0.7126272428714608,-0.946043674203098,-1.067334510761097,-0.48609500237412695,1.0673345107610992,0.6719004840000415,1.6557707372679504,2.300985707819465,1.7409686115255927,2.410218726436245,1.415784121389363,1.3338793443432466,1.1432505368985255,1.0224588605229474
A2164,2023,-1.0280472809930006,0.9776047930267243,-0.1854614211357374,0.6964536072498174,-0.946043674203098,-0.9075287442615768,0.7019265148682603,0.9075287442615795,0.6719004840000415,-0.7300811726383987,-0.5779939923644127,-0.4805151931377095,-0.5338346292673095,0.07366777375425436,0.16122875831342018,0.17410448945996573,-0.07211111343458786
A2187,2023,-1.0280472809930006,1.0432014979926918,-0.047409582043811856,0.6860757234976297,-0.016461806161481584,0.5219837763786603,0.6836044641447303,-0.5219837763786592,0.6719004840000415,1.4451253203295595,1.210227440132992,1.2910486659633502,0.8635246748814273,-0.19078763130084772,-0.22895938304041938,-0.10976852040939963,-0.18323636927798914
A2189,2023,-1.0280472809930006,0.5171542836524384,-0.645283029565957,0.5388113108782119,-0.946043674203098,0.052554337286321126,2.6057717005084364,-0.052554337286318906,0.6719004840000415,0.07885574102083674,-0.16650092290720653,-0.22083816232799114,0.05729073094153245,-0.26277453970288833,-0.29221613950738307,-0.17501279780997608,-0.37241957511318113
A2193,2023,-0.2929924883243893,0.25803061930467275,-0.32557171490088616,0.20544809619337237,-0.19378185045300797,-0.5654445253485422,0.9128292572906364,0.565444525348544,0.6719004840000415,-0.5211911341744943,-0.3674777674926806,-0.5062600476297738,-0.4511183421058299,-0.014146740869505287,-0.050357977614540694,0.43298572850187356,-0.2040610162160667
A2198,2023,-0.39709037901917316,0.3546722630844853,0.27621714162404654,0.32490041288944904,-0.016461806161481584,-0.19339672521684642,2.0614185105430867,0.19339672521684864,0.2233558506827886,-0.19439817484090804,-0.3524916020089679,-0.2353643562943155,-0.3603234646255917,-0.44763214995849365,-0.4036976716642645,-0.4667470048003565,-0.46320326492110053
A2202,2023,1.6884753312704244,-1.5815100851645596,-0.48356674639510083,0.19298934617205665,0.33500528263859786,-1.333261294076706,-0.23637877903753227,1.3332612940767072,0.6719004840000415,1.4530245234647496,1.4735132197062748,1.320168169793419,0.823648689680578,0.20360101048265147,0.16610925099596707,0.019754968955040433,0.04498189115774912
A2205,2023,0.30338366045366877,-0.29562873867378375,0.017293933214967024,0.11004064706355586,-0.11897681224429311,-2.3782411890774733,-1.581433949714232,2.378241189077476,0.6719004840000415,0.48668867325988485,0.14525842161711014,0.03229314061760556,0.017571731957036225,0.20962941832320553,0.09428592516851447,0.10742837857489719,-0.148523451475243
A2207,2023,-0.03295393531862481,0.016617915926426138,-0.7762034735991684,0.36616252568528157,0.23656939158461626,-0.5604505951454332,0.20487289280042667,0.560450595145434,0.6719004840000415,0.15053369539570596,-0.10057466092451056,-0.09063691060883508,-0.2620475198311415,-0.049450662986324695,-0.063252202935811,-0.12962705834523403,-0.25082521607656433
A2217,2023,-1.0280472809930006,0.3975896828589464,-0.10648256621898268,0.464113570388979,-0.016461806161481584,0.5244807414802166,0.6128102724253813,-0.5244807414802142,0.6719004840000415,-1.0501451811531166,-0.619429774805996,-0.6849201861871129,-0.6927840134695916,-1.2421468645237521,-1.2896718557986548,-1.2800549851302498,-1.097919227093282
A2246,2023,1.5146933637269813,-1.4201756441821747,-0.2970940351153202,0.2990237559981356,0.7224434966272137,-0.9150196395662421,0.07453232379506222,0.9150196395662443,0.6719004840000415,1.6788832205153565,1.859222642430518,2.2675826314267353,1.7958533222340385,0.021581558655561682,0.2386594802796927,-0.15314056686442556,-0.11976593834713727
A2247,2023,0.21399406270498877,-0.21264187308418603,0.10037257523100511,0.3928544313710905,-0.3746079322827452,-0.4830446769972276,0.34284262989396724,0.4830446769972289,0.6719004840000415,1.1742119091004624,0.8162627408432316,1.0820034426011576,0.6255791307992238,-0.07522400299788026,0.025361011520129515,0.1538674345969742,-0.16867118788441374
A2251,2023,1.1638394752580297,-1.094452402650958,-0.5097073713729656,-1.818729724403058,0.08945507595077158,-0.17092403930285233,0.28424902270513147,0.17092403930285366,0.6719004840000415,-1.2318268532624777,-0.6959399270888977,-0.732297728242155,-0.7004805545082031,0.1419321747314584,0.2209558366939703,0.17698120659601824,-0.116729056160771
A2266,2023,0.003187851617403968,-0.01693513375907141,-0.3608212710893992,0.42485146189900536,-0.23870004143965842,1.028867691994326,0.21567085050426713,-1.0288676919943247,0.6719004840000415,1.0051104493915894,0.6839766996903195,0.23813078312367505,0.27392064080752715,-0.10793234031008302,0.05453534971139585,-0.2056990413734232,-0.2273732670772013
A2272,2023,0.19506853446630423,-0.19507192861960157,0.13112135876562836,-0.01574790535040228,-0.016461806161481584,0.07128157554798258,0.5025485834851032,-0.07128157554798147,0.6719004840000415,-0.21107427034853332,-0.31188763467873215,-0.1568048492515134,-0.4433685586719818,-0.08049037067779448,-0.0439464044159728,-0.14462708467865698,-0.13979642092281416
A2286,2023,0.8582638772083289,-0.8107644046335941,0.9809218239244866,0.07962356676586754,-0.2006584837823045,-0.5854202461609818,0.8634594270582754,0.585420246160984,0.6719004840000415,0.8842818977310959,0.4619543808512461,0.5912857984070158,0.37048493272066746,-0.381447385904214,-0.4460514834948926,-0.49107984469501287,-0.5068647725745022
A2299,2023,-1.0280472809930006,0.6593171369598494,-0.07160733078464225,0.47425252810110624,-0.946043674203098,-0.389408485688915,0.01688931653501122,0.38940848568891634,0.6719004840000415,-0.47789179847049346,-0.3137334112602668,-0.4224036622891902,-0.41785188948442004,0.10877813838532877,0.255256153096962,0.1492353093777966,-0.12542363499717307
A2308,2023,-1.0280472809930006,0.7941783835186913,-0.9970263968444301,0.5976073494873501,-0.946043674203098,-0.5167537058682196,1.6330385359462707,0.5167537058682213,0.6719004840000415,-0.5159249987510353,-0.38944175994669505,-0.468691446264314,-0.44092738597127984,-0.06703859406212048,0.12858386133514393,-0.08933980192700149,-0.2034650647642718
A2309,2023,1.5700184963041737,-1.4715379889800393,-0.8919822807086182,-0.9877207191998496,0.45205398836852106,-0.17092403930285233,0.6544443681621807,0.17092403930285366,0.6719004840000415,-0.9922176914950609,-0.61267272642985,-0.6273975754146717,-0.5752474128796312,-0.01808660581528563,0.01521525478238291,0.0075448740383846965,-0.20884955780463438
A2311,2023,-1.0280472809930006,1.3701452231086306,0.9843140259110313,0.848237312822356,-0.016461806161481584,0.3072447776449303,1.3099953289632364,-0.30724477764492897,0.6719004840000415,-1.4082423899483805,-0.8509221369538379,-0.8233805301301056,-0.8017053124343985,-1.6679572217983518,-1.7645029452364043,-1.8198869064201915,-1.5877250064310908
A2337,2023,0.8186686359491757,-0.7740052621033935,0.4260824841294975,0.33937484242214205,-0.016461806161481584,-1.1622191846201877,0.02028232452932896,1.1622191846201895,0.6719004840000415,1.6186152262246498,1.895973068705882,1.9359388344012671,1.3688628840403205,0.051821153464699586,-0.012524940906443502,0.027200278947888755,-0.29682500939331624
A2342,2023,0.8114020279856665,-0.7672591241187134,-0.15329794647225298,-6.16736837233539,1.4262781559100142,0.01260289566144017,0.44332416368637645,-0.012602895661438839,0.2233558506827886,-1.7104600506391539,-0.9494868448672688,-0.956458211455253,-0.9547358973799592,-0.23927981483097546,-0.08215635706387421,-0.20078308342940715,-0.37294911796324215
A2366,2023,1.2764179587220574,-1.1989675558557624,1.1364255984863112,0.17704448568645964,0.3872645342027957,-0.5991535542195342,-0.2706555471952701,0.5991535542195364,0.6719004840000415,1.50978176080648,1.1921130966263642,1.147946428922874,1.3247765981835766,-0.3403557580888199,-0.3803753577938948,-0.5212112231923258,-0.3401487774979064
A2419,2023,-0.0907270325859649,0.07025288440563385,-0.22088068803199262,-0.6465166562286668,-0.016461806161481584,0.9976556282248885,1.3611541383388046,-0.9976556282248871,0.6719004840000415,-1.3435859494714593,-0.7950066814199045,-0.7925431730704028,-0.787517249322101,-0.14944918642346794,-0.06447653908255278,-0.022261608774156304,0.07668237818513916
A2452,2023,-1.0280472809930006,1.1442703670969825,0.7961696546720738,0.7172393440898538,-0.946043674203098,-1.8064361808213778,-0.2327164203931058,1.80643618082138,0.6719004840000415,1.579996899785944,2.417343447120702,1.316845810818386,4.284051753810105,0.10936045578975202,0.18199891005553204,0.9063133930615144,0.11245144994254903
A2490,2023,-0.09561476373029588,0.07479052074955259,0.4394972389437645,0.3668141861014812,-0.24680524318953964,-0.3581964219194775,0.9899884850975308,0.3581964219194788,0.6719004840000415,0.7906617124251456,0.16030159107603273,0.07665823678746408,0.4677879559064,-0.30293189649809193,-0.2484082906579359,-0.35633635129288166,-0.32263507657005625
A2500,2023,-0.08392239910881745,0.06393564819497138,0.04126191116831144,-0.8473992487110218,-0.016461806161481584,0.3334629112112588,0.315179275320039,-0.3334629112112566,0.6719004840000415,-1.426966427009571,-0.8065035192463974,-0.7730501129727658,-0.8358882661407457,-0.1347373619547204,0.00026720648519192004,-0.18989588019125495,-0.32974668210354857
A2506,2023,-0.12978097259853977,0.10650959229009382,0.055285989885456334,0.05836902388942351,-0.016461806161481584,0.47454143944911586,0.4355823606472019,-0.4745414394491141,-1.1222780492689701,-0.5176803772255216,-0.5002575579785729,-0.45629075492317267,-0.5314321618525613,-0.1631013432632956,-0.1491238295270985,-0.15841369771798178,-0.17147409120864796
A2528,2023,-1.0280472809930006,0.5993407193740075,0.5312750732737693,0.5730193740294495,-0.016461806161481584,-1.004910383222222,-0.5714928452207805,1.0049103832222241,0.6719004840000415,0.8638024821954206,0.3039845839651342,0.2995701027531776,0.4240802999217506,-0.4964988420567994,-0.4602401672448939,-0.4445641876213599,-0.7436923108118875
A2530,2023,0.11110086770777446,-0.11711863594729909,-0.9497778250014132,-0.2411965141921783,-0.15387999590204984,0.2760327138754928,0.4488030442570787,-0.27603271387549144,0.6719004840000415,-1.2774666935991292,-0.7411440670429407,-0.7892014306296169,-0.7060045775478089,-0.21658068335859873,-0.16457850631424703,-0.17392452306931808,-0.24214051048317395
A2542,2023,0.5312796909199934,-0.5072012004034376,-0.18688917149585144,-5.105974863950093,-0.2939261235080124,0.6143714851361965,0.8509050005749677,-0.6143714851361943,0.6719004840000415,-1.7019757213458022,-0.9450287464276736,-0.9341433666652516,-0.945164931932834,-0.16922824841351708,-0.10840487088502646,-0.1516259354464617,-0.31093350265285874
A2543,2023,0.044844776930347725,-0.055608287558694854,-0.5466159792280572,0.3901866771209007,-0.5332941083679488,-0.92625598252324,-0.15366757363890005,0.9262559825232418,0.6719004840000415,0.37697751860447365,0.07721347597687023,-0.07417234715562221,0.12137256385082822,-0.04431673205708573,0.11173878202962599,-0.22553219465746033,-0.1276303691468056
A2550,2023,0.5124009092677548,-0.4896746541952932,0.31597385126302385,-1.506928203758301,-0.016461806161481584,0.1611723192039625,0.41222118538034264,-0.16117231920396138,0.6719004840000415,-1.131770280216743,-0.7149405749200768,-0.6936990791952505,-0.765994772894966,-0.1323934995199309,-0.06737631545749499,-0.12369187867670639,-0.33905024059210737
A2551,2023,3.6164547661414455,-3.3713936314691706,-0.7164762723815422,-0.2631603083280042,0.07082360496930826,0.4682990266952287,0.45010168984590426,-0.4682990266952267,0.6719004840000415,1.245597300396251,0.7286452436710106,0.6373356094774381,1.448290673833194,-0.03934239397051567,0.1666958782152942,-0.08575306514132691,-0.19618488124312908
A2557,2023,0.8896458191257689,-0.8398985439678504,-0.1633504504565613,-0.16985955157684815,-0.09502517880931548,1.006395006080332,0.6226983320424141,-1.0063950060803297,0.6719004840000415,-0.16748237156544862,-0.3340875452429852,-0.28546671676877405,-0.07150618785728706,-0.09933966369760767,-0.09517040746597731,-0.15788027611093713,-0.2736308282246755
A2569,2023,-0.4194468726104385,0.37542742224661985,-0.18919736675230994,0.4994584657360303,-0.016461806161481584,0.11123301717286352,1.4933358246986725,-0.11123301717286131,0.2233558506827886,0.9802425876696969,0.4631281894475658,0.4934189492998951,0.96203938742895,0.139527806986674,0.25385990311820344,0.4848953641578584,0.18059068931343086
A2571,2023,-1.0280472809930006,0.49873015732843107,1.1880702171295863,-0.03390704398645579,-0.946043674203098,0.24981458030916606,1.2761372983716865,-0.24981458030916406,0.6719004840000415,-1.2394334933185875,-0.7816742401819808,-0.7435284311527255,-0.7358905432836622,-0.2093637621554789,-0.2466526560511332,-0.2861895442477381,-0.28879810365070824
A2575,2023,-0.7051515509847271,0.6406678567010468,-0.3850316046140624,0.27806331312302607,-0.016461806161481584,0.011354413110663805,-0.2243501312570976,-0.011354413110661364,0.6719004840000415,-1.2970684198975628,-0.7706839145290747,-0.7789645146363623,-0.741315005667998,0.06612941287879248,-0.019601484029424403,0.054000066362897184,-0.18733012838600752
A2587,2023,-1.0280472809930006,1.1701407239847506,-0.06801323570239443,0.7958690752285329,-0.016461806161481584,-0.017360685557219212,0.9626654133319459,0.01736068555722121,0.6719004840000415,-0.14232194676447563,-0.2842083824476804,-0.3558173118720677,-0.4789913369575839,-0.21010658385569228,-0.1425811341161782,-0.05521960827914578,-0.17869305229365562
A2591,2023,-1.0280472809930006,0.605334787342318,-0.7969929495034579,0.3519638969051902,-0.946043674203098,-0.07104543524065261,0.3976535967932844,0.07104543524065371,0.6719004840000415,-1.1621968404411787,-0.7275618518837763,-0.7455883606737126,-0.6446429369917288,-0.05318992016480612,-0.010774209546373308,0.4003252512241126,-0.1950135750628621
A2592,2023,0.5618268477673168,-0.5355603480367049,0.1840666598742644,-1.4791366858580635,9.870573588097377,0.22359644674283755,0.6944828401488966,-0.22359644674283644,0.6719004840000415,-1.1016362830713915,-0.7350551221037684,-0.708751123724726,-0.701510844461403,-0.04770612996856912,0.024421903049755236,-0.11362998684116132,-0.04598103946562313
A2597,2023,-0.2963860471824293,0.2611811068324758,-0.39039903200946996,0.49190515734298534,-0.48425088951036327,-0.5904141763640925,0.19995829481280084,0.5904141763640943,0.6719004840000415,0.7889063339506591,0.19670379729701373,0.32150095828801706,0.23966203968809752,-0.1487451378108689,-0.1096103515546088,-0.07175909996725158,-0.30764383467427625
A2598,2023,-0.40686419953508546,0.3637460115952603,0.3131706282566171,-0.24612930111289522,-0.016461806161481584,-0.8376137214180382,0.1552228639541142,0.8376137214180391,0.6719004840000415,-1.2224648347318854,-0.7425488970551606,-0.7292632543926684,-0.7967583849370822,-0.0880165880903261,0.014592713953987684,-0.10797883784466705,-0.12313344490792845
A2599,2023,-1.0280472809930006,0.5905379360156383,-0.11005934634421513,0.5673859675704511,-0.016461806161481584,0.5644321831050958,0.512011789512326,-0.5644321831050942,0.6719004840000415,0.9120753902438,0.23647290238739094,0.4812691884947942,0.21279856890178234,-0.09191376463593573,0.0397764900542606,-0.1770543413098044,-0.31965998411099844
A2600,2023,0.34411081507879415,-0.3334387187144642,-0.7680651417682638,-0.18267227121705112,-0.1932007981154318,-2.2508959688981687,-2.237469279211847,2.2508959688981705,0.6719004840000415,-0.712527387893532,-0.4741731826246444,-0.5545672998232902,-0.5706406150281742,0.1347548445885177,0.11519736280946297,0.08554016518982745,-0.26702915126875615
A2612,2023,-1.0280472809930006,0.3414109818603455,0.3215308663972867,0.41998420700488304,-0.016461806161481584,-0.5841717636102054,0.16244601193140407,0.5841717636102067,0.6719004840000415,0.6291668927723791,0.4998159061622488,0.1735166021026563,-0.1506353992961157,0.03612162682649306,0.29653782985283406,0.026076495734355512,-0.23413796073287763
A2616,2023,0.6004900444446348,-0.5714542238965978,-0.3457589965352879,-5.098292770278229,0.9827660906391184,0.17740259236407122,0.18733922709967954,-0.177402592364069,0.6719004840000415,-1.6970021490014233,-0.9351995923937967,-0.9240492623125172,-0.9540640532626328,-0.09674386277598271,-0.006588299158541565,-0.10538841072044437,-0.2545568494036128
A2619,2023,-1.0280472809930006,0.8548701458203191,0.4166345665432333,0.5784425117624408,-0.016461806161481584,-0.5979050716687578,1.4218681386238312,0.5979050716687592,-0.2251887826344643,-0.9380935218650581,-0.5647750926467557,-0.6635980772013623,-0.7066623869992164,-0.39257111325320054,-0.3796873124687516,-0.19092792999606392,-0.4905229602154992
A2620,2023,-1.0280472809930006,1.575259833229095,0.35362913131153867,2.4469573241624833,-0.016461806161481584,-0.2770450561189392,0.5590473318060512,0.2770450561189414,0.6719004840000415,-1.6288349515755278,-0.9082952577788254,-0.8837807538381984,-0.9075681387157775,-0.17575269857771503,-0.12422706387072044,-0.23238651650367367,-0.2884483326589488
A2628,2023,-1.0280472809930006,0.5757666544914369,0.6391601169401913,0.5754397776797847,-0.016461806161481584,-2.3782411890774733,-1.359989733642374,2.378241189077476,0.6719004840000415,1.48228083137286,1.3777643697050121,1.2079774416033704,0.5404496547253296,-0.030271793537977723,0.1468485648153741,-0.12463283544618466,-0.1281697305642883
A2631,2023,-1.0280472809930006,0.5441849795732574,0.9539058474401068,0.4086964017411701,-0.016461806161481584,-0.8176380006055969,0.16576759653415804,0.8176380006055991,0.6719004840000415,-0.4989563401643293,-0.5230228260934692,-0.49798731404796265,-0.5187765482412704,-0.7228601946548321,-0.7056726720254114,-0.9152123571622415,-0.7606192562501355
A2634,2023,0.3911587932519028,-0.37711677901731133,0.24914638673033365,0.4351828034110195,0.4374583859928479,-0.39565089844280216,0.24736521429877373,0.39565089844280393,0.6719004840000415,1.5387455056355097,1.0946097324222401,1.1206574884614018,2.1208043181195815,0.3418956014880572,0.4973315860884674,0.2885778843891534,-0.12578951572741326
A2643,2023,3.253104855745186,-3.034069480388157,-0.5588413709918286,-0.05586324220771328,-0.13765383511047652,-0.18465734736140477,0.9178976024603571,0.18465734736140654,0.6719004840000415,1.1879623738172758,0.5575981313333556,0.760236089724994,0.5295220059617286,-0.36401543177518253,-0.24272230293630978,-0.41031508003855416,-0.41286671960600546
A2645,2023,-1.0280472809930006,0.5460357250753364,-0.2649932976693251,0.4039147044665955,-0.946043674203098,0.5744200435113156,0.2962799909532081,-0.5744200435113143,0.6719004840000415,-0.6107154363733108,-0.5175980719501752,-0.46803178436802634,-0.4772169387536762,-0.006681220790796177,0.1877349242607919,-0.08152583837812666,-0.2634305254774856
A2660,2023,-1.0280472809930006,0.6995531072332306,-0.5162604188234169,0.5995318089701378,-0.946043674203098,0.07377854064953886,-0.30288159157565864,-0.07377854064953641,0.6719004840000415,0.5712394031143231,0.06834948921738396,0.04089464517567282,0.22509422336267104,-0.16393475935962848,-0.18489209829252634,-0.16758219762789633,-0.19300789402969842
A2666,2023,0.4870315549747846,-0.4661225952522731,0.6469230525733088,0.05171721244810959,-0.038230202220971815,0.24606913265683342,2.1729603766051704,-0.24606913265683142,0.6719004840000415,0.7988534786394164,0.6457454358987796,0.3981236740558161,-0.048219869249634915,-0.20479043833408045,-0.0717485963223446,0.10568613297861941,-0.28116297743403235
A2671,2023,1.7617566610786048,-1.6495423906055775,4.740948036572775,-1.4793823791674667,-0.08599650690222933,-2.3782411890774733,-0.35954401832261024,2.378241189077476,-0.2251887826344643,1.3409728641766876,1.4585332635388002,2.0767572227402775,0.25864622653244934,0.05585239799139018,0.14307380171108822,-0.10704869196805515,0.07259410818483043
A2684,2023,0.14013902966523406,-0.14407687386339102,-0.416986060781662,-0.24628342912486487,0.4822836153421041,-0.23334816684172738,0.7277762601844727,0.2333481668417287,0.6719004840000415,-0.478769487707735,-0.3879302929026511,-0.4207682416249389,-0.5206466903997666,0.4246829010679934,0.547573389304904,0.6088671479640283,0.2606265262952202
A2695,2023,-0.3028058391652266,0.2671410666914231,0.763699119628831,-0.017528525832772108,-0.47367826092885335,-0.38566303803658236,0.6145128389701695,0.38566303803658414,0.6719004840000415,-0.6689354891104472,-0.5205791723700905,-0.5856440609695962,-0.5727838777167013,-0.07120590477272787,-0.07740525362223377,-0.17428788766465764,-0.22083110163425168
A2704,2023,0.6607617767937307,-0.6274088389574802,0.02621140197417659,0.3350515931186546,-0.029476806085402964,-0.19089976011529192,-0.025881042792014777,0.1908997601152937,0.6719004840000415,1.4132359447097183,0.9566952558543224,0.971219335021669,1.5673232122280971,0.45607013689664677,0.4217394142601412,0.1667857686924156,0.03147943755271478
A2706,2023,1.6936220974832044,-1.5862882026041514,-0.3789478953524965,-0.1101451668963908,1.0089899971517078,0.6218623804408618,1.3336369671301234,-0.6218623804408592,0.6719004840000415,0.4685497623568573,0.02572589617623334,0.04702009334104811,0.08419119132588447,-0.27769125191983846,-0.21635920451954818,-0.2563657359328198,-0.3584423872806875
A2710,2023,-1.0280472809930006,1.361338765456593,0.7792031887214615,0.8726536896647796,-1.1829679421335102,-0.394402415892024,0.12544419630248063,0.3944024158920267,0.6719004840000415,0.17306105248494782,-0.11024416235537653,0.01252869792601145,-0.10759345566204806,-0.23993727585537986,-0.08507373576220827,-0.12019971664845233,-0.27074069611905494
A2729,2023,-0.4169144638407442,0.3730763762098829,0.03605538888367645,-0.7966730406855796,-0.016461806161481584,0.24856609775838792,1.3712675595533064,-0.2485660977583866,0.6719004840000415,-1.5524759879353616,-0.8745219183671434,-0.8514054392887783,-0.8975740509780755,-0.160385189783684,-0.05512479415700888,-0.15551960074812127,-0.30087362796577016
A2735,2023,-1.0280472809930006,1.0210670683481318,-0.1716803701722779,0.7646351578996667,-0.016461806161481584,0.11872391247752881,1.16592211066078,-0.11872391247752638,0.6719004840000415,-1.2043259238288575,-0.7439568894042787,-0.7021366641666694,-0.7825245538262878,-0.15522894063329537,-0.16867363099977215,-0.25382082585039706,-0.3151853405980121
A2754,2023,2.009714601059908,-1.879739639271079,-0.6461659240784456,-0.19406869805909213,0.6355699906026034,-0.47180833404022965,0.16553538575072416,0.4718083340402314,0.6719004840000415,0.416180971201341,0.05070839056946886,0.0819976439161451,0.15082229637049335,-0.1372495394483339,0.0483805344616113,-0.1780677709870747,-0.1492045447114481
A2762,2023,-1.0280472809930006,1.8178154924153478,-0.18311498745890079,0.9067465711296528,-0.016461806161481584,-0.8775651630429174,1.1138503131491686,0.8775651630429192,0.6719004840000415,0.696456400961031,0.30236582013782776,0.19533447985821623,0.30634986433114403,-0.12636732474186116,-0.218705399342653,0.11289058120925897,-0.07606255348851126
A2772,2023,2.1946862585300564,-2.0514625095908237,-1.2006109867223662,-0.2287688383668242,-0.16357499423828356,0.5943957643237552,0.058376832088963354,-0.5943957643237543,0.2233558506827886,0.7546764536981706,0.2571738407525914,0.00831114636701707,1.0263563347279088,0.9878770768486544,1.0171510676115278,0.8223942655233428,0.36471169728448555
A2773,2023,1.916696329587408,-1.7933842381874152,-0.6874470308722082,0.09870464226921802,1.2363267922062187,1.1337402262596366,-0.006659734545064474,-1.1337402262596348,0.6719004840000415,1.0870281115342966,0.27998358553325353,0.37639749230300723,0.6748811240688594,-0.1099205684281685,0.0561477449625459,-0.015099545597806466,-0.1855038412660706
A2778,2023,-0.38212454924135597,0.3407783947207376,-0.5864611508120937,0.3414447291420302,-0.016461806161481584,1.4346245209970139,0.2655922315612525,-1.4346245209970125,0.6719004840000415,-0.6897074677252062,-0.6045912104664675,-0.5850914129836843,-0.46443569582821276,-0.3068091524918968,-0.09513464025243357,-0.23670426568266562,-0.27422499832091973
A2783,2023,0.298073325955227,-0.2906987688970208,-0.23754045289682219,-0.23250319712995451,0.48325605972856367,0.046311924532433976,0.36152936359235244,-0.04631192453243131,0.6719004840000415,-0.660451159817096,-0.4806091389490819,-0.5276973099062333,-0.6433434016568673,-0.3624442183958113,-0.2145753504454691,-0.23309201877585037,-0.3537030056904794
A2801,2023,0.46085175423874447,-0.4418175071483738,-0.02707488323307278,0.36538518740985937,-0.34894274021766136,-0.2795420212204955,0.8400822237216511,0.2795420212204964,0.6719004840000415,1.1905954415290037,0.6537561899285009,0.7132115006581973,0.5012388097836151,-0.4496401935235852,-0.4095534192017347,-0.6038423987963,-0.7863481594700169
A2802,2023,1.6566351661521077,-1.5519505439027983,0.06690114872833086,0.09714513195455735,0.2843183558420217,-0.4755537816925623,0.4489030283109038,0.47555378169256407,0.6719004840000415,1.2546667558477633,0.7740437354076068,0.8851661534733682,0.8545758238233834,-0.6900257757514684,-0.611541618512727,-0.36000862481326446,-0.6383428000806988
A2809,2023,1.357663864631883,-1.2743933527571576,-0.7338682097091384,0.26981974325702024,0.05717367615359832,0.673050165022739,-0.40323990126300324,-0.6730501650227367,0.6719004840000415,-0.665132169082394,-0.5490674128701338,-0.4846448647629164,-0.4897457194081506,-1.4715186313623831,-1.5478450111929294,-1.64118692957887,-1.4112935607946047
A2811,2023,0.6470953423960063,-0.6147212938401877,-1.0611006707604187,-0.5432389419069967,0.01993132326239307,-0.06854847013909633,-0.342653676064469,0.06854847013909876,0.6719004840000415,-1.2166135731502616,-0.7458126868368155,-0.7500744871215766,-0.6693904666649312,-0.07225576910710539,0.04384278151488029,-0.24300599435521497,-0.30052521582117636
A2831,2023,0.7932484964899522,-0.750405897639282,-0.666939706544438,-0.11809919430980316,-0.09687110191150741,0.25980244071538583,0.9357682720286661,-0.25980244071538405,0.6719004840000415,0.01858774673013003,0.03040477966943124,-0.36783517921968223,-0.03317471808896265,-0.07982377462307842,0.027443973631021367,1.0813503015013315,-0.12559452526376386
A2833,2023,-0.3371008756177948,0.2989796435746227,-0.7679549600435827,0.5270464131258349,-0.016461806161481584,1.017631349037328,0.10523529029665153,-1.0176313490373259,0.6719004840000415,1.0975603823812141,0.4635056506580646,0.6047273386484218,0.5505463048701646,0.15026929532928773,0.5216689156671604,0.08973891990283847,-0.16688808905654623
A2840,2023,0.5279153275216187,-0.5040778171444543,-0.7577286940769083,0.39342163902804334,-0.016461806161481584,0.633098723397858,1.0816655430263595,-0.6330987233978569,0.6719004840000415,1.474820472856292,1.0003797678443689,1.2208022828093452,1.3404306559961794,0.28926492625918954,0.4205681115957912,0.16749233810057793,0.004855469629420934
A2841,2023,-1.0280472809930006,1.107394792627089,-0.2799124383449866,0.7398827654182447,-0.016461806161481584,0.7229894670538379,0.8152069709086247,-0.7229894670538357,0.6719004840000415,-0.3684732068941629,-0.3713944559032892,-0.37108014292156566,-0.3064373987748804,-0.40440352927137807,-0.31216215631192323,-0.3042109758248076,-0.4499686220272413
A2844,2023,0.11380992410534714,-0.11963356703189151,0.43125812331599295,-0.21511808218842066,-0.016461806161481584,0.5232322589294385,0.9852730838321175,-0.5232322589294367,0.6719004840000415,-0.5214836972535747,-0.3913767538317193,-0.4649805534901019,-0.5883336197298462,0.04761211231792433,0.32575619725775073,0.0894451139284589,-0.0014715502935124217
A2880,2023,0.8739396747677706,-0.825317387730493,0.04136422707247576,-0.5014143861642588,0.37538726459501065,0.7716802865341605,1.2929163511509105,-0.7716802865341581,0.6719004840000415,-0.3207854250039446,-0.378403811465,-0.4184607560075513,-0.3216060752199555,-0.17378243353026512,-0.054136377865092324,-0.17902646415647738,-0.5190472977154085
A2909,2023,0.5447235215030386,-0.5196820862078596,-0.24466742172944236,0.03146940446705336,2.082199215511428,0.5244807414802166,0.18020191838529426,-0.5244807414802142,0.6719004840000415,-0.028514909001927255,-0.3332165345206643,-0.25747903284501783,0.021229976500178865,-0.3186084814233185,-0.20307564499556516,-0.33692842493949077,-0.3327795258595828
A2916,2023,1.60345874155998,-1.5025830010196843,-0.8298943419933091,-0.5803596239726017,0.7659616420932606,1.2161400746109512,0.7016730311998846,-1.2161400746109499,0.6719004840000415,-0.8351113180285118,-0.6276486994844537,-0.6328614955497517,-0.5895083476828913,-0.5889407755020096,-0.6017063865735577,-0.5724907651711523,-0.5724730533834373
A2918,2023,2.835656464138771,-2.646521637461337,-0.4693858987795461,-1.1448515343059267,0.26154243751386347,0.7242379496046161,0.3691916493591504,-0.7242379496046143,0.6719004840000415,-0.19995687334345097,-0.2798300606086791,-0.2905014579467143,-0.20860988365764097,-0.1976339219506202,-0.1595876214341803,-0.18554182001046474,-0.44488722540537856
A2920,2023,0.7938720912177313,-0.7509848259839657,-0.7543372429334693,0.23070610036997435,-0.10701100249002105,0.052554337286321126,0.8274307316001704,-0.052554337286318906,0.2233558506827886,0.8611694144836897,0.3518462467292884,0.485228825784022,0.39176220667795597,0.03758800357509814,0.04964191112785848,0.09308653645141529,-0.10247041579069226
A2952,2023,1.9930090752091763,-1.864230910766612,0.42193306794126884,0.13254623706941485,0.4401965013654559,-1.129758638299972,0.5771033294300821,1.1297586382999742,0.6719004840000415,1.5662464350691336,1.2214890484015741,1.4390020897635805,2.2856290647073303,-0.24443949753064748,-0.2793863681630686,-0.208396165695969,-0.27693602141970186
A2973,2023,-0.5009185240165404,0.45106348231268695,6.784252826876245,0.16791405826770903,-0.6960250841380717,-1.8101816284737104,-2.234417806274114,1.8101816284737127,-0.6737334159517172,0.9041761871086098,0.15641817228351595,0.406972248695738,1.3236441851090903,-0.6324227428319662,-0.5781734948159793,-0.6009809370144604,-0.5500195123689687
A2975,2023,-1.0280472809930006,0.5722165295540537,-0.44482891676783987,0.03945250351713203,-0.946043674203098,0.5981412119760878,0.5369622873997842,-0.5981412119760867,0.6719004840000415,-1.481675722797736,-0.8229738300019644,-0.8350229025310534,-0.8379212300824268,-0.07665542500082469,-0.09234217391367709,-0.07397953468634605,-0.3001603806789914
A3004,2023,-1.0280472809930006,0.56695192629738,0.7532326582045912,0.5586213179650532,-0.016461806161481584,-0.39065696823969137,1.1330740509149828,0.39065696823969404,0.6719004840000415,1.3831019475643669,1.138598251241125,0.7997715964975296,0.6172206834442769,-0.11195727150540177,-0.11505947405000422,-0.19510812269382577,-0.3215351393335335
A3016,2023,-1.0280472809930006,0.42656921222380245,-0.22732920287299355,0.28433463829823213,-0.016461806161481584,0.008857448009107526,1.0111236670468255,-0.008857448009106416,0.6719004840000415,-0.7256927264521812,-0.5267687549310306,-0.5428339478233128,-0.6325145560868038,-0.2702243951890482,-0.24648553178292307,-0.2763596795680568,-0.3637643533313963
A3029,2023,0.2670258122366002,-0.26187510358528243,-0.10155126538901503,-1.8581994085220552,0.23466626001886892,0.2023722433796216,0.5128206385642013,-0.20237224337961893,0.6719004840000415,-1.5524759879353616,-0.8313784604111538,-0.8439074887693032,-0.8713769691910174,-0.1633042590582483,-0.08372543229392478,-0.11859868189726669,-0.23385855447109066
A3030,2023,-0.17874349618274832,0.15196496968331757,0.87689993549846,-1.6045021458305617,-0.016461806161481584,-1.2346311725652825,0.7012337399201468,1.2346311725652843,0.6719004840000415,-1.5910943143740663,-0.9093855069822012,-0.8809343567736609,-0.8662294299107607,-0.3357303106494703,-0.29028599957047063,-0.3920859859955598,-0.3500778335164765
A3047,2023,2.2813311309508175,-2.1319012470133307,-0.4530176118442448,-1.251695668624997,0.7031043385713,0.48203233475378116,0.31177432801103144,-0.48203233475377916,0.6719004840000415,-0.5957947193401756,-0.4924292440005611,-0.5025697061066666,-0.3635946914019372,-0.3775143090050484,-0.26243832777631504,-0.3033036802961703,-0.38119605510950455
A3053,2023,-0.2683977919132679,0.23519757366299646,0.07129110323964756,0.00993236262243377,0.3683592444950888,0.45082027098434363,0.6796482603389001,-0.45082027098434163,0.6719004840000415,-0.9111777185895954,-0.6241276214536425,-0.594177234300777,-0.6407012106315231,-0.08637387536385925,-0.04101099920317567,-0.1863642329821279,-0.27991521082726856
A3094,2023,0.27469575258445145,-0.2689956671045065,-0.5025920280025261,0.20316497143541867,0.006513644114338301,-0.45183261322779006,-0.0837295382069845,0.4518326132277914,0.6719004840000415,0.005129845092400448,-0.12052923672851759,-0.21119040601755065,0.03562133216952332,0.05898055319502128,0.024796014855335505,-0.19988451769602872,-0.20904428748846635
A3151,2023,-0.44781615409532066,0.40176468976714796,0.45016728940732853,0.5078212224069912,-0.016461806161481584,0.859074065088586,0.7687805601183825,-0.8590740650885844,0.6719004840000415,1.1756747244958683,1.0855429560306706,0.6775191141820562,0.21082939174567464,0.06828422776884123,0.2911152146021282,0.11060662761535824,-0.0643037964331324
A3195,2023,-1.0280472809930006,1.3079483684626743,-0.29673260339951574,0.7343088833079552,-0.016461806161481584,-0.013615237904886569,0.6584677703878433,0.013615237904888788,0.6719004840000415,1.3754953075082568,1.1994206012421762,0.5778934255806731,0.7520448586692906,-0.022129752453991892,-0.143144396326137,-0.08164341340150202,0.013603415993292041
A3224,2023,0.013614616054864678,-0.026615057605900973,-0.030089951837426108,-1.3105689784014263,1.679324508770186,0.7429651878662793,0.9955351323774714,-0.7429651878662782,0.6719004840000415,-1.4527119779687074,-0.7974129995389819,-0.8003649111574349,-0.8695198525882695,0.03230352884557418,0.08689488611244928,-0.028479168711447265,-0.09648057956274225
A3229,2023,-0.0915806569421437,0.07104536598620192,-0.43548242780933705,-0.9192622629370978,-0.3046912894701651,0.2672933360200511,0.19073320236117308,-0.2672933360200489,0.6719004840000415,-1.5097617783895214,-0.845378079113971,-0.8599652809233996,-0.80386073658314,0.08781829574680344,0.24721607289964714,-0.04009686602505309,-0.109670345268666
A3235,2023,-1.0280472809930006,1.12690186827911,0.41243759827957177,0.7281675173256374,-0.016461806161481584,0.050057372184764845,0.7721380602598137,-0.05005737218476396,0.6719004840000415,0.928166359593261,0.23933146330249253,0.37184808846879336,0.1307876594270548,-0.08326772498062515,-0.11442354363870243,-0.1475390895549941,-0.2606871874196855
A3236,2023,0.9562579881858826,-0.9017394657266111,-0.7927773867319314,-0.9652222417321773,-0.08804851405508682,0.8940315765103561,1.0439600310943515,-0.8940315765103546,0.6719004840000415,-1.1557604527013943,-0.7258158556420164,-0.7093660302507562,-0.6507310797354263,-0.1454210884702786,-0.1820398707711339,-0.26068425253524213,-0.20168197955741263
A3247,2023,-1.0280472809930006,0.8302413180029296,-0.15640126540144753,0.6407021493072304,-0.016461806161481584,-0.9062802617108004,0.01575249056721128,0.9062802617108018,0.6719004840000415,1.5583472319339435,1.730820444073142,1.6045171405159921,2.4889403132366934,1.1857617674789773,1.6781456627871318,1.4830041125018345,1.1556462503972882
A3250,2023,0.3919560170419304,-0.37785689984987014,-0.7223064521076218,-1.992075538338292,-0.009567005706234049,-0.6266201703366391,0.338468461303093,0.6266201703366417,0.6719004840000415,-1.6601392010372051,-0.9174979110598275,-0.9002014832202649,-0.8992709449616751,-0.40609962659192317,-0.36020962479702107,-0.4396256010870442,-0.5105183097535668
A3266,2023,-1.0280472809930006,4.5656854356567855,6.72261596724372,2.2721498491029832,-0.016461806161481584,-0.5204991535205522,1.3292778432216183,0.520499153520554,0.6719004840000415,1.6393872048394087,1.1260653465021027,1.9642311094402218,2.717122423312243,-0.4046125340201065,-0.32376382104357443,-0.34429243392234715,-0.09158253941979425
A3272,2023,0.3000891573738156,-0.29257021182996734,0.03854596456069272,0.2936098024163951,-0.016461806161481584,0.16366928430551878,-0.15456591949622908,-0.16366928430551633,0.6719004840000415,0.6724662284763794,0.062059417165499425,-0.07220892161719016,0.44119316371496636,-0.11340982085994657,0.011472563935574385,-0.0893116817767578,-0.2605638548624847
A3273,2023,-0.6804907554815576,0.6177734464643221,-0.06533727821466974,0.298442392318578,-0.32031348086783057,0.6056321072807531,0.5821385717751567,-0.6056321072807518,0.6719004840000415,-1.097832963043335,-0.717907523651991,-0.6968415421204214,-0.753779368796741,-0.14086777488552324,-0.0273392605721171,-0.055937866896916454,-0.22883176047287537
A3280,2023,0.5129689911433277,-0.4902021800708074,-0.09576873655970404,-0.06980595772061851,-0.031147476100904833,-0.3794206252826952,-0.17717166471888338,0.37942062528269654,0.6719004840000415,-0.43254452121292236,-0.3935694631297264,-0.37976369360261675,-0.3753522807941745,-0.49149780133765136,-0.49898436362999615,-0.3613893034285215,-0.4330044647979046
A3283,2023,0.23754922986299676,-0.23450992337018717,0.37134675642261045,-0.4113929238398173,-0.3406904044328136,-0.5042688803604453,-0.13760510777181836,0.5042688803604466,0.6719004840000415,-0.5723896730136853,-0.5165399669780092,-0.3591214730676671,-0.606133132903112,-0.1628083578794523,-0.15044400984635928,-0.22127344319063505,-0.2116576866037471
A3287,2023,-1.0280472809930006,0.9456473692182844,0.6771264863945767,0.6694764404450808,-0.016461806161481584,0.3072447776449303,0.8958448673207434,-0.30724477764492897,0.6719004840000415,0.021220814441857923,-0.24384593082161704,-0.2634451348237025,-0.3133743084212668,-0.08107745380311379,0.08130411648605082,0.4068638491081132,-0.0916409109906022
A3289,2023,0.9113979042410797,-0.860092586778435,-0.6105003760140646,-1.772692957817069,0.27770562993281084,-0.11224535941630992,0.9660178152188564,0.11224535941631125,0.6719004840000415,-1.4023911283667585,-0.7674389605160489,-0.7894484772150989,-0.8493284040809117,-0.28381127497918596,-0.3406468861117278,-0.27054033452001286,-0.36836930382708605
A3299,2023,0.05156901168958842,-0.061850981307397426,0.3540135924621851,-0.043128829541333576,-0.016461806161481584,-0.682801885121627,0.051243129309693,0.6828018851216292,0.6719004840000415,-1.4295994947213009,-0.8161691855575508,-0.834666530889057,-0.79497332846991,-1.2205705722947433,-1.1922959936736715,-1.2871615394914377,-1.346213315298471
A3302,2023,0.08882856617095096,-0.09644177368868856,-0.902242614340061,0.13740430781228627,-0.13559919739546814,-1.1547282893155224,-0.4015751123866111,1.1547282893155246,0.6719004840000415,-0.46560414914908577,-0.2950595367066523,-0.3887382886142891,-0.25729199981846773,-0.2402786704337479,-0.1968277481377481,1.0046765024144868,-0.4013139457495985
A3317,2023,-1.0280472809930006,0.9190042354822258,-0.050911545029785135,0.6401118086377283,-0.946043674203098,-0.3120025675407094,0.6661839065384508,0.3120025675407116,0.6719004840000415,-1.0638956458699302,-0.6433431075981558,-0.661171050365839,-0.7334014445761978,0.09940708648937589,0.20447127402104673,0.18005029888291516,-0.13891751978626596
A3318,2023,0.03721124727046876,-0.04852152672954751,-0.2207399485983302,-0.2814076286268199,1.0326433265469712,0.03257861647387976,1.0037624594637713,-0.03257861647387887,0.6719004840000415,-0.45858263525114035,-0.5095850723619524,-0.41342120851692243,-0.40308162563915106,1.0752304556519292,1.2920618718103816,1.2670893327822377,1.1312429307334992
A3319,2023,1.319813144739438,-1.2392541617445891,-0.17304934941338837,0.22860375837874852,0.040971031659221356,0.12122087757908331,0.4789239897435757,-0.12122087757908133,0.2233558506827886,1.5448893302962134,1.2501223356277014,0.988214139289203,2.2476061318384595,0.3813968167676518,0.5143512417049724,0.5567990946764142,0.24661834264589083
A3320,2023,-1.0280472809930006,0.814368524583313,0.6278381701860614,0.5716048075755076,-0.016461806161481584,0.7966499375497109,0.20980658110268313,-0.7966499375497094,0.6719004840000415,-0.24852234447091054,-0.219174932504892,-0.28767789853992515,-0.3409282911715335,0.15406083118069258,0.17790630703183583,0.12610335382479537,-0.048471825928517426
A3324,2023,0.16655757348963138,-0.16860312972139468,-0.6671114919076176,0.4810772501795044,-0.016461806161481584,0.9202497100766847,1.428640942430989,-0.9202497100766833,0.6719004840000415,-1.3312983001500516,-0.7615812398414816,-0.7869509206230151,-0.7634619562091196,-1.7901020466701891,-1.8239414968878573,-1.903486120582843,-1.6596610826500773
A3325,2023,-1.0280472809930006,0.604364352440532,-0.30867419368621724,0.01862616306103917,-0.946043674203098,0.9190012275259065,0.913558631752794,-0.9190012275259045,0.6719004840000415,-1.4199449131116246,-0.799230430562412,-0.7899812268474395,-0.8107323571006131,0.5126661838216189,0.5081294476477958,0.4317302683742549,0.2572231392369555
A3327,2023,-1.0280472809930006,0.5184622272648541,1.7032378845491365,-0.14155358309902372,-0.016461806161481584,-0.6515898213521895,0.1382142480659686,0.6515898213521917,0.6719004840000415,-1.224512776285452,-0.7989622228782555,-0.7488339098298177,-0.7336145535701235,-0.3385776721318595,-0.27567593816781055,-0.3103100180608714,-0.3540614941559349
A3336,2023,-1.0280472809930006,0.9633983618791853,0.211814624773793,0.6790742928248631,-0.016461806161481584,0.6393411361517469,0.963831434279379,-0.6393411361517443,0.6719004840000415,-0.671861119901259,-0.6116363275165757,-0.5727558497330532,-0.559769104726449,-0.791154799344362,-0.813575478345658,-0.7959650294774863,-0.8300489760291023
A3361,2023,0.39890164392207844,-0.384305030492083,-0.04638362651491738,0.4118192203277757,-0.10881733853946891,-0.8076501401993771,0.3939198554002232,0.8076501401993793,0.6719004840000415,1.636754137127678,1.6733067074919032,2.037342486791172,1.534286282318293,0.046585116715766914,0.13348096717716532,0.006303200572229802,-0.021653731997912536
A3365,2023,0.7989933667253069,-0.7557392785477792,0.004680171820985464,-0.39033967269943576,0.2305238145337446,0.2435721675552789,0.8724483700600669,-0.24357216755527647,0.6719004840000415,-0.2511554121826419,-0.3056630765886031,-0.36565404960990117,-0.22319625801123733,-0.25372887454712534,-0.28726826410813955,-0.26336346771164487,-0.34787390517050776
A3367,2023,0.9128073522909188,-0.86140090201162,0.5819738690156984,-0.0327377565193043,0.08432155838281433,0.30349932999259766,0.9032412188296087,-0.30349932999259654,0.6719004840000415,1.7678223965560087,22.676083572209766,20.45694427567241,19.747836945903227,28.245269542634205,27.120045382272433,26.142531648089804,31.541199215924983
A3378,2023,0.36426389182534435,-0.35214814532599703,0.12232779709364654,0.03097926081608535,0.8843017779317021,-0.4805477118956731,0.2863477216316307,0.48054771189567397,0.6719004840000415,-0.09580441719057917,-0.24850241135593884,-0.2930827834471768,-0.319539231027374,-0.37537224444954287,-0.40881134405101155,-0.44700870703654816,-0.3823910604737128
A3379,2023,0.813048343304221,-0.7687875356335598,0.26005015923405067,-0.15735046135807462,0.6015245674326505,-1.9724843600747852,0.17900962990965016,1.9724843600747874,0.6719004840000415,0.03263077452602068,-0.19130683207663823,-0.3043076817355679,-0.0761273320660434,-0.15117207868678934,-0.1261784384415652,-0.011330718733163523,-0.4604001382354445
A3380,2023,-1.0280472809930006,0.8005271277004278,-0.3487603808837244,0.5266419652019522,-0.946043674203098,-0.027348545963439008,0.24620381309490702,0.027348545963441228,0.6719004840000415,-1.0717948490051206,-0.7015733044259436,-0.6841914367127689,-0.7323801281439506,-0.10914544797812827,-0.06770017408186861,-0.12656620487510684,-0.22331072252976095
A3391,2023,-0.08809813691870963,0.06781228933772718,-0.5705166725688247,0.2852598897464317,-0.016461806161481584,-0.1958936903184027,0.49404245325667,0.19589369031840403,0.6719004840000415,1.125939001052083,0.7773161358538666,0.468820131116003,0.5981574036212285,2.0629790435586197,2.3400068782014394,2.32676663602231,1.284513031812063
A3454,2023,-0.09502039819844901,0.07423872799351913,0.008393286774129318,-3.2015659025259344,1.184092872430615,0.47703840455067037,1.5168309040916015,-0.47703840455066926,0.6719004840000415,-1.6858847519963416,-0.9353063919472453,-0.9249495654691801,-0.9423519604909135,0.03375473961086455,0.09493163500046574,0.06739095995351194,-0.11971378677030334
A3457,2023,2.6639866350882406,-2.4871482691703717,-0.6414586660740074,-2.1457207954102384,0.7265849490267796,0.16242080175474063,0.17011790532918794,-0.16242080175473886,0.6719004840000415,-0.9272686879390563,-0.694361748926752,-0.6446196683771787,-0.525854250149188,-0.02763642940853832,0.03260102881162112,-0.07017611385635271,-0.15272775318340917
A3458,2023,2.280490539187651,-2.1311208645368174,-0.8032561278498166,-2.6773433189543523,0.4230850909059971,0.6118745200346403,0.9523636125917578,-0.6118745200346394,0.6719004840000415,-1.2171986993084225,-0.7331841484686372,-0.7513348734267319,-0.6995571382205901,-0.020587908933508786,0.05193963618380178,0.045561264428530236,-0.1442404036102058
A3466,2023,1.1311302002893853,-1.0640860600360516,-0.6717429287573425,0.19845377805879255,-0.09263031694753052,-0.8575894422304778,1.3014126461664843,0.8575894422304792,0.6719004840000415,1.3380472333858762,1.8901378864955902,1.120348839513428,1.4291039510115158,0.23752497570487574,0.4281025272746564,1.5910748083833213,0.08993475148671558
A3473,2023,1.0593448097134084,-0.9974424604555473,0.7084090029890469,-2.4515848658519546,0.5339598601746958,1.1337402262596366,1.1266969227960804,-1.1337402262596348,0.6719004840000415,-1.3687463742724324,-0.7994219131661485,-0.7748213783612858,-0.7789673643802654,-0.5624298929104552,-0.5119357636866183,-0.4961491815808848,-0.5641170108579745
A3476,2023,-1.0280472809930006,0.6281167933070373,0.18381317649847886,0.4936851563414359,-0.016461806161481584,-1.7714786693996076,-0.32496674055853697,1.7714786693996099,0.6719004840000415,0.1642841601125162,0.012666643748918566,0.05698740371252487,-0.3597516465883396,0.07023397139732027,0.1878227762923393,-0.00444890300892817,-0.14117730463500916
A3477,2023,1.6495484597957284,-1.5453714389209943,-0.9390336750186373,-0.3878344019672409,0.0700452103322926,-1.3032977128580447,1.067208877455778,1.303297712858047,0.6719004840000415,0.01741749441380467,0.07194120628405659,-0.3364325103769835,-0.019472315449806484,-0.1621693933276723,-0.054639779943932695,1.5209050533068407,-0.18255829830600537
A3504,2023,-0.10671645451931429,0.08509706530590383,-0.5427862119957185,-0.9090717911134429,0.5058203384243308,0.4246021374180151,0.15256177789043912,-0.4246021374180142,0.6719004840000415,-1.5173684184456298,-0.8555549845697608,-0.8451814002804147,-0.8433652681907715,0.024857879190973094,0.1277532452505116,-0.030945309090554447,-0.1367834744767392
A3507,2023,-0.5535770368260855,0.49995057216719446,-0.6288709162971221,0.582628344066009,-0.229732373375769,-1.18594035308496,-1.0630866915163695,1.1859403530849622,0.6719004840000415,0.9612259875294243,0.7094809242377369,0.38104729414507155,0.5733464780752022,-0.09150775488373682,-0.058595109974773886,-0.2626913239670042,-0.2607390737005814
A3509,2023,1.4513879922166697,-1.3614046631179562,-0.7411713794783754,0.016709851922970254,0.5711767815015772,0.8440922744792554,0.3097784925600771,-0.8440922744792532,0.6719004840000415,0.3538650353570675,-0.20845099814406862,-0.11758075188030956,0.07812377636090082,-0.1710988939512362,0.09847455199494687,-0.12328121093484948,-0.19368254830069012
A3521,2023,-1.0280472809930006,1.365687765819399,0.6267615773705535,1.2823596437192915,-0.016461806161481584,0.2897660219340452,1.3925475711424822,-0.2897660219340441,0.6719004840000415,-1.3076006907444844,-0.8272173008168999,-0.7882263541629063,-0.7542196572827468,-0.199322414349203,-0.09216437122806162,-0.1868332679660206,-0.3617806379422758
A3527,2023,-1.0280472809930006,1.479155627584115,0.22367365268333858,0.8174656414218612,-0.016461806161481584,-2.3782411890774733,-0.35954401832261024,2.378241189077476,0.6719004840000415,1.026174991085429,0.5162958078411654,0.3849044260188588,0.21487731307826147,-0.24717794211032018,-0.03175265425648946,0.25811214361315094,-0.08304663939605099
A3531,2023,-0.1863307490961684,0.15900876844266007,2.242789061412283,0.3472234247305913,-0.016461806161481584,-1.169710079924853,-0.2127684978134595,1.1697100799248543,0.6719004840000415,1.1786003552866797,0.6481140634173768,1.109731332830555,0.28040869510262456,-0.13208811144895385,-0.07527804931571531,-0.26572128613737434,-0.45251029248431135
A3539,2023,-0.4553357668199725,0.408745386031343,1.329171189148075,0.5470982465110265,-0.8517480104112591,-0.2970207769313788,-0.0786870644167421,0.29702077693138146,0.6719004840000415,1.763726513448875,9.117026296715528,11.994061443555566,11.06158031511333,5.4061386751494425,6.621462313400752,6.444311072565831,4.559115897037765
A3547,2023,-1.0280472809930006,0.7416993153693785,-0.5111702639290346,0.4149678650239138,-0.946043674203098,0.0338270990246579,0.8915164956748494,-0.033827099024656346,0.6719004840000415,-1.2800997613108605,-0.7438688782253435,-0.7317877855702981,-0.8167923593482481,-0.05976091082464441,-0.033636061614448,-0.15657730019455834,-0.2434646863714839
A3554,2023,0.025531926727308002,-0.037678763941665715,-0.8136431293700384,0.3094260847844798,-0.6672210950817916,-0.7939168321408246,0.4848748332002908,0.7939168321408269,0.6719004840000415,0.11484099974781169,-0.002090135362316834,-0.28889642124443926,0.05853782986644059,-0.22370807746462923,-0.14828413996617143,1.170023121313206,-0.09984052889964276
A3555,2023,-1.0280472809930006,1.3699638773974254,-0.3564731217434032,0.7954448779267723,-0.016461806161481584,-0.4580750259816772,0.36865747567921553,0.458075025981679,0.6719004840000415,0.4869812363389655,0.1404060141024278,-0.05380154054607108,0.03759548578877887,-0.20470452235718162,-0.32768814751124636,-0.22206845878462655,-0.3582079697412677
A3560,2023,0.8429653830216964,-0.7965616997018778,0.22497621203026164,-1.9810181655010766,1.503638143673133,-0.5292385313759956,0.41992246440281544,0.5292385313759965,0.6719004840000415,-1.1235785140024723,-0.7100576474456094,-0.6679286949374454,-0.7756573967787745,-0.08741839840449545,-0.06670957696097185,-0.20182649976837583,-0.2229777257259824
A3563,2023,-0.07188223388093477,0.0527578286596462,0.07818023321957658,-0.3833630323296697,0.05373157399874056,-0.7914198670392701,0.13250615530040516,0.7914198670392719,0.6719004840000415,-1.050730307311281,-0.6264795733855352,-0.6242959705680172,-0.747043578459458,-0.34595651649306797,-0.2518815322871874,-0.24581836126037512,-0.4528199710199628
A3566,2023,-0.13679115438747688,0.1130175592752149,0.407387264152007,-1.1110434996373684,-0.27143741653287135,-0.2158694111308423,0.3663160514352588,0.21586941113084407,0.6719004840000415,-1.3781083928030282,-0.7966762399165946,-0.7940829426189601,-0.7995875151274405,-0.18253279772670009,-0.08509489752832239,0.00795271350119358,-0.2734233607488423
A3578,2023,-1.0280472809930006,0.3707793686667487,0.41230274252666643,0.45427168199024476,-0.016461806161481584,-0.0011304123971122696,0.06301950728812479,0.0011304123971136002,0.6719004840000415,0.35357247227798705,0.012991230671170499,-0.029107928218585162,-0.22671454964063564,-0.1946054676930232,-0.18730674454236454,-0.06041266683787843,-0.42091190665856215
A3579,2023,-1.0280472809930006,0.6976336468684429,-0.1580936488189215,0.5873826960481375,-0.946043674203098,-0.9786922496558953,0.2530639190245561,0.9786922496558971,0.6719004840000415,0.3951164295075014,-0.07246957474858635,-0.02480033550469859,-0.02505760879396481,-0.47168202426809064,-0.4050101726864492,-0.4642583873202537,-0.6623108402054586
A3588,2023,-1.0280472809930006,0.7274026347727169,0.7181900924847981,0.37448909818138937,-0.016461806161481584,-1.129758638299972,0.18911450937510624,1.1297586382999742,0.6719004840000415,-1.105732166178525,-0.675497766994091,-0.6550104869645635,-0.6666851051913945,-0.17615941037686814,-0.14017035879371006,-0.17326614016299616,-0.4727744507339058
A3591,2023,-0.36262577351183156,0.3226761667962699,1.0151110548087445,0.22280082491733735,-0.016461806161481584,1.0937887846347556,0.6239449884193069,-1.0937887846347534,-0.2251887826344643,-0.32429618195291715,-0.5139180841697454,-0.445558633967689,-0.3146375822861469,-0.23924469573902407,-0.16267720766785929,-0.3061612701988472,-0.3930650200890638
A3596,2023,-1.0280472809930006,1.239295277358329,0.5974975732590173,0.7378879401450461,-0.946043674203098,0.003863517805998515,1.6997140615176756,-0.003863517805996297,0.2233558506827886,1.2935776453655496,0.6531758039439006,0.9451784931965114,0.8347321784610932,-0.3334509572559281,-0.29903177743007586,-0.27111545571057855,-0.36130449353226307
A3597,2023,-1.0280472809930006,2.7178856982731827,2.239310018107607,1.2251508750398732,-0.016461806161481584,-0.05856060973287653,0.8597632862816259,0.05856060973287875,0.6719004840000415,1.348872067311878,0.5039363154326348,0.6204180677526154,1.6800831116665629,-0.06372972545205356,-0.041402782570823485,0.28016396540856947,0.29273255270089615
A3599,2023,-1.0280472809930006,0.742103168010837,-0.07805406823639359,0.5789684943194179,-0.016461806161481584,0.2048692084811761,1.505956616511388,-0.20486920848117388,0.6719004840000415,0.1420493661023515,-0.08697964825834638,-0.13755569823470892,-0.226147745827576,0.012884032288300224,-0.0653934903287739,0.0013473419741518652,-0.368794741066853
A3613,2023,-1.0280472809930006,0.1775192535839596,-0.7234883162664789,0.512062781101984,-0.946043674203098,0.23108734204750284,0.3152619777635955,-0.2310873420475015,0.6719004840000415,1.064500754445051,0.5497879142579841,0.2962157912511882,0.6142902226475456,0.11121789689493916,0.31821075696119144,0.16086287875436328,-0.19019938306921258
A3617,2023,-1.0280472809930006,1.0611060509731445,-0.5809079962991103,0.6985690004033471,-0.016461806161481584,0.9889162503694469,1.3898342082746988,-0.9889162503694446,0.6719004840000415,0.40126025416820543,-0.03825602738180117,-0.11929721292238483,0.11630374253659814,-0.1389626224999021,0.014617082924328981,-0.1010690775531518,-0.14704879409455798
A3621,2023,-0.24906664615729138,0.21725106495339847,-0.31070273286418404,0.27762986261624584,-0.30407995308811636,0.3784082830392488,0.5023434820984499,-0.37840828303924656,0.6719004840000415,-0.4594603244883818,-0.38777763743285676,-0.4944735046505868,-0.5015432184378553,-0.10991323585757144,-0.08981612778082168,-0.061993971666848204,-0.24140645398734265
A3623,2023,-1.0280472809930006,0.8803500028027004,-0.49979436609041056,0.6441703748453915,-0.016461806161481584,-0.08353026074842691,1.1087846448196363,0.08353026074842868,0.6719004840000415,0.18534870180635554,0.11971591038274222,0.004491061684620205,-0.22895292458563807,-0.11784448332863623,0.06292299156962362,-0.15520781600334826,-0.24472724074165164
A3630,2023,0.10033282563238742,-0.1071218792454101,-0.9310128788022005,0.2371671853018527,-0.7199532837618255,-0.4955295025050019,-0.30191334354913946,0.4955295025050041,0.6719004840000415,-1.3430008233132948,-0.7946114986204459,-0.7944969271395175,-0.7606155252030417,-1.3790212164237385,-1.3165568027063204,-1.4996744581992085,-1.3545667203527871
A3631,2023,-0.2839707264452509,0.2496550615294788,-0.1343156145789637,-0.1398306915673737,-0.4444167376309789,0.2123601037858414,0.5525674325313841,-0.21236010378583894,0.6719004840000415,-1.1747770528416668,-0.6979651949366555,-0.7492687267759164,-0.7710286970458566,-0.18897893240139135,-0.08645504978393928,-0.20741802062770442,-0.3153309449121262
A3632,2023,-1.0280472809930006,1.6562788792391636,0.8338274230006644,1.1762460982741638,-0.016461806161481584,0.4270991025195714,2.049012147152275,-0.4270991025195692,0.6719004840000415,-0.3588186252844863,-0.4349032541699866,-0.3254325950981912,-0.3777243627871689,-0.2404735562136435,-0.21732940218377214,-0.07620371637400229,-0.28477948937612274
A3633,2023,0.10638685668692932,-0.11274227663002567,0.1736557983552636,-0.5139718830749637,0.8752013084354845,-0.11723928961941893,1.2576669079836624,0.11723928961942115,0.6719004840000415,-0.8699263244391614,-0.5986784901045368,-0.5585725101201832,-0.6543494508497897,-0.014033798343477288,0.0940583293339451,0.21713479532971852,-0.14284463989259535
A3644,2023,-1.0280472809930006,0.4340839553346009,-0.0783851204429929,0.05885675065848339,-0.016461806161481584,-0.6915412629770704,-0.06098240538466258,0.6915412629770717,0.6719004840000415,-1.081156867535713,-0.628091907301072,-0.6844217051112889,-0.7118835151429266,-0.05119606072122693,0.04501202227893721,0.10201791631834194,-0.12441519525278236
A3664,2023,-1.0280472809930006,0.5066294182212535,-0.34760053948193265,0.3756399482922703,-0.016461806161481584,-1.3432491544829257,0.15166080455443398,1.343249154482927,0.6719004840000415,-0.5870178269677402,-0.4486791590495519,-0.45684183507475923,-0.5460970386973218,-0.07551691565183913,-0.057992136461249566,-0.07895353315024645,-0.226271307340744
A3667,2023,-1.0280472809930006,0.7544771528673453,0.11351039277090867,0.6292613208918486,-0.016461806161481584,-0.48429315954800395,1.143049240080917,0.4842931595480066,0.6719004840000415,1.1587060659091657,0.7865609780527624,0.6103299534335639,0.6498699921344595,-0.20479116779840886,-0.2676304702874485,-0.3042295634509376,-0.4346020864935717
A3669,2023,-1.0280472809930006,1.6857081906708304,-0.23172837770937554,0.8927715384529475,-2.0638346097971754,-0.3694327648764754,0.8283883384601112,0.3694327648764763,0.6719004840000415,0.04287048229386156,-0.19919468207804428,-0.14817538018117152,0.077838601484438,-0.37480263441340517,-0.4357656781646157,-0.4524879644089089,-0.526117675758064
A3671,2023,-1.0280472809930006,1.1969950334968804,0.1036007350805247,0.7397473509776209,-0.016461806161481584,-0.570438455551653,1.5643323810705672,0.5704384555516543,0.6719004840000415,0.24386131762257582,-0.10247773772341669,-0.05430696011987286,-0.26990294959613126,-0.8331605652033138,-0.8616766323191991,-0.8122003766028066,-0.7438088989103653
A3675,2023,-1.0280472809930006,0.9608455029689167,-0.5319565040124133,0.7017224098095327,-0.946043674203098,-0.07354240034220712,1.0556105023016245,0.07354240034220866,0.6719004840000415,-1.4702657627135731,-0.8002018761245616,-0.8165530582259328,-0.8359976191257846,0.11519343235084994,0.1653639487882017,0.09131898208639219,-0.0946648838058502
A3677,2023,-1.0280472809930006,0.8356845308437466,-0.6248480288705842,0.5530876942019761,-0.016461806161481584,-0.71151698378951,-0.3042903016126186,0.7115169837895118,0.6719004840000415,-1.2944353521858352,-0.732295585248457,-0.7286744918151165,-0.7440090473607383,-0.10371354563468323,-0.009509761100358526,-0.13798453635140856,-0.22871846317253358
A3692,2023,-1.0280472809930006,0.6048453874227205,-0.61077499898138,0.5918443291043074,-0.946043674203098,0.38465069579313593,1.1609449770761706,-0.38465069579313416,-0.6737334159517172,0.8746273161214193,0.3635789180397137,0.394842813067117,0.33387328169163605,-0.22722044485644838,-0.13296139305296836,-0.23669735741157194,-0.2315330389690557
A3694,2023,0.1348112466523642,-0.1391307053615185,-0.4301804126773814,0.29918879450557617,-0.1961099340199614,-0.38816000313813687,0.5836859037191137,0.3881600031381391,0.6719004840000415,0.11454843666873103,-0.08978738971408422,-0.1442909518600148,-0.17600589408474374,-0.25035068049224457,-0.2224562444282977,-0.4610842648994227,-0.5247153716895235
A3696,2023,-1.0280472809930006,0.47608672113426936,-0.7588656363777768,0.4927821402067911,-0.946043674203098,0.5569412878004305,0.875554087557527,-0.5569412878004292,0.6719004840000415,-0.1312045497593933,-0.33405562538255246,-0.31013229067241743,-0.05442793998571717,-0.09714699675328493,-0.014766529417294796,-0.09615607743800797,-0.3842863967146838
A3698,2023,-1.0280472809930006,0.9594963062284364,-0.19334045125346164,0.6737169633335416,-0.016461806161481584,-1.23088572491295,0.15957938718667605,1.2308857249129521,0.6719004840000415,0.047258928480075624,-0.014486878146683422,-0.06630244050554787,-0.16527996264516467,-0.18785337416486306,-0.31211293479169394,-0.3638565352570101,-0.3014470680030668
A3702,2023,-0.43548952281709935,0.3903209813399737,-0.1307612273131822,-0.18330943034180203,-0.052152667450122564,-0.501771915258889,0.5704269082936213,0.5017719152588916,0.6719004840000415,-1.2944353521858352,-0.8049552433487671,-0.7785443923336253,-0.7941754427787369,0.13561288794805032,0.23126342449956205,0.04356506875058928,0.011915696661152523
A3712,2023,0.26168704006858046,-0.2569187330513577,0.30132107809003267,0.24247521040224843,-0.016461806161481584,-1.5043034035332223,-0.0926329112930246,1.5043034035332246,0.6719004840000415,0.44338933755588433,0.0780559821029785,0.07641435482751774,0.047548562441806205,-0.5581947320831022,-0.46787059749751225,-0.350844887148322,-0.5990468711070657
A3714,2023,0.9290466083381191,-0.8764773065870008,-0.6477929005541276,-0.20425260977471058,-0.03569169259299605,-0.4068872413998001,0.12099001382874565,0.4068872413998014,0.6719004840000415,-0.46940746917713877,-0.36748572696726467,-0.3793861601027879,-0.43871319468315473,-0.41133723252928445,-0.2303437997495098,-0.315033071139567,-0.5135896934963086
A3715,2023,0.1400684243704485,-0.14401132583257029,-0.7621062959914371,0.2586009227083421,-0.08170425165064511,-0.7801835240822722,-0.07762184877440453,0.7801835240822744,0.6719004840000415,-0.14290707292263646,-0.10451061693074583,-0.29985980304938736,-0.19188590473452583,-0.12256423747786192,-0.04935073113988151,-0.24039666967928325,-0.2792214690295505
A3717,2023,-1.0280472809930006,2.207178300038697,1.2138758476360136,1.2539989846565747,-0.016461806161481584,-1.0261345865854397,0.42305866337500575,1.0261345865854419,0.6719004840000415,0.5466641044715111,-0.04200948004668061,0.16544248521526467,-0.1463594026893563,-0.3280581632497009,-0.1619193018722485,-0.19886976523473643,-0.21429689544339386
A3720,2023,-1.0280472809930006,0.4794158384470017,-0.588403859817824,0.47629410277578493,-0.946043674203098,-0.48429315954800395,0.5909217413506295,0.4842931595480066,0.6719004840000415,-0.2172180950092338,-0.32798501146761666,-0.18354809657526402,-0.2292033322088634,0.01784768469448145,0.05644830806339059,0.09612042965102081,-0.1427306364772338
A3722,2023,-1.0280472809930006,0.44485033999804957,-0.2572183853152422,0.46847321102862594,-0.016461806161481584,-1.1497343591124134,0.7443045858963839,1.1497343591124143,0.6719004840000415,0.7982683524812516,0.44523994994791133,0.3012471211960785,0.30711939927372883,0.6305386675442736,0.5647407700916407,0.784568992917232,0.2813000757994163
A3723,2023,0.5102142415859259,-0.48764461153293276,-0.8159326713389832,0.2606676329548653,-0.016461806161481584,-0.5130082582158869,0.3510871454588517,0.5130082582158891,0.6719004840000415,-0.4372255304782206,-0.5087166249357046,-0.3367871008499913,-0.4583418882415198,-0.940556852827305,-0.8263851692694938,-1.0051249398099231,-1.0055838903445768
A3724,2023,-1.0280472809930006,0.34085149414783816,-0.8934742261216937,0.4927317309555645,-0.946043674203098,-0.892546953652248,0.6358124398273276,0.8925469536522493,0.6719004840000415,0.49956144873945363,0.10323451947055212,0.10617353604138438,0.05508823632265572,0.05397127603425885,0.32001490798345666,-0.19395684366159782,-0.08063188259512623
A3730,2023,-0.39182761939538807,0.3497864605243561,-0.5068038219329944,0.5226325652776771,-0.6752341228015497,0.18364500511795837,0.4271454948314799,-0.18364500511795637,0.6719004840000415,0.7856881400807669,0.37026968240014235,0.5639718742219839,0.027903565609101354,-0.13198484147177517,-0.17020670058104545,-0.2312008013605409,-0.23263188490204625
A3731,2023,0.18766773881151666,-0.1882012316959318,-0.20645662261935618,0.4508755485867146,-0.503770207155164,-1.3370067417290386,-0.35712867229455775,1.3370067417290394,0.6719004840000415,1.202590527771331,0.7832262870142814,0.5628484702189063,0.5986407862750229,-0.30949790474529976,-0.2413649669629664,-0.1509953176758522,-0.0870628904033535
A3738,2023,-1.0280472809930006,0.7845430529689382,0.4799233093375916,0.5850103538208895,-0.016461806161481584,-1.3469946021352583,0.9384201918315133,1.3469946021352597,0.6719004840000415,0.10313847658456828,-0.0306061451033112,0.02492098722060584,-0.27159026639209277,-0.12264225207699375,-0.15687393279692619,-0.06340476648268567,-0.2056485048728795
A3739,2023,-0.007783204844043605,-0.006749950117199308,0.6810845648555632,-0.7527546365651787,-0.016461806161481584,-0.287032916525159,0.6465401083644158,0.2870329165251612,0.6719004840000415,-0.15431703300679944,-0.25793632728192545,-0.22948784271787734,-0.26750732595863663,2.648415509788969,2.3716352746767,3.718756158726416,2.467352132197961
A3747,2023,-1.0280472809930006,0.9047283591751538,0.2543478834790243,0.63581169234679,-0.946043674203098,-0.97120135435123,0.1787584604097308,0.9712013543512318,0.6719004840000415,-0.19615355331539422,-0.3278259655916237,-0.28113486479336436,-0.3040753795930127,0.4783293185105664,0.6312630641618535,0.5571422112432345,0.1453930087277236
A3759,2023,-1.0280472809930006,0.9958000061641801,-0.3795275074851658,0.7014764402850542,-0.016461806161481584,0.7292318798077269,0.9567381146080691,-0.7292318798077255,0.6719004840000415,-0.6385089288860153,-0.39994166043343415,-0.5317727179436441,-0.541456652949621,-0.0957486392651358,-0.04947722170330371,-0.12958597824513474,-0.2672756323933974
A3764,2023,0.5324514606171843,-0.5082890394452481,-0.0751730165258956,-0.2600947353157368,0.6824341040771702,-0.42311751455990704,-0.3955939011117172,0.4231175145599088,0.6719004840000415,-0.02120083202489791,-0.21309213429996027,-0.1986063784636497,-0.05836880223478067,0.3961921364495676,0.4634029049461029,0.20045898730926734,0.07852186601075782
A3770,2023,2.6324219027360716,-2.457844348019412,-0.029378293580711243,-0.4977124136186974,0.17035254535949354,-2.3782411890774733,-0.35954401832261024,2.378241189077476,0.6719004840000415,0.955959852105965,0.08163317966196358,0.35652762205748395,1.0499685526963478,0.20805135320839344,0.39527741480559825,0.393720827702396,0.4073523474021693
A3783,2023,0.9649585159331594,-0.9098167984913453,-0.08694946283046114,-0.05036670031848372,-0.020855028520477294,0.7716802865341605,1.278145315330058,-0.7716802865341581,0.6719004840000415,-0.1279863558895011,-0.30182155249927006,-0.2458767925117233,-0.0562481479187354,-0.42580474877106145,-0.390583643191386,-0.39860127657833594,-0.4603129669868547
A3791,2023,-1.0280472809930006,1.2043670374690065,-0.30509160815536973,0.7555614236251038,-0.016461806161481584,0.06004523259098641,0.7718250778279007,-0.06004523259098375,0.6719004840000415,0.15872546160997678,-0.28748007578389384,-0.13348061548996115,-0.10118396510769342,-0.2801754195402545,-0.11062667261704744,-0.325234064289509,-0.29519612932222145
A3797,2023,-1.0280472809930006,1.0841832965749127,0.10623394643589439,0.7252832795102484,-0.016461806161481584,0.05380281983709749,1.0814373748764892,-0.05380281983709638,-0.2251887826344643,0.2818945179031176,-0.1422426570489239,-0.06889700184956975,0.0914514092524508,0.038684164995868596,0.10126626704732498,-0.041490377503823846,-0.27785498966537003
A3799,2023,-1.0280472809930006,0.28487940997528777,3.2087408545637603,0.2952907783103813,-0.016461806161481584,-0.30076622458371144,0.21223632628151784,0.3007662245837141,0.6719004840000415,0.764916161466008,0.17668660340581138,0.22879097089319583,0.3580369171587405,-0.2985668020746665,-0.20402508520527202,-0.3328533097961387,-0.4014604444175306
A3825,2023,-0.21437876283585897,0.18504777974702927,-0.07996002367087078,-0.19001282494841223,-0.016461806161481584,-1.293309852451825,-0.6314634747212615,1.2933098524518272,0.6719004840000415,1.2309691464421963,0.7133139431862099,0.6292632947532101,0.5681417091872937,5.989352783884002,7.20599494172177,8.389719831133249,5.499736340526966
A3832,2023,-1.0280472809930006,0.6025953823669266,-0.08332857584727585,0.5852119908257961,-0.946043674203098,-0.05106971442821124,1.5208178422848586,0.05106971442821368,0.6719004840000415,1.24296423268452,0.7002631256271487,0.6992056145571747,0.693884029766491,-0.04674682456687774,0.008782639750019918,0.15409243531550595,-0.10733568506244232
A3834,2023,0.2986137973101629,-0.2912005277684859,0.347482973060171,-3.824742053416705,0.4011202063381976,-2.3782411890774733,-0.35954401832261024,2.378241189077476,-0.6737334159517172,-1.5744182188664437,-0.8894490707958259,-0.8666946382897003,-0.8996734979186987,0.15167246463876438,0.29029650213640196,0.04541014691545109,0.03144440546501992
A3835,2023,-1.0280472809930006,0.5404408567338663,0.061564804878725586,0.5646254050549894,-0.016461806161481584,0.04880888963398848,0.19346105969029548,-0.04880888963398626,0.6719004840000415,1.072985083738402,0.5682550818098853,0.6188584193632489,0.31222012345038636,-0.1411074300598649,-0.033777099134788865,-0.19862798523068742,-0.30467739023948853
A3840,2023,-1.0280472809930006,1.6134635896357616,0.5714469630974993,1.166839317672661,-0.016461806161481584,0.10499060441897637,0.5369591903625041,-0.10499060441897394,0.6719004840000415,-0.37929804082016133,-0.44516322151651216,-0.3425583137749218,-0.42955908351742733,0.07069982205544764,0.015277161085172315,0.07335179145747776,-0.0988573555430833
A3864,2023,0.4527523112187534,-0.4342985219207353,-0.5558160376833211,-1.0026663025970897,-0.24658576842390006,-0.897540883855357,1.6057625256880372,0.8975408838553592,0.6719004840000415,-1.27980719823178,-0.771147998437022,-0.7767341263874653,-0.7372595899583003,-0.1953618142186601,-0.15537777324799887,-0.23283420060210067,-0.3602059602442386
A3873,2023,-1.0280472809930006,0.3551351338749063,0.6327780537828211,0.27458065534718495,-0.016461806161481584,-0.07104543524065261,1.0785638599374956,0.07104543524065371,0.6719004840000415,-0.7119422617353709,-0.5322868210342181,-0.5714269740652884,-0.4535945258495322,-0.600709804835539,-0.6168309038867643,-0.49159283423927547,-0.6427423360230142
A3891,2023,1.0875472400758155,-1.023624713423403,-0.13096102656263472,-0.5176862162451409,0.7241597672226948,-0.4093842065013546,0.9552209772353257,0.4093842065013564,0.6719004840000415,-0.4243527549986518,-0.5322337000478569,-0.46163964003685126,-0.27251955674509903,-0.029511263514697732,0.021293655365138064,-0.014741083388317183,-0.25850632604836005
A3894,2023,0.284864866739886,-0.27843639545362564,-0.67970559709404,0.2696569144701813,-0.3414073590195083,-0.4605719910832317,-0.30328407865736184,0.46057199108323393,0.6719004840000415,0.23859518219911333,-0.06202375986906139,-0.11407896209570997,-0.01758413653536098,-0.1691569554423276,-0.03159837905509709,-0.14108626246930714,-0.38871127410722905
A3899,2023,1.2035448345219453,-1.1313138322727385,-0.33648412901782865,-0.1983517580691359,0.17845920449267813,-0.37567517763036257,0.008161482617622557,0.3756751776303639,0.6719004840000415,-0.38163854545281206,-0.32010077440919626,-0.2832760878877675,-0.3010986883114004,-0.5811463760312754,-0.5190423167226035,-0.4709082758268539,-0.6427310878620546
A3908,2023,-1.0280472809930006,0.34757428021628206,-0.5845573021532957,0.49705567079674,-0.016461806161481584,-0.6565837515553002,0.07151684798048911,0.6565837515553016,0.6719004840000415,0.7748633061547653,0.4254094692336346,0.24694010484519477,0.004286781773975097,0.1292433930084076,0.1966322982969812,0.16058529218902037,0.13798418769375387
A3919,2023,0.011456027358678315,-0.02461108270831522,-0.6342446887964763,-0.12967302028390063,-0.5661379035607114,0.22359644674283755,2.152196495083256,-0.22359644674283644,0.2233558506827886,-0.8386220749774844,-0.6101663290469077,-0.579153902895395,-0.6833235434261425,-0.16529422525212303,-0.021288011885562386,-0.10891403768704298,-0.21211126685330742
A3922,2023,-0.4853767499437314,0.436634922966998,-0.33671984369014396,0.5300422418316105,-0.6125132548078547,0.266044853469273,0.3898554623763735,-0.2660448534692714,0.6719004840000415,0.5267698150939937,0.1701575464452604,-0.06414813385237823,-0.06227582056190948,-0.2326815416444455,-0.045588230637934365,-0.25687272183440996,-0.44492377433015606
A4502,2023,-1.0280472809930006,0.8509538110310835,-0.12621494414530243,0.6235480192223445,-0.016461806161481584,-1.5455033277088797,-1.08592935371736,1.5455033277088823,0.6719004840000415,1.0718148314220806,0.9695593167028176,0.2874768496847116,0.4657949385386984,2.8120388177191367,2.7747985405118625,3.0354326370785256,2.556000447684537
A4513,2023,-1.0280472809930006,0.8703284543498145,-0.10847188518563645,0.640692067456985,-0.016461806161481584,-2.227174800433396,-0.24787885261863463,2.227174800433398,0.6719004840000415,-0.1200871527543107,-0.16955938177729118,-0.12415557269952417,-0.3738093669432784,-0.7711384801792007,-0.7077177466390545,-0.6632490260077163,-0.8094571231250011
A4516,2023,-0.5665225242656682,0.511968447632264,0.39211680996204756,0.4651917759350785,-0.3123432909528196,-1.0236376214838852,0.7967375197738666,1.023637621483887,0.6719004840000415,0.16955029553597523,-0.26135954863760874,-0.13574951435734248,-0.12001215803629339,-0.21403973294777953,-0.21263585683819056,-0.22792653668489002,-0.3599160975704369
A4527,2023,-0.13360092176279414,0.11005581179465014,-0.4682305815126106,-1.8835994563010863,0.562902879626987,0.11872391247752881,0.7527312962998927,-0.11872391247752638,0.6719004840000415,-1.6782781119402332,-0.9185222106528924,-0.9191564185979255,-0.9363281345116562,-0.07567822041289639,0.00029335756236699065,-0.09902960949365845,-0.2850320300042558
A4542,2023,0.28625162834653506,-0.27972382712301697,-0.17852128517796567,0.0011240710351519854,-0.016461806161481584,-0.8962924013045807,0.16210179120248985,0.896292401304582,0.6719004840000415,-1.2289012224716696,-0.6633171544023756,-0.7876200200362505,-0.6159633839116891,-1.2697279951943057,-1.3835739435791448,-1.1208264574857292,-1.186432341415779
A4546,2023,0.7478424702369266,-0.7082521807357598,-0.34099193455099913,0.1802349769664927,0.3747237178345822,0.7229894670538379,1.4487358520591243,-0.7229894670538357,0.2233558506827886,0.6996745948309232,0.33167292795093434,0.03751446841520319,0.4592147571063205,-0.5090746706839587,-0.49378269966921373,0.6693408449480766,-0.4378369201136743
A4548,2023,1.0127838236093964,-0.9542165586404207,-0.945086180794865,-2.0406081843439186,0.2887055937190078,0.3322144286604807,1.1180371971148768,-0.3322144286604791,0.6719004840000415,-1.5071287106777915,-0.8585644840462453,-0.8453612793579033,-0.8003237555513235,-0.24779095116805575,-0.10548461035549037,-0.2603127250899432,-0.36373049874089075
A4551,2023,-1.0280472809930006,1.6073124674150812,0.3276790191212143,0.9878016777900211,-0.016461806161481584,-0.15594224869352175,0.35987591015249093,0.15594224869352397,0.6719004840000415,0.24737207457154842,-0.16438622268053774,-0.08707308090923736,-0.23619854155040648,-0.06882358134966862,0.028951523594813334,-0.141059431939157,-0.19858080538695744
A4556,2023,0.5995486200103552,-0.5705802130072984,-0.5872610905599781,-1.1339586475460017,0.25227860545553343,0.7542015308232755,0.8775266508722483,-0.7542015308232732,0.6719004840000415,-1.0700394705306342,-0.6912868233962524,-0.6768922477032884,-0.6568926505970245,0.244674595036187,0.3896705467125006,0.3960562857244278,0.13455741335952554
A4559,2023,-1.0280472809930006,1.252178264017765,0.8266066428218183,1.1804558922355068,-0.016461806161481584,-2.3782411890774733,-0.35954401832261024,2.378241189077476,0.6719004840000415,-1.2049110499870184,-0.7731723167448933,-0.7276861022636304,-0.7593452463762279,-0.24086997432111384,-0.07135230135268411,-0.16017201524019528,-0.31981048940384904
A4565,2023,-1.0280472809930006,0.704900772497134,1.0170890567175588,0.5863200966537876,-0.946043674203098,-0.5342324615791046,0.6575413292528213,0.5342324615791064,0.6719004840000415,1.3120091193476615,0.6269529032600636,0.8035582922122383,0.7696818903759526,-0.0434660672319858,0.03099211825782024,0.07603880524518691,-0.06391637819434298
A4566,2023,0.2560454895526224,-0.2516812713536218,-0.6338365482245135,0.18054848107686108,0.12242597023950214,0.02758468627077075,-0.32998260643840926,-0.027584686270768752,0.6719004840000415,0.03175308528877921,-0.16105331236785522,-0.20943817390190272,-0.331054667140564,-0.18930642911926424,-0.009047337268602724,-0.17060517018839785,-0.3036221855650403
A4573,2023,0.5610422973948836,-0.534831992859535,0.008802471913456568,-0.12438550415283958,0.6899589331479374,-0.002378894947888635,-0.06342109525717105,0.002378894947891296,0.6719004840000415,-0.5720971099346048,-0.5225565848655243,-0.5129977285889967,-0.548133650783344,-0.5085266459541408,-0.4669747909935929,-0.4602563139262401,-0.6221200114448497
A4575,2023,-0.5327346714312117,0.4806007261931602,0.022034091725148763,0.44743390874954275,-0.4368521948967038,-0.41063268905213274,1.1506119124997691,0.41063268905213407,0.6719004840000415,0.419984291229394,-0.09131954164420618,-0.05269986518670921,-0.14561964438075967,0.15921476261616913,0.1992118947394244,0.14222142508154767,0.0178174399472405
A4577,2023,1.485115835175953,-1.3927166730249527,0.647323298563304,-0.6287161828677792,-0.057036003659585686,-0.8950439187538025,0.470113762820717,0.8950439187538043,0.6719004840000415,1.0410957081185643,0.22336310184679958,0.44562915098659556,0.9503982298644483,1.4854849029046449,1.3267670390731838,0.8926560839890778,0.7778836101548567
A4585,2023,-1.0280472809930006,0.3434907297696762,0.4642909284782012,0.49818034952924434,-0.946043674203098,0.6143714851361965,1.8316938146121204,-0.6143714851361943,0.6719004840000415,0.6853390039559516,0.1298254972228455,0.3365981685156805,0.17921608200334105,-0.7082336463806226,-0.7206017021658494,-0.6333623155271354,-0.6529271091071995
A4588,2023,-1.0280472809930006,1.4224879104343697,-0.5539015465637127,0.9463123090410559,0.19559323038534288,0.13994811584074654,1.861037743833877,-0.13994811584074388,0.2233558506827886,-0.6338279196207172,-0.48049902686761264,-0.4466407296985918,-0.6220047311430222,-0.2136495368287238,-0.09442063665199547,-0.25638530391818587,-0.31313541374674014
A4592,2023,-1.0280472809930006,0.4133571331966314,0.8156260346332339,-0.04647179154288503,-0.946043674203098,-1.3307643289751496,1.030752938190825,1.3307643289751523,0.6719004840000415,-0.5378672296821161,-0.5556403935690747,-0.4949049573020035,-0.46281403369082535,0.3354526958846052,0.5483488565678633,0.8648611404388488,0.20327183205638993
A4597,2023,-0.25413134986804986,0.22195299780332067,0.32765663122566857,0.46916975639454794,-0.6042107059223254,-1.0748254060657623,1.1993917440872222,1.0748254060657645,0.6719004840000415,1.2590552020339811,0.7727660790703068,0.4629481517488677,0.9650742235750341,0.3695582854182648,0.08005188961798135,0.12915471598045125,0.07021090402891277
A4604,2023,-0.2900189012062406,0.2552700220908161,-0.14712414978927307,-2.22823597495819,0.16469381656615925,-0.2558208527557215,0.6547104870883885,0.2558208527557237,0.6719004840000415,-1.735620475440128,-0.9852145722557409,-0.9832212339507627,-0.9928639465901966,-1.010200692579639,-1.0444229467658255,-1.1030436262135672,-1.0543444742531025
A4613,2023,0.20046972690511916,-0.2000862484312164,-0.5544326008769894,0.40010597479446375,-0.4420675985423986,-0.8413591690703709,0.17367125224065522,0.8413591690703718,-0.2251887826344643,0.9027133717132041,0.5563705641895966,0.33740302464644023,0.29269730705032204,-0.11344160985253599,0.1855153013167843,-0.10901674591664755,-0.18524035762675495
A4614,2023,-1.0280472809930006,1.0995395220618438,-0.23375731165446084,0.730293890028407,-0.016461806161481584,-0.06480302248676369,0.868952008097361,0.06480302248676634,0.6719004840000415,-0.40475102870021823,-0.3471774939144262,-0.4517428416552953,-0.39367779017233145,-0.33675232934559274,-0.2959908385126009,-0.5298127722152072,-0.5837450434552217
A4617,2023,-1.0280472809930006,0.6710524002560311,0.40754375473286075,0.05503041227530669,-0.016461806161481584,1.0101404537326646,1.257000109158756,-1.0101404537326633,0.6719004840000415,-1.4728988304253028,-0.7938732903236432,-0.8469941014970844,-0.9059103745301806,-0.07176134418785994,-0.021999135642564265,-0.12314128350538639,0.02741795022615682
A4618,2023,-0.4610230866092091,0.4140256458625358,-0.8036146853952378,0.40048162729675535,-0.4012388060861085,-0.9774437671051172,0.04376999601020548,0.9774437671051194,0.6719004840000415,-0.5498623159244433,-0.3913599335409305,-0.364730680049722,-0.39014547060423976,0.05211495910077053,0.19370941965957275,0.08016465836759927,-0.06134966451177707
A4620,2023,-1.0280472809930006,1.4036787396018042,0.5886070965656259,0.916435505430487,-0.016461806161481584,-0.5217476360713303,0.8235085258811408,0.5217476360713317,0.6719004840000415,-0.11306563885636549,-0.20713111290933148,0.024477702903083043,-0.29693118924741446,-0.08223057181959866,-0.08296199216166393,-0.19998207647305122,-0.39303794221665045
A4626,2023,0.5739781501553898,-0.5468412859021229,-0.5680160948463527,-1.2137375715051106,-0.016461806161481584,0.3409538065159241,1.104034857758575,-0.34095380651592144,0.2233558506827886,-1.223927650127291,-0.681568666340997,-0.7432984217889046,-0.7900772130560382,-0.04352737212138241,0.08109216552769409,0.12631958131487722,-0.13083676646362416
A4627,2023,-1.0280472809930006,1.0671093462457453,0.405837604559465,0.6924464170461441,0.9978330052647494,-0.6228747226843082,0.8056052593835938,0.6228747226843091,0.6719004840000415,1.6443607771837874,1.6153311346206658,2.0283418215551836,1.5502220296358695,0.3199223851202659,0.36724961417708474,0.26771090467599923,0.06584261902816067
A4629,2023,0.3029573209293847,-0.295233005520283,1.0227019457797146,-0.5729252261694364,-0.016461806161481584,-0.575432385754762,1.776794638418423,0.5754323857547642,0.6719004840000415,-0.4989563401643293,-0.4541914353704082,-0.47446948752704843,-0.5311952604012583,-0.11837910366093324,-0.14630669081520054,-0.15651371514688792,-0.304383181083799
A4638,2023,-0.15578763967802567,0.13065373161800953,-0.57305437519694,0.5083373993287982,3.1401214598672476,-0.40064482864591294,-0.19508348948113477,0.40064482864591383,0.6719004840000415,1.3678886674521509,1.1003543875435726,0.8799304072263124,0.6992919182391066,0.059278409768457496,0.14485939463805805,0.05365645462434433,-0.13749856780772277
A4641,2023,-1.0280472809930006,0.6207864775545361,0.7826917658012944,-0.9257807315508519,-0.016461806161481584,0.1486874936961882,1.191442944132868,-0.14868749369618642,0.6719004840000415,-1.7005129059503967,-0.9499558074742461,-0.9368003096099126,-0.9612969070447219,-0.349946592012353,-0.2639107122887019,-0.42395643666124094,-0.5052683183189166
A4649,2023,-0.4604588354877385,0.41350156750151273,-0.35995855795218823,0.5168803863363365,-0.3161774668153474,0.7080076764445091,1.5330475764743188,-0.7080076764445069,0.6719004840000415,0.6514016867825438,0.19902703070244013,0.18602397783519617,-0.0042628443698889875,-0.3953803261338324,-0.09019709666495543,-0.21938311104714656,-0.3860781246952998
A4650,2023,-1.0280472809930006,0.8436339845100371,1.5640705451942327,0.6464119292345254,-0.016461806161481584,-1.4343883806896838,0.3886916590476065,1.4343883806896847,0.6719004840000415,1.5346496225283761,1.0608403849075436,1.4151099716723918,1.4688040552501214,-0.5359086395418066,-0.4879672959190533,-0.652367048994419,-0.7063461467665066
A4652,2023,-1.0280472809930006,1.3690691880920667,-0.5857913674086995,0.7820176487979861,-0.016461806161481584,-0.6316141005397499,1.31950311562197,0.6316141005397516,0.6719004840000415,0.8257692819148755,0.6056195627709113,0.22076979925228607,0.16377408394320753,0.18798412510528836,0.20892091005792232,0.5943752617190537,0.39346412625185234
A4654,2023,-0.352185705220453,0.31298398813155154,-0.6795736511991345,0.4793022921061765,-0.016461806161481584,-1.6091759377985329,0.274302640368367,1.6091759377985346,0.6719004840000415,0.527354941252158,0.317480881352868,-0.00029931741681021325,0.06398282220289274,-0.02926049658555742,0.057175753226441084,0.0013105514398357501,-0.08217211607686445
A4657,2023,-0.628991505299976,0.5699626263720103,-0.3319234761435752,0.5867251660615895,-0.5654749338845394,-2.3782411890774733,-0.35954401832261024,2.378241189077476,0.6719004840000415,1.1929359461616542,0.6422844671791423,0.6563404064132364,0.4946832821384773,-0.09104667437215831,-0.13585133416982068,-0.003129742703307099,-0.3014689649458364
A4671,2023,0.890002394448355,-0.8402295787762988,-0.43814740964216686,0.18041506919553252,-0.1517189944431826,-0.6865473327739596,-0.15447078812823312,0.6865473327739618,0.6719004840000415,-1.2335822317369642,-0.7542962239674185,-0.7372199391052333,-0.7447399632679116,-1.5369847973589792,-1.6709973521868973,-1.759155207462884,-1.5594883464719445
A4678,2023,-1.0280472809930006,0.9900651408984193,0.5495758171265338,0.6927744224479612,-0.016461806161481584,-0.7127654663402881,0.21540807417069024,0.712765466340289,0.6719004840000415,0.10050540887283689,-0.17180119372938377,-0.11154712541380025,-0.0074761604520065875,-0.05260930455686121,-0.0898138669286951,0.007713778729367699,0.008265703157014814
A4690,2023,-1.0280472809930006,1.4561679059098882,-0.15566094646038175,0.7927669727725685,-0.016461806161481584,0.31099022529726295,-0.05672682552293371,-0.3109902252972616,0.6719004840000415,0.9685400645064537,0.24400779536240585,0.5113150143279382,0.4814190195999909,-0.10786436619341065,0.11617495793353354,-0.10209005108026524,0.01748227133610642
A4692,2023,-1.0280472809930006,1.1091600718000372,0.00301190610137206,0.8900867969756321,0.9978330052647494,0.4882747475076683,0.8457763212478355,-0.48827474750766675,0.6719004840000415,-1.2470401333746972,-0.7584881858862939,-0.7513790552551929,-0.8108260863704783,-0.03272163964711963,0.03531287294184757,0.1891383352094588,-0.335122389547529
A4701,2023,2.0682471714751025,-1.9340803189343836,-0.8987132333040179,0.18336939658625728,0.35409628289533795,-1.1210192604445304,-0.09003139064636054,1.1210192604445322,0.6719004840000415,1.129742321080136,0.8933786066245123,0.5172658111663437,1.0601660267104722,-0.257426078167189,0.03668645770970826,-0.3608692365605219,-0.33088038078046583
A4707,2023,-1.0280472809930006,0.8765572699854577,-0.1530190082350498,0.6397610845459748,-0.946043674203098,-0.23209968429094924,0.7203494185779606,0.23209968429095146,0.6719004840000415,-0.14612526679252866,-0.3419060031950784,-0.20733839308562954,-0.1993294767081572,-0.26585896812958254,-0.32909013881076876,-0.28134363288362857,-0.3477505510240822
A4709,2023,2.1581127271261598,-2.0175085489092464,0.19201783796837676,-1.572983657920456,0.15068440603820704,-0.5504627347392116,0.4561987714842103,0.5504627347392143,0.6719004840000415,-0.8573461120386766,-0.6109069446716218,-0.6346300502933607,-0.5497429834726522,-0.5521695810896564,-0.5523808123433396,-0.687459179634487,-0.6576422038359335
A4711,2023,0.8562843942905842,-0.8089264801810475,0.04021447334328951,0.1332305599182586,0.3259468738493147,-1.0985465745305345,0.6943050531508155,1.0985465745305367,0.6719004840000415,1.1952764507943014,0.638339302480063,0.682433955997685,0.47509529548138385,0.4956980512337951,0.5236560250115553,0.36995200707432735,0.20082628248745618
A4723,2023,0.7210583157303706,-0.6833865018878045,1.0361631157805264,-0.03114420269662345,-0.09199150152872651,-1.520533676693331,0.6842015477204411,1.5205336766933324,0.6719004840000415,0.6139536126601631,0.029827318237540215,0.13113372873669324,0.4139574707593616,-0.17344457580255446,-0.2171723078279865,-0.12814570474562986,-0.3730550223148492
A4733,2023,1.801054792280562,-1.6860257875985782,0.6624756537119696,-1.8123992201479873,0.3092694240322845,0.6243593455424163,1.0374497062366599,-0.6243593455424143,0.6719004840000415,-0.8292600564468884,-0.5848253198965896,-0.6600436301775163,-0.5510815985172153,-0.08139395193550095,-0.11974616809838233,-0.15437824345833778,-0.3061743458387867
A4737,2023,1.4990829167124557,-1.405683330749574,-0.7168866858974003,-0.75607163434966,1.4111994235506042,0.323475050805039,1.168207927107479,-0.3234750508050366,0.6719004840000415,-0.8087806409112134,-0.5783800087222035,-0.5375729654088612,-0.4352096420437786,-0.14409488394081477,-0.15417995537191184,-0.2756215174486928,-0.29588962727543905
A4744,2023,1.1981060664389842,-1.1262646282574946,-0.8875702279383477,-0.005495147027286631,-0.4983656231042527,-0.4780507467941168,0.2863869641571033,0.478050746794119,0.6719004840000415,0.40711151574982524,0.20664863462852456,-0.13894040221623846,0.5113523458474752,-0.12898991617872738,-0.1174967451009616,1.3263377022769802,-0.10927195329848814
A4749,2023,1.3658352515309788,-1.2819798310243362,0.24488337563594872,0.007618508937362483,-0.016461806161481584,-1.4993094733301133,0.8070460381558839,1.4993094733301147,0.6719004840000415,1.130620010317381,0.7370677951706686,0.565911221462561,0.7732603533598674,-0.1697121588050718,-0.20511600705886532,0.1435513260128337,-0.2487010669641722
A4754,2023,-1.0280472809930006,0.6906063038581048,-0.2129093554309026,0.6005183801650349,-0.016461806161481584,-0.6253716877858627,0.04797451210602537,0.625371687785864,0.6719004840000415,0.9931153631492656,0.31713230094927186,0.5377858368460356,0.2693202310710985,-0.1164962734657049,-0.09783793029833784,-0.3087720853116231,-0.3741007387249791
A4756,2023,0.9223527539004601,-0.8702627705485111,-0.775660081762988,-0.9955746877022654,12.734399478967246,0.058796750040208276,0.07410930972365713,-0.05879675004020628,0.6719004840000415,-1.0036276515792237,-0.6656001082744412,-0.684962246081961,-0.5930661651291569,0.4360165193543163,0.4220768018754345,0.4016563683820158,0.14303854399094929
A4757,2023,1.0796204133687448,-1.0162657781308773,-0.7179929379410922,0.0315889365408524,-0.016461806161481584,-0.10600294666242277,0.5985412076189913,0.10600294666242366,0.6719004840000415,0.36351961696674406,0.08179279048044313,-0.01950388408926262,0.39811140163829245,-0.4236840110638606,-0.29826526499512096,0.8422505997446517,-0.2636192410859748
A4764,2023,0.42217842443653,-0.4059145589446247,0.34945987509310955,0.3591026064703383,-0.016461806161481584,0.995158663123334,2.2934615511468173,-0.9951586631233321,0.6719004840000415,1.4533170865438303,1.3083043530950529,1.2887717702587804,1.8116199864415874,-0.3905956914467318,-0.20035362847617852,0.25414014783132877,-0.6669571852986453
A4768,2023,2.0500933895213276,-1.9172264319279855,-1.0673523451579747,0.15962097684947096,0.5871459218243491,0.6755471301242935,0.3178837158474382,-0.6755471301242919,0.6719004840000415,1.0773735299246199,0.8295575304208899,0.24958135868865064,0.37813683119927793,-0.0900178161089184,-0.06792104512066689,-0.09546794370511794,-0.11195748741285515
A4771,2023,-1.0280472809930006,0.5507439675311446,0.1632510902847141,0.18232378441903305,-0.016461806161481584,-1.3694672880492524,0.09987485189154689,1.3694672880492547,0.6719004840000415,-1.1355736002447996,-0.7142402564158187,-0.6688319961418568,-0.7046827719690063,0.014475613397009602,0.07617950815906845,-0.01623701720799898,-0.0882884772230272
A4775,2023,1.1025582004488998,-1.037560546391923,1.412717110275696,-2.1831928921052848,-0.016461806161481584,-0.6728140247154072,0.5590380573285768,0.672814024715409,0.6719004840000415,-0.8178500963627255,-0.6274337076737517,-0.6423336386247155,-0.4290085987668428,0.1418130028848778,0.06183783815571229,0.09822310543871637,0.059371419807665346
A4776,2023,0.2258297296618376,-0.22362978362018301,-0.20275313979497497,0.1640128655991492,2.670468385909079,-0.6815534025708506,1.4516199956533185,0.6815534025708515,0.6719004840000415,-0.8277972410514824,-0.597461753072838,-0.5160467055523302,-0.5512732525710725,-1.1207699470300643,-1.1629540637564812,-1.0785533402111747,-0.9375156472924975
A4777,2023,0.8227562236020378,-0.7778000670435328,0.5021348641382806,-1.2315312775966554,-0.18452239486628474,-0.5055173629112216,-0.14812769181383423,0.5055173629112238,0.6719004840000415,-0.5015894078760607,-0.19508818071842698,-0.510901220473844,-0.2932747413129596,2.169328661441058,0.9178657957478102,1.0874705037507986,-0.10858427646863351
A4778,2023,0.8923221892900756,-0.8423832130645585,0.4358176000371044,0.027014193411382198,0.6315145823474733,0.2273418943951702,0.5126688968843095,-0.22734189439516908,0.6719004840000415,0.7432664936140077,0.10419625345828601,0.21642087409135036,0.3268209547157923,-0.08400605947078578,-0.025873014875966157,-0.16662928606589952,-0.42922148112626024
A4794,2023,0.31490630625403726,-0.3063262374712771,-0.009427380530802562,0.21005702093840034,-0.016461806161481584,0.7192440194015053,2.2007568865662783,-0.7192440194015031,0.6719004840000415,0.2634630439210094,-0.14734393095439718,-0.1227124365645903,0.165244899614494,-0.4040045291172692,-0.3929637035600817,-0.4316933606172238,-0.4614025996060333
A4795,2023,2.5792859299451716,-2.4085143594857517,6.006620280429509,-1.1716545475057407,0.47345416579075267,0.8291104838699266,3.897515434934853,-0.8291104838699244,-0.6737334159517172,1.7441247871504413,3.8372124112560178,4.173496389367902,2.744474056399989,-0.0020792073065377097,0.09150437482565929,-0.20843134850047979,-0.03017349250814682
A4796,2023,-1.0280472809930006,0.5335063950882754,-0.17349097178157982,0.5877068344389016,-0.016461806161481584,0.7379712576631685,0.9003954636684315,-0.737971257663167,-0.2251887826344643,1.2903594514956576,0.6706219935127783,0.6761812185470797,1.2791762024567919,-0.16872439231307226,-0.19618446549330898,-0.12174923630994879,-0.1280784368458357
A4799,2023,0.6992271479005777,-0.6631190408410663,-0.8168823377050595,0.012486454369172806,0.5307363344618395,0.7616924261279407,0.6852162107582975,-0.7616924261279394,0.6719004840000415,0.03233821144694027,-0.1841103070983922,-0.20220274561080595,-0.29893297745447733,-0.04242256376175463,0.359465050953648,-0.1441942849150727,-0.20645057208714876
A4803,2023,-0.1333866565175754,0.10985691626702149,0.009324320783428297,-0.45136808154645697,-0.2050259633644446,-0.5529596998407679,0.7645101565074182,0.5529596998407692,0.6719004840000415,-1.163952218915665,-0.7403377535502889,-0.7000040310189026,-0.7416054203557482,-0.10256631452015853,-0.059314420913043,-0.1537009948952877,-0.1793908520967072
A4809,2023,-1.0280472809930006,0.14858002989734792,0.5854856032485373,0.49427770673153965,-0.946043674203098,-0.3844145554858042,0.8442543226915069,0.38441455548580644,0.6719004840000415,1.637046700206758,1.752930103742192,1.7238966204411517,1.7205262827225856,0.17345141895850152,0.176745738890874,0.45262538905006255,-0.025881061829137103
A4814,2023,-1.0280472809930006,1.0231177379740386,0.03740595556901028,0.7135703792457805,-0.016461806161481584,-0.6840503676724051,-0.1450262630378815,0.6840503676724069,0.6719004840000415,-0.2792414677744267,-0.46001322099684644,-0.3327618370946238,-0.41461688741048314,-0.16453551348579962,-0.0992359529378131,-0.26845242662033103,-0.3068581386567997
A4824,2023,-0.1603564378631804,0.1348949260117472,0.5028817319928354,-1.4330498552896915,0.09603319569307234,-0.5579536300438769,0.3049892826765681,0.5579536300438791,0.6719004840000415,-1.582024858922552,-0.8685926285832822,-0.8879973958416197,-0.8768893054294242,-0.1474196990819625,-0.10650806391405324,-0.13723978609960072,-0.3626546279315503
A4825,2023,-1.0280472809930006,1.1285977216994856,-0.32930237023983,0.7632882641391523,-5.354723165847293,0.1287117728837486,0.9895745804824573,-0.12871177288374638,0.6719004840000415,-0.33512101587891563,-0.28523967593732175,-0.3699408795502876,-0.4983403478995128,-0.10376948314804078,-0.13188884041672722,-0.1792296366828889,-0.21657793778671708
A4830,2023,0.05300871626255728,-0.0631875607253344,1.2859253541374518,-0.06708378910061148,-0.016461806161481584,-0.2445845097987253,1.8951807359497863,0.2445845097987262,-0.6737334159517172,-0.10019286337679673,-0.39992619636978705,-0.27848765618820215,-0.25929159730969303,-0.27597094969118835,-0.19209579792258769,-0.2725796196607571,-0.23452369226970665
A4832,2023,-0.00738659211350625,-0.0071177916833286455,0.6481019649174224,0.4600771013873329,0.6176739901394881,-0.4118811716029091,1.3908544715393476,0.4118811716029113,0.6719004840000415,1.5814597151813496,2.089037031381781,1.6735226394191005,0.8377295033249594,-0.1828256109203306,-0.0924640120561763,-0.11730681928091641,-0.12995880788211708
A4856,2023,0.5046629164852053,-0.4824909126509568,1.0282009803253913,-0.2105639170820539,0.30484644107329245,0.31099022529726295,0.20458157629406562,-0.3109902252972616,0.6719004840000415,0.062472208592295124,-0.26491250283258055,-0.28027653252992235,-0.04017459371818459,-0.09379301337918212,-0.08853360720125478,-0.05077232204191421,-0.30276535071352356
A4862,2023,1.2132743032172495,-1.1403465491749099,0.8458190046281231,-0.3352872460584476,1.8221735245436115,0.07253005809876072,0.6837755081691991,-0.07253005809875894,0.6719004840000415,0.4264206789691784,-0.188213819523791,0.01059065841780416,0.080729016932366,-0.49155895219272644,-0.4298034583670191,-0.47849291967241847,-0.523588920228144
A4868,2023,0.5280915717641327,-0.5042414374943921,-0.4618536947699552,-1.9708485479156006,0.25247677905181426,0.18863893532106737,0.21228815108914809,-0.1886389353210665,0.6719004840000415,-1.5434065324838473,-0.8431612813147792,-0.8698261597084683,-0.8676594232324841,-0.26174280227461416,-0.14905574316135944,-0.3892131151040615,-0.4341177130749336
A4873,2023,0.13396830170467236,-0.1383481382526452,1.0906163922132432,0.18117783712573718,0.008995384163550241,-0.6228747226843082,0.3485917081789671,0.6228747226843091,0.6719004840000415,1.2795346175696594,0.6189221900946016,0.6003798419443171,0.9715941933921629,0.6143884381203369,0.7265922059149856,0.6299950513382707,0.09749117958243801
A4884,2023,-1.0280472809930006,1.0285178172866736,0.7117100783463751,0.6805192429370786,-0.016461806161481584,-0.8750681979413629,-0.682031730637997,0.8750681979413643,0.6719004840000415,1.5618579888829158,1.116702877820275,1.268256311831355,1.2977604090436783,-0.41273732556241916,-0.41131086906459563,-0.5700700259399663,-0.5138532639173167
A4885,2023,1.096654553774553,-1.0320796366047142,-0.2441413115646292,-0.12031001977181946,1.439236886255911,-1.5130427813886658,0.3993526341924372,1.513042781388667,0.6719004840000415,0.4404637067650725,-0.020415619312749173,0.14718336184478195,-0.023230987210481654,-0.1302602724231422,-0.0008446218361149452,-0.11898155606722928,-0.17517867439778068
A4888,2023,1.1020813765048993,-1.0371179239704136,0.33244062586550055,0.18300714051511355,0.04610308866762941,-0.20713003327539886,2.1206089939221924,0.20713003327540153,0.6719004840000415,1.145833290429597,0.5147465362930026,0.6222944575038853,0.5773019032519705,-0.5862391217827838,-0.5224756368201309,-0.5808269165706704,-0.6848365865778664
A4889,2023,0.8672113905899457,-0.8190710321278691,-0.5297785822229684,-0.8336770909356752,0.40047064747175004,-0.12722715002563872,0.41541883441949345,0.1272271500256414,0.6719004840000415,-1.0425385410970103,-0.655718094551438,-0.6218442674780009,-0.652910320499184,-0.1783718456749613,-0.08775675241225098,-0.20681299087126534,-0.28561311206657797
A4893,2023,-1.0280472809930006,0.5680426416095594,0.38395841091444166,0.4009691469045088,-0.946043674203098,-0.2620632655096104,0.141524668756704,0.2620632655096113,0.6719004840000415,-0.38807493319259645,-0.4338160753648294,-0.3776054193615121,-0.46723265178276113,-0.19601709610233048,0.0024600763920935333,-0.19636210185747494,-0.24787392703213826
A4894,2023,0.8023548893874705,-0.7588600930577563,-0.23435382680313416,-1.0460882101197926,-0.016461806161481584,0.2560569930630532,0.9432597577910091,-0.2560569930630514,0.6719004840000415,-0.9205397371201914,-0.6542890082968867,-0.5829655025599768,-0.5756376973878533,0.030075783695657537,0.13687244438896945,0.02253538569667163,-0.10029804610816133
A4895,2023,0.9573773503468354,-0.9027786510405247,-0.26429764039671544,-0.07893320866600416,1.211234769243095,-0.5080143280127779,0.7022149762459451,0.5080143280127792,0.6719004840000415,-0.04314306295598245,-0.17184651770532358,-0.1608223611349897,-0.08840474072078575,-0.3410852474777542,-0.3742737345050463,-0.4137997405370712,-0.5068813856243508
A4901,2023,-1.0280472809930006,1.9131062393612568,0.5281590777876705,1.1758376452316903,-0.016461806161481584,-0.4780507467941168,1.2571889797049327,0.478050746794119,0.6719004840000415,0.10138309811008185,-0.05821572925367631,-0.17616990807470542,-0.23103280188383196,0.17780837862200943,0.3071339663788885,0.4824892134686332,0.20214058326689224
A4922,2023,0.7117864691351943,-0.6747787722801094,0.6345489100588435,-1.9774438733740332,3.540957989529301,0.24482065010605528,2.3622891534116714,-0.24482065010605394,-0.6737334159517172,-1.0009945838674925,-0.718694244694493,-0.6536238085989101,-0.7463125964264404,-0.07078056764689582,0.01554083262636516,-0.10567399365375306,-0.18512783402716032
A4923,2023,-1.0280472809930006,1.0299772148144848,-0.2685877959840757,0.6852136562478854,-0.016461806161481584,-0.44184475282157026,0.7594269432959218,0.4418447528215716,0.6719004840000415,1.419379769370422,1.520738824125649,0.7383554917350079,0.9298314191813855,-0.04825142448950168,-0.08330285692732106,0.3477820932246346,-0.19010769600375543
A4924,2023,-1.0280472809930006,0.32180188436308776,0.7932592839599375,0.34062264402442327,-0.946043674203098,0.6805410603274042,0.9901898177743581,-0.6805410603274031,0.6719004840000415,0.6250710096652454,0.25913623879912834,0.09119081628869853,0.309805619008466,0.33806673779364765,0.3746223713047109,0.9741717183071529,0.04450622535804162
A4931,2023,-0.5350786241225478,0.48277670393216215,0.002193794086795168,0.2905628739217047,-0.016461806161481584,0.30100236489104315,1.3012505117689688,-0.3010023648910416,0.6719004840000415,-0.7297886095593181,-0.5380030407994494,-0.5423071413720696,-0.6242460253110793,-0.11424398215562309,-0.09343826033096195,-0.16255483511240004,-0.3349933653946657
A4932,2023,0.021217500866190942,-0.03367322135171265,-0.24790103796573051,0.20977776749735855,-0.016461806161481584,1.3297519867317034,4.562007782446037,-1.3297519867317011,-0.6737334159517172,-0.057478653830956995,-0.2679881249453038,-0.1522760608357756,-0.35035277675883575,-0.24314613576947872,-0.10586005072539656,-0.16389204548443895,-0.39079001877290276
A4937,2023,-1.0280472809930006,1.0255654523924094,0.172198073399686,0.7250809519676539,-0.016461806161481584,0.06379068024331729,0.9915301718727271,-0.0637906802433164,0.6719004840000415,-0.34916404367480974,-0.446629562753468,-0.42904370405566283,-0.3928031745650972,-0.044844780279432304,0.006961831712890885,-0.009773040704789645,-0.15652123106564936
A4938,2023,-1.005510513816736,0.9195129949598626,-0.1953642140963755,0.6446020990079516,-0.016461806161481584,0.9676920470062291,1.3666498420352002,-0.967692047006227,0.6719004840000415,-1.138499231035608,-0.7082252155246768,-0.7112956377311619,-0.728372001498237,-0.16928034239914777,-0.17121521068303036,-0.26465865683720197,-0.32273165452057595
A4943,2023,-1.0280472809930006,1.3071134612012167,0.3909932467705698,0.8183208723484939,-0.016461806161481584,-0.22960271918939473,0.9659994813113991,0.2296027191893965,0.6719004840000415,-0.19586099023631381,-0.3252432500885635,-0.3461900016798249,-0.15467386748968343,-0.3969732352964163,-0.37194740033281504,-0.3840239141647246,-0.5454050787601605
A4945,2023,-0.08463242212257342,0.06459481420412774,-0.5838776303558586,0.04203960296535919,-0.016461806161481584,-0.1397119755334148,0.04112479677375481,0.13971197553341613,0.6719004840000415,-1.0653584612653362,-0.6842027540742568,-0.6885224849625866,-0.6397936142547693,-0.6614818642584547,-0.6024252605485014,-0.6135587661008217,-0.6761893681187848
A4947,2023,0.1879180231061252,-0.18843358881173694,0.00555360874004959,-0.013939732414279813,-0.016461806161481584,-0.394402415892024,-0.00587626379851222,0.3944024158920267,0.6719004840000415,-0.4591677614093014,-0.450793902908361,-0.39558136343768746,-0.35480437067444887,-0.2860983861306889,-0.25284678946691086,-0.29791805791623155,-0.3053985756229047
A4949,2023,-0.7694761986670842,0.700385105975645,-0.6348673486932239,0.38581833570638446,-0.016461806161481584,-0.530487013926772,0.7637826016326115,0.5304870139267742,0.6719004840000415,-1.2771741305200488,-0.7487782348648374,-0.7715375902544096,-0.7930420281209568,-0.10297383552139086,-0.11442680440122263,-0.08125503062803037,-0.39096128152265436
A4950,2023,-1.0280472809930006,0.5838821386050904,-0.7361179242706819,0.570735834948883,-0.016461806161481584,-0.8388622039688146,-0.4365435902049921,0.8388622039688168,0.6719004840000415,0.3740518878136621,0.034230803420146665,-0.08333070617976769,0.07718817923917595,-0.10293842164913167,0.07290647282443863,-0.27022989036293776,-0.23473922956179744
A4960,2023,0.21804011112873253,-0.21639811413646423,-0.6064300396123729,0.34368435002563763,-0.016461806161481584,-0.7989107623439354,0.91307309065168,0.7989107623439368,0.6719004840000415,0.03760434687040279,-0.21391487013736973,-0.22086282347058134,0.010557723772171713,-0.3797445814061055,-0.3518151555970467,-0.5038643203394315,-0.5373554110802686
A4961,2023,0.15004701942386137,-0.15327489785079948,-0.3593169710250736,0.40030215655163476,-0.016461806161481584,-0.20463306817384436,0.3318111089810442,0.20463306817384613,0.6719004840000415,0.6771472377416778,0.2605546856917202,0.269097077904255,0.6228162326427069,-0.17185966340223557,-0.17029424519841047,-0.22904695316739218,-0.38262010189893547
A4964,2023,-0.32259969484533196,0.2855171426800754,1.2758844148511859,0.3222649067492906,-0.016461806161481584,-0.0036273774986667747,-0.3152581594043858,0.0036273774986687705,0.6719004840000415,0.23420673601289924,-0.26718031913739954,-0.16045627538560933,0.13278289292209028,-0.13953017846493676,-0.18919853340469459,-0.2501381329366911,-0.3081066419340465
A4969,2023,-1.0280472809930006,0.27301630562172335,-0.6004075228326708,0.5206712310823481,-0.016461806161481584,-1.0298800342377723,1.4085931604204407,1.0298800342377745,0.6719004840000415,1.2239476325442507,1.194785392865658,0.9699055534222626,0.9586031087548833,-0.17060294898548506,-0.09079933207262204,0.4154955597152026,-0.20203749820208755
A4974,2023,-1.0280472809930006,1.8510448323956594,0.1603322600933091,1.053895871116475,-0.016461806161481584,0.2148570688873959,3.082228065918638,-0.2148570688873939,0.6719004840000415,-1.7332799708074793,-0.9786639766530146,-0.978531893676172,-0.9890680743699684,-1.9026814057051031,-1.9840204673183373,-2.0664835038721847,-1.8032390061551522
A4976,2023,-0.3252058945439961,0.28793666742948487,0.19330972710420455,0.3088932659043912,-0.016461806161481584,-1.778969564704273,0.1295631522426173,1.7789695647042751,0.6719004840000415,-0.0694737400732808,-0.19738816057734346,-0.16744046655651407,-0.22933346141391478,-0.03113475829927336,-0.05729888748315163,-0.10518854452280697,-0.1614933816004953
A4977,2023,1.0860458962816883,-1.0222311956771575,-0.7217717999527531,-0.11057633862880052,-0.016461806161481584,1.2810611672513808,0.07787003039758832,-1.2810611672513785,0.6719004840000415,0.1306394060181885,-0.04383332054880621,-0.2833200948158844,-0.2501416453900051,-0.02530867802147709,0.13078483956334147,0.24968988660362804,-0.04387254544921732
A4979,2023,-1.0280472809930006,1.028062792386244,-0.31539923305500006,0.7042750514271269,-0.016461806161481584,0.37466283538691614,1.4581471945432407,-0.37466283538691414,0.6719004840000415,-0.10077798953495778,-0.16342572504813502,-0.12948149547692345,-0.3790830222670672,-0.1590723952581232,-0.0037108030203431707,-0.2230392698620946,-0.39045741174966103
A4983,2023,0.1787008994327196,-0.17987666247274461,0.2884831186046742,0.4599200731170735,-0.016461806161481584,-0.36693579977491914,1.0360369129203677,0.36693579977492136,0.2233558506827886,1.6528451064771388,1.5401744250588931,1.776762578190245,1.5454598593647269,0.008964110459373738,0.0603600439169084,0.04945336344049049,-0.0004893877471816805
A4984,2023,-1.0280472809930006,0.8747037004688057,-0.18484804586727271,0.6400149262000968,-0.016461806161481584,-1.5754669089275408,-0.4603284752342654,1.5754669089275422,0.6719004840000415,0.17364617864311238,0.10579688274399035,-0.10194440133322005,-0.2987269399969052,-0.1641099525158759,0.18026040293886575,-0.04602040298078869,-0.21649266382608084
A4986,2023,0.5323748623259238,-0.5082179276798825,0.1128866899207351,-0.6256427377258682,-0.016461806161481584,0.7954014549989346,0.6764864662117451,-0.7954014549989332,0.6719004840000415,-0.9667647036150039,-0.6882502017139372,-0.7044409941064075,-0.5510739183041341,-0.08716553303070959,-0.03188183331346182,-0.11372393645878684,-0.22442588809132785
A4988,2023,-0.2318540716791432,0.20127154443883688,-0.6423748804818014,0.35610166778567115,-0.016461806161481584,1.4283821082431267,0.44381104240103525,-1.428382108243125,0.6719004840000415,0.0022042143015886598,-0.11364423188695806,-0.29996634015261314,-0.35897270361604205,0.19856149423793615,0.38575129844088135,0.034979157472879926,-0.12214376751304618
A4992,2023,-0.5991448926823952,0.5422541651116587,-0.11247725891668596,-0.46928877751883163,-0.016461806161481584,-0.570438455551653,0.32477432932056355,0.5704384555516543,0.6719004840000415,-1.5118097199430889,-0.8468609338619527,-0.8350902382801212,-0.8200886892958551,0.6867911557744937,0.8273130427401759,0.8849850426105996,0.37234140786302616
A4994,2023,-0.20912646515089245,0.18017168976568343,-0.3993175531545148,0.42465058448555565,-0.016461806161481584,0.47953536965222665,2.17987017826065,-0.4795353696522242,-0.2251887826344643,0.40067512801004085,-0.04819259568885548,-0.016277417705488264,-0.1254725596087433,-0.38592179182679015,-0.4109826933023837,-0.5324459625963213,-0.5915796743023469
A4996,2023,-1.0280472809930006,0.4800756425500191,-0.6003432458090585,0.500308793845078,-0.016461806161481584,0.4146142770117953,1.0156003900963586,-0.4146142770117942,0.6719004840000415,-0.09170853408344201,-0.2400289632505419,-0.29593007210443967,-0.1581051318880962,-0.31753337644969865,-0.38648600600290184,-0.3575536045868766,-0.4458115736637662
A4998,2023,-0.22595176628779343,0.19579184064585814,-0.5999250253573725,0.3972976961247586,-0.016461806161481584,0.12371784268063782,1.7732142179818262,-0.1237178426806365,0.6719004840000415,-0.7096017571027202,-0.5296708228426731,-0.5611301894837345,-0.6001566225207194,-0.9784920347659011,-1.0057655022100622,-0.9255052646517412,-0.9102836638031686
A4999,2023,0.5505073428663241,-0.525051628281633,-1.1426214175109164,-0.2341108379214713,-0.016461806161481584,-0.18465734736140477,0.4925763818164512,0.18465734736140654,0.6719004840000415,-1.2148581946757753,-0.6832669031297732,-0.7647293660637816,-0.7094734773568747,-0.5602624263642396,-0.469865271022134,-0.44498196201002127,-0.6846969308316605
A5002,2023,-0.4237911098788615,0.3794602873245216,-1.1577443001695387,0.4789084784626895,-0.016461806161481584,-0.48679012464956023,1.0722002055903341,0.48679012464956156,0.6719004840000415,-0.3889526224298377,-0.27896428215060376,-0.41623499874587727,-0.1905786702097256,-0.6119855351970211,-0.605269357966333,0.05662470276211148,-0.675625175443126
A5003,2023,0.20634466181110253,-0.20554037783407164,-0.2315658556832965,0.16449976372298344,-0.016461806161481584,-0.21711789368162043,-0.10815057842935671,0.21711789368162132,0.6719004840000415,-1.1569307050177196,-0.7446264648469852,-0.7387135627055588,-0.6571421671076735,-1.1622329875950423,-1.1965561488650793,-1.316416760259589,-1.2099194479751283
A5012,2023,-0.8744090399802399,0.7978018951469336,0.16429184620379658,0.5576698260847084,-0.016461806161481584,0.3384568414143678,0.1047494374204795,-0.3384568414143665,0.6719004840000415,0.5165301073261558,0.01750978579003806,-0.03571668699616129,0.2684898518054352,1.547995829947906,1.6106098191983598,2.888282355541147,1.1498030359997677
A5013,2023,-1.0280472809930006,1.4238782300191166,0.7964337494836968,0.895292415336892,-0.016461806161481584,-0.06355453993598732,0.2321302262571951,0.06355453993598864,0.6719004840000415,-0.010083435019819053,-0.23122513521833504,-0.2426618066308092,-0.03407444881739981,-0.36994343251603923,-0.23490994902091333,-0.47819276846841086,-0.507325532815929
A5025,2023,-1.0280472809930006,0.7618570021032521,-0.5485243975749304,0.607631470781957,-0.016461806161481584,-2.1085689581095335,-0.8037403872814578,2.1085689581095353,0.6719004840000415,0.404771011117178,0.24656248685969603,-0.1535687306237057,-0.05906420254039565,0.13485639153177922,0.42853742950632995,0.25096683010076687,-0.18281465471989053
A5028,2023,-1.0280472809930006,0.31582854659274257,-0.39706300160398134,0.5125316561921606,-0.016461806161481584,-2.3782411890774733,-0.35954401832261024,2.378241189077476,0.6719004840000415,0.6373586589866495,0.3327184577038261,0.2333059630544911,0.132556466542748,-0.5302598695189397,-0.40278748339147713,-0.40200005620929263,-0.6084358431660565
A5030,2023,-1.0280472809930006,0.22246907971372487,-0.7089103078978175,0.5256810129552811,-0.016461806161481584,-0.4855416420987821,0.21218711117403602,0.48554164209878387,0.6719004840000415,1.19235082000349,0.5799284315110314,0.7253053212481843,0.5988500817720355,-0.11517427553719416,-0.0006877527224330393,-0.03624094056335609,-0.3243840971048145
A5032,2023,-0.6853001267714627,0.6222383356556566,-0.13469106616095913,0.39939258030895364,-0.016461806161481584,0.051305854735542986,-0.322374161449323,-0.05130585473554143,0.6719004840000415,-0.9091297770360286,-0.6246112299958996,-0.6176330193257059,-0.5757306108672874,-0.23224217476627004,-0.20321470738594555,-0.15667857223901133,-0.3446284338404236
A5033,2023,-0.33980842223205726,0.3014932560375302,0.10545635173002726,-0.32051567815859267,-0.016461806161481584,-0.13346956277952765,1.6140168484254436,0.13346956277952898,0.6719004840000415,-1.1993523514844788,-0.7096436773907128,-0.7040619955687456,-0.8069764463315606,-0.05554201570714644,0.03351953987130045,-0.03262263100011431,-0.20232692990391066
A5037,2023,-1.0280472809930006,0.9093089549433754,0.025650771098120247,0.6614310548955413,-0.016461806161481584,-2.3782411890774733,-0.35954401832261024,2.378241189077476,0.6719004840000415,0.8763826945959057,0.48166937628483075,0.6548568841095386,0.5563661707516431,-0.6312425272828138,-0.8352816874924435,-0.888985846944923,-0.8709437054191831
A5038,2023,-1.0280472809930006,2.3113226359676498,-0.19797901491725323,0.8661042849626015,-0.016461806161481584,-2.3782411890774733,-0.35954401832261024,2.378241189077476,-0.6737334159517172,0.8901331593127194,0.43411084188304744,0.4230602319044375,0.3654253178865641,-0.9299502969436717,-0.9765010036043944,-0.9580419889717359,-1.0675426171718163
A5039,2023,-1.0280472809930006,0.24259073809171725,-1.0237235176029036,0.5154591907205894,-0.016461806161481584,-2.3782411890774733,-0.35954401832261024,2.378241189077476,0.6719004840000415,0.8503445805576875,0.46203103905016923,0.30524852768282207,0.25543516365644436,-0.03586945709970198,0.15208046296031474,0.03380624232740467,-0.3240453809523139
A5040,2023,-0.4077295890879985,0.3645494156637309,0.1846586854360811,0.029521190487797173,-0.016461806161481584,-0.8251288959102622,0.7294823338599684,0.8251288959102644,0.6719004840000415,-0.8409625796101318,-0.5836485551527016,-0.5700345381412357,-0.6834183782118045,0.03203263186026859,0.04510463561843398,-0.12105872055419081,-0.225149607772172
A5045,2023,0.8081245653583957,-0.7642164344218502,-0.33217126511139056,-0.7603957813521419,-0.016461806161481584,-1.4368853457912383,-0.43945574140527727,1.4368853457912396,0.6719004840000415,-0.9945581961277081,-0.6653973618431426,-0.6739268610511469,-0.6189942348971076,-0.030976092738125974,0.09509854572303397,-0.15788432638022942,-0.271585010695911
A5047,2023,-1.0280472809930006,0.4774239838059526,-0.06861702257072196,0.5586550852579982,-0.016461806161481584,-0.835116756316482,0.5334835417704419,0.8351167563164842,0.6719004840000415,0.9372358150447733,0.4532506699611882,0.44318888435209486,0.8058942664235798,-0.33544909273369455,-0.2719784525118019,-0.3285693936934068,-0.4169497483785181
A5049,2023,-0.0831786826341601,0.06324520209527329,-0.23955766184359809,-0.11353025169691246,-0.016461806161481584,0.5856563864683135,0.2305505410425371,-0.5856563864683118,0.6719004840000415,-1.1399620464310138,-0.7838479294418947,-0.7364404289727521,-0.6187459463150388,-0.23235521028664674,-0.1362838654760944,-0.3012462099070371,-0.389934939446935
A5053,2023,0.24850365857581017,-0.24467964108192244,-0.49244807920814315,0.464421204928999,-0.016461806161481584,-1.3182795034673753,0.47273314513515824,1.318279503467377,0.6719004840000415,1.5685869397017809,2.2212458985027097,1.4833399802994935,2.044563030637191,-0.16193951097436143,0.17523105344088818,1.493441253030112,0.01788436695095176
A5055,2023,0.07425899512099297,-0.0829156458295427,0.4684109315013621,0.4379963992209225,-0.016461806161481584,-2.3782411890774733,-0.35954401832261024,2.378241189077476,0.6719004840000415,1.2795346175696594,0.8433367912186444,1.0043252342145734,1.0624903328882342,-0.25767293604089964,-0.1947011288396214,-0.24072449340611635,-0.39335368066584014
A5056,2023,0.6020442720473188,-0.5728971083213615,0.0981880591030271,0.07601999584085127,-0.016461806161481584,-1.0835647839212057,-0.7093663501674595,1.083564783921207,0.2233558506827886,0.36878575239020306,-0.1526022668655057,-0.050688152649727466,-0.054082075829237956,-0.10542281414336671,-0.15693670465386783,-0.29872807132752494,-0.3459291146645188
A5058,2023,1.3310966188066964,-1.2497294314559033,-0.9327520586162192,-0.1432242699814582,-0.016461806161481584,-2.3782411890774733,-0.35954401832261024,2.378241189077476,0.6719004840000415,-0.3678880807359983,-0.33751646990295603,-0.3986412463198035,-0.34723017279962076,-0.3788776705706498,-0.35018454712942226,-0.3072562582522394,-0.41510096285032044
A5062,2023,-1.0280472809930006,0.5708062656184621,-0.20591487175229684,0.3672907261599949,-0.016461806161481584,-2.2733686548121645,-0.22034861385642762,2.2733686548121654,0.6719004840000415,-0.7256927264521812,-0.5080505881583648,-0.5381527005834781,-0.5869759434970666,-0.10728908545251968,0.0010501285830531483,-0.009270660964732788,-0.2637934712693553
A5066,2023,-1.0280472809930006,0.7603936686252106,-0.08996866876350385,0.6166208904048106,-0.016461806161481584,-0.5055173629112216,0.8028489835600476,0.5055173629112238,0.6719004840000415,0.3997974387727994,-0.011360149020593867,-0.11231439667804577,0.248709514144471,-0.08465716107066765,-0.0670051375643895,-0.15039038052518833,-0.33395510448300536
A5067,2023,-1.0280472809930006,0.2902593692612927,-0.4994918778666589,0.5293751824249677,-0.016461806161481584,-0.31699649774382016,0.15478821713884208,0.3169964977438215,0.6719004840000415,1.1034116439628376,0.8102514703209963,0.3202255358129324,0.7171551197652115,0.16687694722890314,0.01970654220015976,0.48628942579431533,-0.17910818159468433
A5068,2023,0.8638457401236107,-0.815946678548504,0.3082932644946907,0.12651501184833897,-0.016461806161481584,-2.3782411890774733,-0.35954401832261024,2.378241189077476,0.6719004840000415,1.1864995584218698,1.4507180498243273,0.6347376797743646,0.6496759637976154,-0.12186739996707922,0.07952955678146086,0.6464601504406005,-0.12266753742538718
A5069,2023,0.7773228851077139,-0.735620994199782,7.918202974141215,-0.49737695040984947,-0.016461806161481584,-2.3782411890774733,-0.35954401832261024,2.378241189077476,0.6719004840000415,1.5527885334314042,1.4471060312507336,2.1835809449518084,1.6618243012677567,-0.7704735144867096,-0.7013213976100874,-0.8197579320409409,-0.6478163191492344
A5074,2023,-1.0280472809930006,2.0216012249861723,0.6481617090899617,1.3730188175986344,-0.016461806161481584,-1.3544854974399236,0.17994643532476612,1.3544854974399245,0.6719004840000415,-0.39948489327675923,-0.3778657640719102,-0.4687442989247064,-0.4993618128717397,-0.02346293715651275,0.0007219050112223421,-0.10992890597362333,-0.12931962003181513
A5080,2023,-0.4375701963823144,0.3922526219541064,0.5137153935229506,0.4737900059576597,-0.016461806161481584,-2.3782411890774733,-0.35954401832261024,2.378241189077476,0.6719004840000415,0.9334324950167198,0.33492827791677987,0.419142195979427,0.8799102995372916,-0.021413869401403596,0.03766445280824691,0.08654195325667557,-0.31849203456868613
A5088,2023,0.18287361316903403,-0.18375049614803382,-0.37949196035175065,-0.49920694433691387,-0.016461806161481584,0.07128157554798258,2.891662928851837,-0.07128157554798147,0.6719004840000415,-1.0238145040358182,-0.7263119161676646,-0.6748541601727988,-0.7253351763648562,-0.049116219473750555,0.17315440388963046,-0.05422564981685512,-0.19328710723336895
A5094,2023,-1.0280472809930006,0.6187994922074268,0.06573817813049995,0.4910702972781497,-0.016461806161481584,0.9789283899632271,0.6531297578100855,-0.9789283899632258,0.6719004840000415,-0.3883674962716769,-0.06079415265501331,-0.4780389420044541,-0.5440482362764736,-0.20409695143790355,-0.13740692091183745,-0.10844235177053499,-0.4697865469344676
A5116,2023,0.1356662542916642,-0.13992456856438867,-0.35062500403134556,-0.09916831075360052,-0.016461806161481584,-0.12473018492408422,-0.6635386286599059,0.12473018492408644,0.6719004840000415,-0.10984744498647331,-0.29801061099307585,-0.3045400895742014,-0.2450044156217578,0.9680913871513557,1.406565284550185,1.229632229779349,0.8456361450535937
A5124,2023,-0.16451263909190425,0.1387534299251572,-0.7135206883506404,-0.042328289199593354,-0.016461806161481584,0.6293532757455254,1.2924374115362978,-0.6293532757455242,0.6719004840000415,-1.1054396030994447,-0.6160445878283073,-0.7066177691567693,-0.7827933963764444,-0.20700237939738222,-0.08045348137767916,-0.17546698418257697,-0.3762843717997596
A5147,2023,0.17681542786984927,-0.17812624207594582,0.183228072064836,0.43211736850628973,-0.016461806161481584,-1.1509828416631898,0.3067221563922697,1.150982841663192,0.6719004840000415,1.4451253203295595,1.392685734889826,1.2457641345632973,0.4027896724739335,-0.2772310893272966,-0.2682117202234885,-0.2832633731116676,-0.28887370834731285
A5148,2023,-1.0280472809930006,0.4677586855435731,-0.8630962561443778,0.5149405278631056,-0.016461806161481584,-1.187188835635738,1.221318075257623,1.1871888356357394,-0.2251887826344643,0.06393502398770114,-0.2717508457349363,-0.21793281589678015,0.044620796358230776,0.11823445053592549,0.3869149159398045,0.03128105707775513,-0.01098439831618272
A1001,2024,1.298073253413861,-1.2190714393159636,0.7329316875342153,-6.23183110132009,0.6098704104391269,-0.9687043892496755,-1.2265896353233756,0.9687043892496768,0.2233558506827886,-1.6803260534938007,-0.9447681518016918,-0.9321460306738748,-0.8981336923865901,-0.7422522743990017,-0.7560966145719147,-0.8902919292988203,-0.8100400926424023
A1026,2024,0.5103335940112897,-0.48775541507082665,0.70882979172206,-1.6686906622993425,-0.016461806161481584,-1.1884373181865144,0.7980979888423332,1.188437318186517,-0.2251887826344643,-1.268397238147617,-0.8091580700516793,-0.7561244874630566,-0.7179163602024227,-0.16043404555238983,-0.05555523830420053,-0.056438159223264714,0.038464996246412426
A1033,2024,0.5352024188834941,-0.5108429541024175,0.7501150973293487,-4.561448055468341,0.0019841921139460072,0.07003309299720621,0.34149005618587913,-0.07003309299720377,0.6719004840000415,-1.6967095859223422,-0.9468041398239011,-0.9316860092400268,-0.9465348332845311,-0.7040650273300088,-0.8133466044732086,-0.855522886359022,-0.7074818698739161
A1041,2024,0.20673273639663498,-0.20590065569949917,0.7371740746444364,0.09069440508799953,-0.17267346413171658,-0.19464520776762456,-0.42071124774374075,0.19464520776762634,0.6719004840000415,0.3240236012907965,-0.1663067291991212,0.07114539837670844,0.04622049905614998,-0.21460225748291084,-0.17087844895043053,-0.3151906326707987,-0.16690288424444336
A1051,2024,3.2342735563461504,-3.016587015409414,-0.42427024439269106,-0.7505927011714754,0.24802830059727587,1.0650736859668744,0.1588322874062452,-1.0650736859668721,0.6719004840000415,0.45948030690534153,-0.14275013559077945,-0.08224402511687662,0.5322556650970452,-0.12002288778923317,-0.07836200100100832,0.4205692921255165,-0.1608001367056272
A1059,2024,0.056351110140650224,-0.06629045362277247,0.9153110219130842,-0.39940829699510716,0.16775009555344983,-0.5542081823915442,1.842616750631388,0.5542081823915465,0.6719004840000415,-0.8286749302887274,-0.6965677188724289,-0.6247937583535884,-0.47175312331990904,-0.3728619261731731,-0.2920362709086995,-0.18038688419428603,-0.27500804461603806
A1061,2024,-0.4159969716876501,0.372224628281915,-0.2847072224916053,-0.0001985848525123159,0.3351331914189788,-0.9687043892496755,-0.37845861012514664,0.9687043892496768,0.6719004840000415,-1.111290864681068,-0.7434447707930248,-0.70490206181341,-0.6712956894730587,0.04319847864209769,0.1788055827278668,0.2006275089774563,0.14112784723107413
A1063,2024,0.22908029278052772,-0.22664724114104998,-0.5405710875107775,0.3753180886758767,0.7534733032687967,0.17490562726251493,0.7682686746048478,-0.17490562726251405,0.6719004840000415,0.8166998264633633,0.4311661160031023,0.539784956949932,0.18863950425658163,-0.12154305645690378,-0.0925513429142624,-0.11145047087021595,-0.11324754064267373
A1066,2024,-0.12133437490831304,0.09866790659312344,0.6297469880575086,-0.12151093386508299,-0.20101026619738094,0.34969318437136576,0.38764861950768126,-0.349693184371364,0.6719004840000415,-0.8985975061891106,-0.5322316045724365,-0.6392831521969495,-0.6866014120442294,-0.5049286261485865,-0.470554038676536,-0.4756128731062967,-0.347679809279916
A1095,2024,0.5902902735933874,-0.5619850165970071,0.08963395490336595,-0.8684929653599222,0.8985130497686714,0.30349932999259766,1.271765124911309,-0.30349932999259654,0.6719004840000415,-0.9348753279951659,-0.6370663068329088,-0.5751122682340802,-0.6023856266372236,-0.21813034074593776,-0.2186110344493328,-0.10559062459671571,-0.29698729430844867
A1131,2024,-1.0280472809930006,0.663778802292108,0.4376449189246766,0.545012270263007,-0.016461806161481584,0.38465069579313593,0.5306077716126614,-0.38465069579313416,0.6719004840000415,0.439878580606908,-0.10777606660607089,0.040840210719224584,0.20776093878356108,-0.06728582010620093,0.06324066845397863,-0.027106701727385017,-0.004213358807276071
A1175,2024,-0.5141014445343504,0.4633021463255363,0.6822242898347598,0.16952439215620915,-0.45326386974877236,-0.2945238118298243,0.11774795609308827,0.2945238118298265,0.6719004840000415,-0.8254567364188352,-0.5999051117606861,-0.5607136873218651,-0.5058711734292021,0.08434126549417882,0.14110271255031162,0.21608400891929508,0.1302342438553086
A1196,2024,0.2139217478491921,-0.21257473794352902,0.5567450489766771,0.3228010402102818,-0.336180092615028,0.7529530482724991,0.10841058942931571,-0.7529530482724969,0.6719004840000415,0.9583003567386122,0.5180846768571076,0.5045017969181971,0.6139487112941062,-0.1550172514957098,-0.2113301185240878,-0.019538385529833606,-0.03209780384022878
A1199,2024,-1.0280472809930006,0.7149631066035721,1.1715634467150515,0.5458577646082384,-0.016461806161481584,1.057582790662209,0.43116927097303165,-1.0575827906622073,0.6719004840000415,0.1713056740104614,-0.2819104207000584,-0.19124995234395895,0.0014674142045584795,-0.20879192495899537,-0.20037753638886377,-0.047427747905053476,-0.1613695903550629
A1204,2024,-0.32476671788783823,0.2875289477948454,0.36907104764706605,-0.09879024136940077,0.2965334087776172,1.006395006080332,0.5671334541337396,-1.0063950060803297,0.6719004840000415,-0.940141463418625,-0.6303953049899522,-0.577808189722186,-0.6982971189952373,-0.07133462896262015,0.004792665764737105,-0.015277775145438812,-0.0714574983448293
A1215,2024,0.9010858756099568,-0.8505191805262549,0.19343154109053384,-4.943858919166545,0.5995294364244826,1.051340377908322,2.3625804535576624,-1.0513403779083197,0.6719004840000415,-1.6765227334657464,-0.9241888884697319,-0.9151413644182047,-0.9276261464301236,-0.5510920400853626,-0.6405880176155739,-0.4708261431518568,-0.5406939421946726
A1216,2024,1.594109349950925,-1.4939031310165471,0.15790696988609348,-0.4561560627139927,0.06244775162675353,0.052554337286321126,0.8332889240199233,-0.052554337286318906,0.6719004840000415,0.6882646347467603,0.08950648251812572,0.22670105713407568,0.30065235161592363,0.23382042436099562,0.3624592108175678,0.37301005857746344,0.37380201028378185
A1225,2024,1.4389135483031181,-1.3498237294698443,-0.15345435189886822,-0.43518381164441783,-0.06602186711113923,1.254843033685054,0.616428269800443,-1.2548430336850522,-0.2251887826344643,0.7037704779380598,0.10146359381060796,0.1439793265407107,0.37469858279736595,0.6159222152174637,0.735974072635995,0.7511568111574243,0.5605340861043218
A1241,2024,-1.0280472809930006,2.5813805110872887,0.7451815604217074,1.239136265781899,-0.016461806161481584,-0.21462092858006415,0.5054966807885521,0.21462092858006637,0.6719004840000415,1.2099046047483566,0.7247604142270737,0.9458298858061011,0.6078388299800611,0.291543815502718,0.33397227688368913,0.43125304205502246,0.25050876838103275
A1242,2024,-0.26205078010445493,0.22930518093342597,0.34452374673333863,0.1136130747388417,-0.35460406431485286,-0.15094831849041274,0.4028286874837062,0.15094831849041362,0.6719004840000415,-0.3131787849478348,-0.3669818882750232,-0.3248645366197109,-0.30883830585031713,0.3402441153670557,0.3497236734396037,0.4625851103820241,0.3199086969306487
A1247,2024,0.27724583840755157,-0.27136309726163205,0.7379646836598232,-1.2591699795065305,0.29690094538112494,-0.06729998758831997,1.4224162346391303,0.06729998758832129,0.6719004840000415,-1.2449921918211269,-0.7837645902285159,-0.7505812716671819,-0.7098982960060508,-0.1591903646277042,-0.15275284502893713,-0.09995052646563513,-0.1278759892844649
A1252,2024,1.1800064169422935,-1.109461507459941,-0.6843789999349916,-0.7438592681754356,-0.1234694512801429,0.09749970911431109,0.2936175375878477,-0.09749970911430887,0.6719004840000415,-1.0638956458699302,-0.680717355880028,-0.7299824511979346,-0.6391159959445244,-0.17108590318646658,-0.1770521247164012,-0.28030507550169204,-0.3253602457186005
A1262,2024,1.5154875436283972,-1.4209129391515294,-0.5934721442050178,-2.5214712849997962,0.5011209750952464,-0.3120025675407094,0.5189895906275211,0.3120025675407116,0.6719004840000415,-1.3421231340760533,-0.7783661983522497,-0.7734735098916241,-0.7822173637233556,-0.1236249895836126,-0.11140554069192363,-0.07440907104995373,-0.26735616629455977
A1290,2024,-0.32025170090113414,0.28333737837622835,0.550718127434417,-0.25447161786829026,-0.016461806161481584,-0.18715431246295927,0.0629401659775646,0.1871543124629615,0.6719004840000415,-1.0776461105867405,-0.5945869330447905,-0.7088059849834798,-0.751664187005843,-0.04774812877317921,0.10965484582943844,0.0021837146474573696,0.019314290880010618
A1297,2024,-1.0280472809930006,0.4860579922498324,0.16642142525317125,-0.5767775287696834,-0.016461806161481584,0.1386996332899684,0.7335343122886031,-0.1386996332899664,0.6719004840000415,-1.4799203443232494,-0.8065877836140349,-0.8244576289697044,-0.8546355419883339,0.7172198552395322,0.7106723191721368,0.6074490737700701,0.6284713230856082
A1392,2024,1.1438679888031582,-1.0759114756316464,0.29490628825478554,0.12068487120201916,0.3128637374162807,0.5806624562652027,1.1919172217844238,-0.5806624562652019,0.6719004840000415,0.827524660389362,-0.15960883140213056,0.1740376864533319,1.0119717486189554,-0.25230499763729963,-0.22457205253232074,-0.21864708542524827,-0.23402662512667236
A1401,2024,1.1220006209257003,-1.055610126368371,-0.6089440600768798,0.17624263332311213,-0.2272687262860556,1.4783214102742275,1.0564182340041275,-1.4783214102742261,0.6719004840000415,1.0481172220165096,0.4419066056579788,0.5162916192298109,0.756290906468517,0.09719642658313685,0.35390508891500255,0.1886537122311926,0.1466540950847618
A1403,2024,1.4776003602332768,-1.385739510976821,-0.06564391825022996,-0.9349600490379155,0.45616588558602167,0.5981412119760878,0.9715182200500051,-0.5981412119760867,0.6719004840000415,-0.3974369517231889,-0.43630360259465817,-0.41463568553281743,-0.40892068357104433,-0.11661591869805468,-0.040560540961908226,0.2518775443891841,-0.18390442634363557
A1459,2024,0.5271901289362814,-0.5034046620637354,-0.07385197008395694,-0.3352628010242911,0.3923762028237046,0.7142500891983963,0.43583397237380084,-0.7142500891983943,0.6719004840000415,-0.5074406694576841,-0.4652265458457527,-0.4355242853532035,-0.5449644450297083,-0.038869946097396815,0.0858666037704918,0.07186525486723119,0.006741182030691997
A1488,2024,-1.0280472809930006,1.2966424560224776,0.40188593134050277,0.7961196713555212,-0.016461806161481584,0.5581897703512086,3.208205302131241,-0.5581897703512066,0.6719004840000415,0.7339044750834117,0.16922556143367903,0.16491928673728162,0.23378251808630682,-0.08569686256412164,-0.09491625086834028,-0.1868650668760172,-0.10424453837330945
A1490,2024,-1.0280472809930006,0.8606445035351467,0.9889115559037038,0.5395240838798028,-0.016461806161481584,-1.0261345865854397,0.4033090553504119,1.0261345865854419,0.6719004840000415,-1.1206528832116607,-0.7429276974346033,-0.698161056607929,-0.7093155625944517,-0.17941077526190424,-0.12518967202803696,0.20755500181576683,-0.11016192355673021
A1494,2024,-0.587105766550265,0.5310773686240826,-0.44975739787043306,0.5984939308250196,2.2693041733882304,0.8103832456082634,0.7756078237515267,-0.810383245608262,-0.6737334159517172,1.2584700758758198,0.6105735132264664,0.4607258544215628,0.9411428822709229,-0.3381315729233224,-0.30107929278251394,-0.1790647033267659,-0.23585690530353975
A1501,2024,-0.2468570986784195,0.21519978131121784,0.24364414837493292,-0.4634008388680232,-0.2702599681523757,-0.9687043892496755,2.456860486835987,0.9687043892496768,0.6719004840000415,-1.1914531483492887,-0.7682360814589878,-0.7224361952180923,-0.7258930801649116,0.0881704329072877,0.20323409107623125,0.27723062468702175,0.07797193180758728
A1522,2024,-0.11052887211751333,0.08863637238430819,1.3625879121455655,-0.012041720524943853,-0.11698920628283842,0.5332201193356583,0.9175864335055472,-0.5332201193356567,0.6719004840000415,-0.001891668805548491,-0.2583233502182946,-0.2795126158351748,-0.2215936957339169,-0.1367664099289478,0.013754460802304493,-0.022878675283098695,-0.24350313579511165
A1535,2024,-0.009443680764423973,-0.005208363459594523,0.7691838597820463,-1.467585302358827,0.1503645970565625,0.8291104838699266,0.5860205846987783,-0.8291104838699244,0.6719004840000415,-1.4802129074023305,-0.8175298250390648,-0.8112438043815275,-0.8161567761097299,-0.28480185588515045,-0.1309482757587336,-0.14075374423497894,-0.12520566137033892
A1539,2024,-1.0280472809930006,1.7569301346976824,0.19444542569848225,1.243494456292401,0.3864441113293393,-0.3681842823256973,1.0124999286810874,0.36818428232569905,0.6719004840000415,-0.544888743580065,-0.47094961951998204,-0.4166201453588803,-0.3763507073648526,-0.04110050779509425,-0.1704291066916879,0.1863956433223658,-0.05197288201974539
A1552,2024,0.09145195344496518,-0.09887711961903747,0.3365076676368652,-1.8400891599543148,0.05314761926998935,-0.15843921379507625,1.359615872491935,0.15843921379507891,0.6719004840000415,-1.4284292424049765,-0.8368950835893721,-0.8096496328822621,-0.8139369892411431,-0.008509177912988386,0.05647157475445263,0.33830446926499147,0.003994277043456756
A1557,2024,0.4726761197507289,-0.4527952425942585,1.1492996219634743,0.2320148073963403,-0.274067853475574,1.085049406779314,1.2357419304306856,-1.0850494067793122,0.6719004840000415,1.3754953075082568,0.8778085907368416,0.9705058155535667,1.596592755622752,-0.0852752311419092,-0.08418329405948141,0.264191833064506,0.19179893100402373
A1596,2024,-0.33127799851917694,0.2935733703152797,-0.5802969114109957,0.5721636597264351,-0.5547515988981788,0.0900088138096458,1.5740554756707426,-0.0900088138096438,0.2233558506827886,1.053968483598133,1.0380031921510826,0.5881872765169547,0.4930856990870836,-0.7829487705955616,-0.7291781450555161,-1.1428726068415604,-0.7012168601653027
A1652,2024,-1.0280472809930006,0.889148915900865,0.39863518849799523,0.6463104201943841,-0.016461806161481584,-1.6865818559467385,-1.5066296497226195,1.6865818559467398,0.6719004840000415,0.192370215704301,0.027164561705876455,-0.12489349562420808,-0.2022182658650606,-0.1909698859884851,-0.23257718126151378,0.09616704289277907,-0.15706233321834664
A1675,2024,1.2113033262302701,-1.1385163544318067,0.8858607181498162,0.09244761122415432,-0.20516393180928913,-0.8426076516211473,0.03379652990106633,0.8426076516211495,0.6719004840000415,1.3989003538347438,1.974792510235514,1.7573185545141516,1.0285190369691377,-0.0673723372666841,0.29228939496501133,-0.012271827763079366,0.2021942946972729
A1694,2024,-0.1939630188682183,0.1660943596262943,0.12982857454450403,-0.7687090264708706,0.5391413665911083,0.5719230784097611,1.2805536647467575,-0.5719230784097593,0.2233558506827886,-1.4082423899483805,-0.7936242825926708,-0.8275276704742534,-0.8074637454347753,0.06462324351556745,0.2037866935273869,0.19230735921396358,0.05500378103149762
A1702,2024,0.8915859202180733,-0.8416998890361903,0.6982061963657337,0.07526938137395606,1.243062012982546,-0.32948132325159446,-0.14869247052422258,0.32948132325159624,0.6719004840000415,1.2970884023145226,0.6463786240868167,0.8501241611263449,1.2460087748686337,0.04675488113802067,0.09159805836321275,0.20060810481654623,0.057901639373753436
A1737,2024,2.073516311775689,-1.9389712784426356,-0.8105945774862207,0.10801025909942338,2.2136047749111283,-0.6278686528874172,-0.15770623037961104,0.627868652887419,0.6719004840000415,0.8017791094302279,0.14245637781314122,0.21293924679062642,0.6476479325348685,-0.396841863465693,-0.27610654848535277,-0.3808797078497106,-0.2734542713309715
A1749,2024,0.5787051484516572,-0.5512297022518361,1.016737543414139,-0.32888589263658435,-0.016461806161481584,-0.17591796950596134,1.176443089748413,0.175917969505964,0.6719004840000415,0.1461452492094884,-0.10043838803424125,-0.23058066179626924,-0.2275217111634322,-0.12705469244376474,-0.047810903478252564,-0.011458338172560633,-0.12481336185733047
A2000,2024,1.663982077760653,-1.5587711016257326,0.40015990199063556,-0.8377208105830457,0.27185515789097975,0.4395839280273457,1.662908459203864,-0.43958392802734414,0.6719004840000415,-0.07737294320847096,-0.20894208376588397,-0.37202602301598114,-0.19069900465388012,-0.13216700014020671,-0.21187292496960167,0.1058916848868029,-0.14081704337751447
A2019,2024,-1.0280472809930006,0.7774506508263123,-0.002449492399587838,0.544514047321089,-0.016461806161481584,0.43833544547656755,0.24943808960271466,-0.43833544547656667,0.6719004840000415,-0.7827425268729955,-0.640859195910035,-0.5643774326441209,-0.5199503991970972,-0.20380694682850103,-0.12624869453424561,0.26094332255889335,-0.1573065391080947
A2021,2024,0.5989788472597483,-0.5700512515189139,0.6586018531246218,-0.07312585576338955,0.007587410211319907,0.7292318798077269,1.5231218910220794,-0.7292318798077255,0.6719004840000415,0.1490708800003002,-0.1299776778220875,-0.036570406743121786,-0.0045439723711808945,-0.16533510293465473,0.011946717178225198,-0.18574394637373895,-0.10679240679567858
A2024,2024,0.11490883612653566,-0.12065385001354467,0.5213667846537187,-2.4219751622191183,0.5208710005660929,-0.15469376614274538,0.27497480466687935,0.15469376614274627,0.6719004840000415,-1.583195111238877,-0.9010095685119875,-0.8741892332913757,-0.8655247328305344,-0.09026785314110744,-0.019659014040346694,0.14884615846155339,0.0016976777704191934
A2029,2024,-1.0280472809930006,1.8565945162038753,0.2832331925284281,1.7635375605071448,-27.83158742421915,0.6805410603274042,1.5561097735667226,-0.6805410603274031,0.6719004840000415,-1.193793652981936,-0.755216280052228,-0.7297759784968841,-0.6504362210077012,-0.1334400544937097,-0.05520379155682098,0.15646864307959693,-0.21223866514060422
A2035,2024,-1.0280472809930006,0.8849782024164038,-0.19175683288409498,0.6552302336182837,-0.016461806161481584,0.44582634078123284,-0.1494932826065919,-0.44582634078123173,-0.6737334159517172,1.4606311635208562,0.7920918909151664,0.9501876891358778,1.2067514635112118,0.31044306935474075,0.5113888880073382,0.4751713923375397,0.2533146784831824
A2057,2024,1.6912326060745504,-1.584069863923235,-0.5984107466907969,-4.1780915694601415,0.18965648646850738,0.6068805898315313,1.3168107825001503,-0.6068805898315293,0.6719004840000415,-1.5793917912108224,-0.8852382353952404,-0.8902871157614569,-0.8262059279008132,-0.14279690958482671,-0.13636417462623476,0.07076863236417233,-0.1490921992389518
A2070,2024,1.6799274181541717,-1.5735747204222785,-0.5666668507964127,0.05697503545858508,-0.016461806161481584,-0.42311751455990704,-0.05207847264313225,0.4231175145599088,0.6719004840000415,1.2333096510748436,1.4827315487059098,0.482587637779457,0.8376007996009435,0.7036620116846222,0.47224081377280847,0.5163717043735162,0.6239088924229791
A2083,2024,0.18778418541146594,-0.18830933754473006,0.6145749696598426,0.36175620469792336,0.07763124909011465,-0.892546953652248,0.19818528272012978,0.8925469536522493,0.6719004840000415,1.1170158271401096,0.467883490435447,0.5848497045451345,1.0338517884385379,-0.19493219887978191,-0.2500970565806036,-0.014253684560705459,-0.2589905745309077
A2097,2024,1.4505353783441306,-1.3606131196428513,-0.26067091240859086,-0.4435753637369698,0.16478280728172243,0.4345899978242367,0.25321665073598737,-0.434589997824234,0.6719004840000415,-0.1417368206063111,-0.12070920139472645,-0.2342309036055751,-0.34968617435687616,-0.09351072177446539,0.0007628622889348399,0.0924709515935852,-0.08196253119846358
A2098,2024,0.41846764707383943,-0.40246957440518966,0.18843525156305185,-3.8092332674811025,0.19468018252369707,0.33096594610970254,1.003990835583714,-0.33096594610970165,0.6719004840000415,-1.5943125082439582,-0.8966208896840694,-0.8852854667477603,-0.8625108303993525,0.24364953433382644,0.2955070621663285,0.49095147697637054,0.3173936213425094
A2107,2024,1.724094021070239,-1.6145775057295932,1.9281871313671972,-0.15398091365553376,-0.01217184497937526,1.3584670853995864,0.5151182786262547,-1.358467085399585,0.6719004840000415,1.4778923851866421,0.5073016259107084,1.0314065628813562,2.105033525468566,-0.11915899226245953,-0.025911632125940956,0.10095604746808313,-0.11712296492773364
A2120,2024,0.19243386737375823,-0.19262610385544798,-0.2669773438937491,0.05695984362944829,0.25216931672448784,-0.5479657696376571,0.1828800625829696,0.5479657696376589,0.6719004840000415,0.8898405962336353,0.29809237194568905,0.41624149712059494,0.7532145002238636,2.096027753228557,2.29397472725983,2.2414205900832016,1.5763160435506243
A2141,2024,1.67135220611212,-1.5656136401255982,-0.9574124883518103,-0.20940250174454603,0.3519252106905017,0.7529530482724991,0.41405457807483004,-0.7529530482724969,0.6719004840000415,-0.1955684271572334,-0.3181823632402255,-0.2856474349690004,0.055715790497317404,-0.031196917913250088,0.010478675692822305,0.23736209055033644,-0.12439579370228987
A2142,2024,1.8108012087506795,-1.6950740949403327,0.42366772559076665,0.4895585721715011,-0.31667974508852414,-0.6515898213521895,0.29792759489371984,0.6515898213521917,0.6719004840000415,1.7327148270662789,3.041876468153607,3.7431755240398528,3.1291328336393947,-0.899846056575464,-0.831082659155977,-1.1194864412163863,-0.9172061847252581
A2147,2024,1.709930590649383,-1.601428563053648,-0.4968624582566066,-0.07513152247829034,0.3690598321517201,-0.48679012464956023,0.04787000409402262,0.48679012464956156,0.6719004840000415,0.7002597209890875,0.8040339789105094,0.4531614411745626,0.21641510066845376,-0.15014282591575953,-0.009772914227530889,-0.7183885060141733,-0.06940891375549585
A2164,2024,-1.0280472809930006,1.6309276426277641,0.47542379042510735,1.222839783505554,-0.016461806161481584,-0.8775651630429174,0.48368389991968874,0.8775651630429192,0.6719004840000415,-1.0457567349669026,-0.6789076652215166,-0.6349999796514075,-0.617436319141237,-0.6019344780436732,-0.7048181424438925,-0.6094791983959611,-0.5535362949010443
A2189,2024,-1.0280472809930006,0.31706129744686795,-0.4381943241416477,0.4671786600248647,-0.016461806161481584,0.06254219769254092,0.4584437258306767,-0.06254219769253892,0.6719004840000415,0.30500700115052376,-0.06123907845481083,-0.15933006129656538,0.3685636211281925,0.012399335692539546,-0.01421848165357732,0.2429034134682832,0.0806228594315265
A2193,2024,-0.3256255637609326,0.2883262768893676,0.05776798030789464,0.22751761164923656,-0.020617869225211468,-1.6691031002358534,-0.8413248523183993,1.6691031002358547,0.6719004840000415,-0.33570614203707994,-0.23173772349642785,-0.39154756891705256,-0.47007275683577254,0.15991305893489147,0.2626120390201489,-0.35633873538521316,0.17285065006265724
A2198,2024,-0.21906454939461117,0.18939783919043904,0.6666981771373337,0.13224944397109695,0.5738456179345154,0.27103878367238377,0.9703852527689871,-0.27103878367238154,0.6719004840000415,0.5548558706857815,-0.012335777692748922,0.20940204051048422,0.0764109106436273,0.6901934131080237,0.9202678808339578,0.9257969294391765,0.6042395106308514
A2202,2024,0.48676281521824594,-0.4658729466314902,0.19693425875487014,0.40645388059927295,-0.41215761218475583,-0.9687043892496755,0.9084820525283878,0.9687043892496768,0.6719004840000415,-0.05572327535646708,-0.17235956722714008,-0.143625798435485,-0.18437949330666262,-1.3867473286597327,-1.3624455907589197,-1.3197947553570974,-1.2046454546807512
A2205,2024,1.0787313662723832,-1.0154404110440265,0.24947714107852215,-0.13308482889294926,0.4504586968516551,-0.9687043892496755,2.456860486835987,0.9687043892496768,-0.6737334159517172,0.807630371011848,0.34844407231650804,0.19971106093523053,0.28500531211752134,0.10417236535695161,0.14322169954006844,0.18454053528923173,0.03284157350185108
A2207,2024,0.01329984828160714,-0.02632283578648188,-0.38009545615701223,0.3369678352029547,0.12033589405164942,-0.4780507467941168,0.5436313284133655,0.478050746794119,0.6719004840000415,0.21665295126803252,-0.10211888399776503,-0.09156869745033694,-0.08316147829646758,-0.20850724334461285,-0.16298448460981071,0.14152124728407156,-0.11787119852507628
A2217,2024,-0.38816512061151176,0.3463862965013102,0.20136195774024146,0.12187936329478397,-0.016461806161481584,1.006395006080332,0.9550131561698149,-1.0063950060803297,-0.2251887826344643,-0.9541844912145191,-0.5913019049518193,-0.6666079771992226,-0.6202883953897832,-0.08407176710843305,-0.05822057285711578,0.10339705409949726,-0.05606178855881213
A2246,2024,0.4667425731521338,-0.4472866996938683,0.3254933776946138,0.449456286476494,-0.3718561565788107,-0.5829232810594273,0.8492735547018009,0.582923281059429,0.6719004840000415,1.6861972974923825,2.0366561737644093,2.234280832696898,2.1649168970698605,-0.09515568122252077,-0.1805433937302278,-0.04874023283255621,-0.3365214768368363
A2247,2024,0.5046129417324088,-0.48244482156913904,0.2940338392203565,0.343534089024721,0.20099525695068216,0.847837722131588,1.9889057094676839,-0.8478377221315858,0.6719004840000415,1.2008351492968443,0.9648462775756409,1.1417634505676886,1.3072877399607887,-0.061073741238395894,-0.10648619865921301,0.4803855683573005,0.3233085165044323
A2251,2024,0.8998715091604956,-0.8493917958209194,-0.12368866396755766,-1.3474797370098683,-0.15839579537144624,-0.0036273774986667747,0.6354178597783455,0.0036273774986687705,0.6719004840000415,-1.1534199480687435,-0.6763488960244203,-0.7069071934630428,-0.6316059041100418,-0.10193578430702291,0.0043763373886865214,0.09215627179394001,-0.09867106047607897
A2266,2024,-1.0280472809930006,0.3004778469744497,0.06874275254453248,0.49708501864848154,-0.946043674203098,0.7629409086787189,0.17954228446654105,-0.7629409086787169,0.6719004840000415,1.0526519497422657,0.7177326639294912,0.21901189117660488,0.4339775698023163,-0.170192442944457,-0.19016938937230704,-0.06420038391842221,-0.07662139509172072
A2272,2024,0.4964811824297437,-0.4748953253124592,0.5035528780835605,-0.20986985765180885,0.3023949108345097,-1.1497343591124134,-0.8931986013121864,1.1497343591124143,0.6719004840000415,-0.07473987549673983,-0.20936826880127937,-0.09043543613828857,-0.32999822075286267,0.04930253448758265,-0.014257818286027924,0.06615505029782358,-0.06653174640507521
A2286,2024,0.6127327450860116,-0.5828199952988135,1.5171804409322012,0.010468841352268997,0.14040011677652306,-0.09476660370542483,1.0215564298884117,0.09476660370542617,0.6719004840000415,0.8307428542592542,0.3166814775507985,0.4621192469733134,0.360300089298262,-0.38017242242918015,-0.3147954531825705,-0.30882189736544036,-0.3098722246905509
A2299,2024,-1.0280472809930006,0.5061308734348651,0.33345142299751585,0.3970817649897097,-0.016461806161481584,-0.9687043892496755,-0.21733120827342411,0.9687043892496768,0.6719004840000415,0.08734007031418771,-0.06942711628207161,-0.21254735405943218,-0.16249317001106328,0.40330042360024526,0.5067048453114874,0.48509662497788636,0.3628861194901461
A2308,2024,-1.0280472809930006,1.282120522224507,-0.5857600493699978,0.8296346418292769,-0.016461806161481584,-0.6116383797273103,0.33719324737477097,0.6116383797273116,0.6719004840000415,-0.33395076356259373,-0.3534511514496446,-0.4258450590217874,-0.17983345820879504,-0.10535040353480489,-0.0134475314974545,0.533513990350126,-0.07823139753222372
A2309,2024,1.151417480625839,-1.0829202180237982,-0.5457414278644037,-0.6870262901058464,-0.15076585635585063,1.0376070698497695,1.80525814452108,-1.0376070698497672,0.2233558506827886,-0.9021082631380832,-0.6179804584101742,-0.605716019265075,-0.4410774307710307,-0.22809010732584573,-0.056779180578579475,0.2546116116999839,-0.05003047092013083
A2311,2024,-0.055319655662710424,0.037381640954337145,1.2450804101882866,-1.4876372047977875,-0.016461806161481584,0.25980244071538583,0.39649509151413587,-0.25980244071538405,0.6719004840000415,-1.4205300392697866,-0.8552906955444898,-0.8265097163994487,-0.7782435545326243,-0.2479187016201817,-0.19053167781700117,-0.10640069011876312,-0.15801756279925566
A2342,2024,1.0407461143051178,-0.9801759386805069,0.6376399430740105,-8.834767617099745,0.40525557413219726,-0.06355453993598732,0.3633753720733396,0.06355453993598864,0.6719004840000415,-1.725673330751371,-0.9622118041247888,-0.967539353590162,-0.9635912121830519,-0.46867268406553286,-0.45928660519392417,-0.4992168386754692,-0.4795574639266421
A2366,2024,2.210936282628255,-2.0665488485368946,1.4387476898532094,-0.1332865349516246,0.6419866162555973,-1.0211406563823306,-0.04697486022253406,1.021140656382332,0.6719004840000415,1.5346496225283761,1.4007970694482785,1.3179484375288921,1.663253049220716,-0.036856738193834046,-0.01050062205188167,-0.02408441108453352,-0.049579060473128746
A2419,2024,-0.14382251994985332,0.1195452873725804,0.19180234249373365,-0.6122109510483409,0.0005027415410040496,0.5244807414802166,-0.030540058953936973,-0.5244807414802142,0.6719004840000415,-1.2362152994486952,-0.7761667220714421,-0.7755564482011142,-0.7026240144824538,-0.06505512509643263,-0.022070858482484045,0.3489063918114688,-0.0024995591321272906
A2452,2024,-1.0280472809930006,1.365169454803611,1.5949164814552088,0.7801092097895608,-0.016461806161481584,-0.4780507467941168,2.2178688371763378,0.478050746794119,-0.2251887826344643,1.744417350229522,5.954906785133266,3.8744580573526304,5.999257574028597,1.6395399389188345,1.9410093512657836,0.31448422613816124,1.5644797437840199
A2490,2024,-0.09376055240698496,0.07306912150693672,0.8597204304345397,0.3195317585800438,0.17917995707356127,-0.0935181211546467,0.750271051463175,0.09351812115464869,0.6719004840000415,0.4588951807471807,-0.07922641443599834,-0.13356552295643603,0.3208827008510403,-0.5660493021664031,-0.5278165991959024,-0.47978326393211196,-0.47785118565177837
A2500,2024,-0.37885997475790495,0.3377476527699005,0.6245944043620362,-0.4733271109722354,-0.214244549027352,-0.2620632655096104,-0.19072390114565949,0.2620632655096113,0.6719004840000415,-1.4070721376320563,-0.8042068774783093,-0.7686384314589682,-0.8120968348150172,-0.1875547134690648,-0.12772853108180887,-0.07118542178880034,-0.1546842825626625
A2506,2024,-0.16345412082688576,0.1377707304254884,0.5794001526908766,0.036359585212418444,0.06106402568175452,-0.852595512027367,-0.9566010504938388,0.8525955120273693,0.6719004840000415,-0.41850149341702847,-0.4824265831180362,-0.4186202084081201,-0.3790325505732855,-0.1456450453801634,-0.034095011281040644,0.2751660831949336,-0.20580271249135573
A2528,2024,-0.15512490683412491,0.13003834426326327,0.5319883158859745,0.42228556195780087,-0.016461806161481584,-0.6728140247154072,0.8530425393841894,0.672814024715409,0.6719004840000415,0.7856881400807669,0.1150829160055911,0.18193662048420498,0.5110353404458956,-0.4593787462921584,-0.3318310592302599,-0.18256979802050774,-0.12090494244804567
A2530,2024,0.45396513768834373,-0.435424476950742,-0.6867481518562891,-0.6012952074909418,0.4114288209920372,0.39463855619935573,0.5752309841022116,-0.3946385561993542,0.6719004840000415,-1.2406037456349128,-0.7330331966296293,-0.7885155786367315,-0.659585303908468,-0.15608191836547197,-0.15553519302550958,-0.02975442755491249,-0.12674000977048264
A2542,2024,0.8470442167891729,-0.8003483777734757,0.20379240579511054,-6.765963798413984,0.3053889525057041,1.1774371155368484,1.035723833286183,-1.1774371155368462,0.6719004840000415,-1.695831896685099,-0.9443559197063232,-0.9346017731948066,-0.929111975719444,-0.19229931948915382,-0.17047466746066348,0.03618141324952812,-0.06902177438362406
A2543,2024,-0.4014984234207967,0.3587647955150161,0.0893010682329355,0.4874485652119381,-0.31607921494429925,0.1124814997236399,1.7057263307693815,-0.11248149972363901,0.6719004840000415,0.5355467074664289,0.1851981568122336,-0.021116489392962953,0.27319393301473255,-0.030883112465486254,-0.05387430204321569,-0.047230389890724866,-0.1569177850523593
A2550,2024,0.5521375393599754,-0.526565058263538,0.6011782836558512,-1.5601528461928265,0.0496949678567155,0.7342258100108359,1.071400097967723,-0.7342258100108343,0.6719004840000415,-1.1007585938341466,-0.7017224987103013,-0.6853846659887948,-0.7340091724682242,-0.13150773388189937,-0.11314593682839054,-0.07176270612421762,-0.15237529914872652
A2551,2024,3.2583607643415187,-3.0389489226411737,-0.08580368570773532,-0.23617499317854876,-0.002314258870261624,1.1861764933922918,1.2073729749373505,-1.1861764933922896,0.6719004840000415,0.9980889354936442,0.41115723336043225,0.26509622410856365,1.586713466076769,-0.5295367247767829,-0.5918370083910345,-0.18979613409151533,-0.4271773006646648
A2557,2024,1.912839509207049,-1.789803671291836,0.09659934960233665,-0.6848713291427921,0.6243080279787886,0.4108688293594627,-0.15368503001597247,-0.41086882935946156,0.6719004840000415,0.07914830409991715,-0.20861354693627598,-0.18391400760390939,0.18626819063807032,0.11621821647454199,0.10248876112689355,0.2098818113434002,-0.045606426822638525
A2571,2024,-0.25659545453960153,0.22424064582509254,1.5096785166142992,-0.5568812735256062,-0.016461806161481584,0.06379068024331729,0.2465711428466837,-0.0637906802433164,0.6719004840000415,-1.2069589915405852,-0.7780137294808646,-0.740667113232549,-0.7033209015061813,-0.17966813679561192,-0.1416885511546504,-0.09043962075490769,-0.17775652745587323
A2587,2024,-1.0280472809930006,0.9890506668570389,0.2184288143285204,0.6944993165389065,-0.016461806161481584,-1.1434919463585245,-0.7993851584507937,1.1434919463585271,0.6719004840000415,-0.2344793166750199,-0.31700918555209817,-0.3720716292252111,-0.48695791657448423,-0.28407043061016835,-0.20766787106275075,-0.32214460288769203,-0.3215602838863592
A2591,2024,-1.0280472809930006,0.8372003345152539,-0.5879903983284267,0.5738019603913007,-0.016461806161481584,-0.8875530234491372,-0.4611870199270678,0.8875530234491394,0.6719004840000415,-1.0837899352474443,-0.6948275589863049,-0.7127365268555048,-0.6472248304911141,-0.01472050057982498,0.06306581632919325,-0.3075863439626848,-0.13464304798385743
A2592,2024,0.3503244592543118,-0.33920729656918314,0.6679411314003326,-1.2012632153320453,-0.09997051758173998,-0.05856060973287653,0.14201829426603083,0.05856060973287875,0.6719004840000415,-1.098125526122419,-0.7362897167667717,-0.720266514962799,-0.6628069993905583,-0.2129107926676261,-0.23057029209420582,-0.07682948940677749,-0.14266974627897322
A2597,2024,1.3714151639897145,-1.2871600696301382,-0.4613643121578402,0.13033568782247376,2.037321276078198,-0.10974839431475364,1.0101508711149572,0.1097483943147563,0.6719004840000415,0.8734570638050971,0.34510102992708347,0.4768743876538852,0.417950347478074,0.011225217893770524,0.0608132669448714,-0.03099160132155784,-0.2733768712033189
A2598,2024,-0.43743670757055125,0.39212873526906816,0.8943584570758679,-0.2639281862371003,0.04484785765380696,-0.2283542366386166,1.1787714353027645,0.2283542366386188,0.6719004840000415,-1.2142730685176144,-0.7379818351169177,-0.7271701209264181,-0.7839570532238914,-0.1775560810488019,-0.1475684418319001,-0.19427916340271145,-0.20951700402828427
A2599,2024,-1.0280472809930006,0.9776074363276065,0.3354406655730593,0.6774431046981843,-0.016461806161481584,-0.9687043892496755,-1.1614672765724947,0.9687043892496768,0.6719004840000415,0.9041761871086098,0.14701398791865872,0.4538083315313008,0.32962172077876123,-0.3321239039013412,-0.19613339936254187,-0.11833467967583677,-0.12784685044303548
A2600,2024,0.10023310811189645,-0.10702930421790882,-0.47118486547032207,0.028915796096695947,-0.21624918221529604,-0.9687043892496755,2.247401300066533,0.9687043892496768,-0.2251887826344643,-0.6832710799854218,-0.4513652848034914,-0.5199951913002533,-0.5098991609775148,-0.13248154581954197,-0.020352712836674926,-0.04871335429801333,-0.38422415861056763
A2612,2024,-1.0280472809930006,1.105144615432323,1.033143891500606,0.7340428881905237,-0.016461806161481584,-0.8538439945781452,0.13196222345278136,0.853843994578147,0.6719004840000415,0.7175209426548701,0.5621120576782239,0.2042177082853144,0.10888484127336516,-0.13249252814937096,-0.11182632572764645,0.25870292475719303,-0.2632823657726953
A2616,2024,0.7119916167111253,-0.6749692426101973,0.1306516699383882,-5.928740506448602,0.16590445135255383,0.4171112421133516,0.7080598593545755,-0.41711124211334916,0.6719004840000415,-1.6926137028152066,-0.931214541847972,-0.9223675697205033,-0.9424446507090256,-0.1347396573183103,-0.129911319605792,-0.0295264908204201,-0.10493346797025498
A2619,2024,0.08484140417351128,-0.09274006589377155,0.4594036442893932,-0.5291038425942046,-0.016461806161481584,-1.5867032518845388,-0.7109498337401357,1.5867032518845396,0.6719004840000415,-0.9714457128803018,-0.5568294793557755,-0.6559188646498134,-0.7199657258189553,-0.17519850198463183,-0.12046259892159232,-0.3713424992273829,-0.21298471013949175
A2620,2024,-1.0280472809930006,1.3858984521784008,0.7451945834693451,2.0170010071374693,-0.016461806161481584,-0.21961485878317494,0.5126455386283053,0.21961485878317627,0.6719004840000415,-1.0191334947705202,-0.7124957258459526,-0.6685514236250856,-0.6476621128810617,2.5435225898453684,2.7137144702404483,3.508413134639113,2.916853645421448
A2628,2024,-1.0280472809930006,1.0437287543637723,1.0783303869848888,0.6920192504323249,-0.016461806161481584,-4.103644074251981,-2.0122359441266053,4.103644074251982,0.6719004840000415,1.563905930436483,1.4662470373269196,1.549966474482817,0.9440019281515294,-0.13951453358681545,0.13369390029340328,0.18872973965170192,-0.07260891903155803
A2634,2024,0.42177005926373884,-0.40553586800048586,0.8221532032011546,0.44748728731282794,-0.025779569484378866,-1.323273433670486,-0.6177162814991061,1.323273433670487,0.6719004840000415,1.43751868027345,0.7892367392173201,0.9746464456757091,1.734009957224633,-0.4636597796569999,-0.29203096748208024,-0.5267928061528555,-0.5361090873868964
A2643,2024,1.7647549652572412,-1.6523260178045647,-0.11721874055575074,0.12840266567235437,-0.2219940629874575,-1.2084130389989558,-0.704263096360992,1.2084130389989571,-1.1222780492689701,1.2552518820059275,0.5568236308031028,0.80480345171937,1.0126361543456168,-0.20641045287203152,-0.11303840638310649,0.2881668750748442,-0.1545769180952889
A2645,2024,-1.0280472809930006,1.0377898433823394,0.29265772152899616,0.7337041794545419,-0.016461806161481584,0.9726859772093381,0.8650376365941502,-0.9726859772093358,0.6719004840000415,-0.43576271508281456,-0.45767634762269915,-0.41931211223656206,-0.3308433936597364,0.0024526979332230876,0.006590342790400986,0.19954627547344445,0.07287700727013692
A2666,2024,0.5485767307562157,-0.5232593006314108,1.0031786073197189,0.03791536662356372,0.04771054108553978,-0.9674559066988974,-0.8634779291377099,0.9674559066988996,0.6719004840000415,0.9898971692793734,0.7781310393669771,0.5509520603143587,0.02264243954987788,-0.0637763894644518,0.04545338722611022,-0.15957598519912541,0.12372961083216064
A2671,2024,3.389204949031591,-3.160421096602443,5.805133088580034,-2.9247431541460323,0.680508277357524,-3.836468808385595,-1.6313571563026308,3.8364688083855967,0.6719004840000415,1.5065635669365878,1.9931448614411549,2.7547267338867334,0.6280691619561316,0.1804489596977957,0.25976844909847513,0.2441637850085981,0.06685336503660151
A2684,2024,-0.2257184086676589,0.1955751977931757,0.05141032011919449,0.1624834627276869,-0.4093067139439678,-0.29577229438060243,0.3769007988339097,0.29577229438060376,0.6719004840000415,-0.3667178284196765,-0.34584597041710186,-0.38145859420732875,-0.4134693058034503,-0.08866066908267808,-0.036320334456068575,0.09755712420295143,0.007757742154478672
A2695,2024,0.6204707100465818,-0.5900037110139827,1.2012068232340012,-1.0307467414660014,1.4653301615105503,0.21610555143817403,1.1377827449294988,-0.21610555143817137,0.6719004840000415,-0.616566697954931,-0.5111729821881836,-0.5593732712336714,-0.4954834970506579,-0.17269781372453236,-0.04663013509788392,0.019913039152391877,-0.10085395793296233
A2704,2024,1.774630183315781,-1.6614939010295915,0.2753915069275593,0.20259852336992268,0.4141607515518842,-0.23709361449406002,0.39545881017835893,0.23709361449406136,0.6719004840000415,1.5680018135436202,1.0072674702213376,1.5276129697826337,1.830186032037528,-0.15983011145166848,0.37528066686054956,-0.1042414265974261,-0.11249530962933685
A2706,2024,1.8923095715596072,-1.7707442368719486,-0.1694153908940839,-0.23252342988421398,0.17902246795993124,0.10124515676664374,-0.09609634641847764,-0.1012451567666413,0.6719004840000415,0.44397446371404514,-0.04956530058847641,-0.02015305426632836,0.26524991093819444,-0.3332116572549014,-0.2814869824669021,0.01031657353055831,-0.2125821764737891
A2710,2024,-1.0280472809930006,1.2337980128713928,1.167638164373718,0.8117532374513515,0.3131829097882285,0.35468711457447655,1.3075201457530432,-0.3546871145744741,0.6719004840000415,0.29623010877809214,-0.012804368069112192,0.050810299604535536,0.07139644643696874,-0.016046907612812585,-0.09016855329109928,0.0691505108721351,-0.084474618503767
A2729,2024,-1.0280472809930006,0.4915503615037863,0.4297267109293515,-0.5475306336381409,-0.946043674203098,0.5806624562652027,0.8061292942286192,-0.5806624562652019,0.6719004840000415,-1.5454544740374152,-0.8700210747852647,-0.851007309339236,-0.8692266881954767,-0.15551029796930646,-0.15672558996714106,0.08992910815250733,-0.19833671987892512
A2735,2024,-1.0280472809930006,1.2403966426734627,0.281333117684529,1.0666085318456815,-0.016461806161481584,0.6980198160382893,1.0806974513205136,-0.698019816038288,0.6719004840000415,-1.1853093236885848,-0.7419999635662531,-0.7073068965146612,-0.752931145358778,-0.19348886972859017,-0.19164063965345776,-0.07503350998693954,-0.1981112171351873
A2754,2024,1.3776645217880346,-1.2929618030386336,-0.15039244151197825,-0.04391852844137163,-0.14366373912828861,-0.3869115205873605,0.5456774489210279,0.3869115205873614,0.6719004840000415,0.5931816340454041,0.11854568661372421,0.1343751011990396,0.43715274537164434,-0.093142066870114,-0.0701327749823482,0.16081193943292782,-0.059490577746192826
A2762,2024,-1.0280472809930006,1.537286428952461,0.052010294737104126,0.8158584149529572,-0.016461806161481584,-0.8151410355040424,0.5226958476746292,0.8151410355040442,0.6719004840000415,0.7125473703104914,0.2577107780778578,0.15402636718858087,0.3857846579225029,-0.2656146424166075,-0.22614267539178676,-0.18329157316832714,-0.27563137309680064
A2772,2024,3.9455401337720075,-3.676907851539016,-1.2021207994985539,-0.2812965211128149,0.0829131142249655,0.16242080175474063,-0.004656492515837784,-0.16242080175473886,0.6719004840000415,1.001307129363533,0.4239361208023377,0.2479422981707865,1.5520544818871962,0.026665627910170717,0.2845513753532296,0.1867335262385679,0.13441839695768432
A2773,2024,1.8647427897984472,-1.7451519882169875,-0.25815200448033326,0.0782753609837459,0.06085771252525751,1.1100190577948643,0.42377314498706703,-1.110019057794862,0.6719004840000415,1.2488154942661431,0.43033493138931866,0.5481176409405902,1.291193775665425,0.00018796290317329024,0.0745721472523218,0.38579548939025093,-0.08477681871752155
A2778,2024,0.016323152229903513,-0.02912958875005561,-0.2987925566366837,0.0989072460268878,0.7508345006143458,1.7330118506328367,0.7379313521670889,-1.7330118506328351,0.6719004840000415,-0.60047572860547,-0.5384128242656907,-0.5878563369068268,-0.2916776573911202,0.07042460594946846,-0.1730981417727061,0.27567699984607086,-0.1351393814976407
A2783,2024,0.30448480651959847,-0.29665101266168936,0.010175312744846128,-0.2799340212005509,0.07716673735916485,0.1461905285946337,0.5573805546305914,-0.14619052859463147,0.6719004840000415,-0.5422556758683336,-0.4296915109948021,-0.48129283309317605,-0.5918109800329628,-0.04055820618943436,0.017665008906299743,-0.04744253736186276,-0.09770375589423905
A2801,2024,0.41021558858865104,-0.3948085882771036,0.5220742573899658,0.2502996929453852,0.3972210655150992,-0.9687043892496755,-0.3349831101396765,0.9687043892496768,0.6719004840000415,1.7432470979131969,3.7985089337965774,4.310276195653998,3.927561946164726,3.1459162310863236,3.8201916517434085,3.9178108207377793,2.302844724954283
A2802,2024,0.5959698753656408,-0.5672575879960167,0.7475495518103042,0.18472554355179133,-0.12358147394923287,-0.9687043892496755,-0.1232933701618006,0.9687043892496768,0.6719004840000415,1.3775432490618273,0.9711061010035943,1.0846047542276218,0.9788915924373622,-0.00947236949425926,0.039832124977580735,-0.17083471652538443,0.161705231192694
A2809,2024,1.2386488888340406,-1.1639034792810876,-0.19603037053681197,-0.7557156621714775,2.537890275084319,0.8840437161041363,0.6667459694949801,-0.8840437161041346,0.6719004840000415,-0.6996546124139632,-0.5731430153066939,-0.5439056351178208,-0.4429647512638581,-0.2944955524148997,-0.37123758979919774,-0.13341419733420812,-0.3318308681728419
A2811,2024,1.1999385571676449,-1.127965862692189,-0.6454490960754833,-1.1220007445098186,0.4908426241076729,1.294794475309935,1.9642847367591454,-1.2947944753099336,0.6719004840000415,-1.1601488988876119,-0.731071431603658,-0.7374258529719079,-0.6235300108845001,-0.11421233125318155,-0.07337976984810719,-0.059077698773371906,-0.12577228614297112
A2831,2024,1.0508900361705835,-0.989593425046604,-0.3527302092354476,-0.24715426620324715,0.18574003811430798,-0.20463306817384436,-0.0536231185094413,0.20463306817384613,0.6719004840000415,-0.21048914419036877,-0.0007594483958767695,-0.38767440760121336,-0.4080750703745464,-0.25815082028122466,-0.2189806387290253,-1.001566611093334,-0.3143238451999327
A2833,2024,-1.0280472809930006,0.9672990967547165,-0.37436548807583975,0.6718610742431758,-0.9825508094410264,0.9602011517015638,0.3895421800418164,-0.9602011517015621,0.6719004840000415,0.6376512220657301,0.15567024765893714,0.3269406882681778,0.4878516214452235,-0.5752112778825782,-0.48895295817672085,-0.369828921147857,-0.4900901817890625
A2844,2024,0.7398018064878107,-0.7007874477175504,0.8677738882275431,-0.6849102064146286,0.5437464157643174,1.1512189819705216,1.1089319365668286,-1.1512189819705199,0.6719004840000415,-0.36701039149875686,-0.3400324384078254,-0.40459088566502077,-0.5229170174624527,-0.06218260817231828,0.045624224661610015,-0.01927645203817437,-0.037192160735325566
A2880,2024,0.6708310980254736,-0.6367569222768223,0.5116380352029524,-0.45825633309215447,-0.010017819495008434,0.673050165022739,0.3458404713557229,-0.6730501650227367,0.6719004840000415,-0.2590546153178321,-0.3728503183968379,-0.4190975834154612,-0.1527368123690059,-0.19033558523669425,-0.16308214064203352,0.15139768974683562,-0.10530399578382736
A2909,2024,0.585039880567431,-0.5571105530846489,0.15622288050851107,-0.06283898487848492,0.17021037881789186,0.06878461044642807,-0.03248422701644981,-0.0687846104464263,0.6719004840000415,0.14702293844672987,-0.2598538036544729,-0.1669230691558996,0.24490114626953055,-0.017643871427745098,0.0654133580934804,0.10466001002284073,-0.03922726971532454
A2916,2024,1.66193354600874,-1.5568694153160156,-0.43255677696923567,-1.102284374333475,0.4327010341104854,1.4870607881296691,0.716074615346291,-1.4870607881296676,0.6719004840000415,-0.8792883429697574,-0.6398304870551783,-0.6554190678063385,-0.5710779295566087,-0.2591966085632143,-0.271072269097399,-0.21721089970410867,-0.23925229878506948
A2918,2024,3.2312114872469673,-3.013744273936582,-0.1904194075828651,-1.4535670420228508,0.19153491369339803,0.9052679194673541,0.634753128014566,-0.905267919467352,0.6719004840000415,-0.08468702018549681,-0.22067157277998609,-0.22232272909663725,-0.07024585535616798,-0.06471119727314276,0.01708181139597541,0.020815508105589374,0.0038287290886648176
A2920,2024,2.1815479425820983,-2.039265521111105,-0.5278575904251429,-0.10730208512720867,0.7795391744243055,-0.022354615760329998,0.3650642908583086,0.02235461576033111,0.6719004840000415,0.8719942484096914,0.3664758979446346,0.5216360726620648,0.4013781099530137,-0.18655380930085655,-0.11470231777007057,-0.2824056074533356,-0.12461325709534883
A2952,2024,2.01513003620098,-1.884767763941629,0.757919394682608,0.11869819427353936,0.051096076456277006,-0.9687043892496755,0.6467474761334088,0.9687043892496768,0.6719004840000415,1.7315445747499532,2.5485231082049395,3.029238559167058,5.928064154736778,0.8531475648357215,1.0812163317781394,1.7781551017213058,1.143677495436673
A2973,2024,2.092303032654918,-1.9564127138839742,6.38127547426092,-3.474490427549336,7.124672410689696,-0.9487286684372359,1.5960526160555186,0.9487286684372368,0.6719004840000415,1.3871978306715036,0.839272827763121,1.2431565811393086,3.2714275931548706,0.8255760350077407,0.9619281742143181,1.2653916149630224,0.8870931462717787
A2975,2024,-1.0280472809930006,0.7574999937422046,-0.014250587897460731,0.33143649021424815,-0.016461806161481584,0.31348719039881745,0.14963256407867098,-0.31348719039881656,0.6719004840000415,-1.307308127665404,-0.7698022077197688,-0.7688715878049535,-0.7781405670238647,0.24284305199637557,0.4993414858201414,0.2733351836753087,0.18632846593897068
A3016,2024,0.03337713944464843,-0.04496204555040689,0.03945048426986452,-0.13166031869629966,-0.016461806161481584,0.5631837005543177,1.0596848226443243,-0.5631837005543168,0.6719004840000415,-0.559224334455036,-0.44725971765437555,-0.48421681474959993,-0.5220510919904326,0.0754042754660931,0.07174671640780403,0.2215902454425571,0.09968610366735484
A3029,2024,0.28568433921470787,-0.27919720374145107,0.19576117083029973,-1.934147574656784,0.0551311759185865,1.1799340806384047,1.5077659792204954,-1.1799340806384033,0.6719004840000415,-1.5287783785297926,-0.8212511850333435,-0.8479956635827125,-0.8420681424342384,-0.11663796174078163,-0.20385138553731977,0.03993859484298398,-0.09323558206535752
A3030,2024,-0.27425074714044423,0.24063129773126243,1.3422371817823606,-1.6544465270856095,0.047268632321306424,-0.6291171354381954,1.20512563448657,0.6291171354381967,0.6719004840000415,-1.5776364127363358,-0.9112533063055499,-0.8855682337567888,-0.8363973826690736,-0.2319842115727367,-0.2217654218371405,0.035627489447439015,-0.1633512612062354
A3047,2024,2.1151847892001276,-1.9776555128527082,-0.06594661799108578,-1.4501172538409601,0.12642748809774818,0.6393411361517469,0.61377185070008,-0.6393411361517443,0.6719004840000415,-0.5051001648250333,-0.47752776510418193,-0.48384322850148787,-0.21470218869052202,-0.15620457375833555,-0.09238987296707256,0.12313042158129747,-0.04710879935464998
A3053,2024,-0.8531263875810381,0.7780436608721992,0.6628142933180488,0.5030682515002389,-0.7039785426501763,1.022625279240439,1.0537051645576396,-1.0226252792404371,0.6719004840000415,-0.9670572666940878,-0.6648600207247296,-0.6307118540432881,-0.6112625494181154,-0.3834317203067254,-0.3233478969236236,-0.15458098735801215,-0.3449329069255553
A3094,2024,1.107139092177903,-1.0418133693165936,-0.2884605212518008,-0.11201065446062027,0.6868697191804124,0.4782868871014485,1.521419004444462,-0.47828688710144673,0.6719004840000415,0.1713056740104614,-0.13446056344612017,-0.20431010386928122,0.2517782919808033,-0.23293127734584784,-0.1448361424360936,0.08604408929720503,0.0860833515915644
A3195,2024,-1.0280472809930006,1.345069477758277,0.00563772715290634,0.740694906793144,-0.016461806161481584,-0.24208754469716903,0.19458488901033635,0.24208754469717125,0.6719004840000415,1.355601018130743,1.1828603051449933,0.4554539255752261,0.8976177522448892,-0.21887714324927568,-0.3080044863988828,-0.14123741420424896,-0.15894103975152568
A3229,2024,-0.5835154618945956,0.5277442276614907,0.17987738713789939,-0.10028739613083179,-0.4760302270521205,1.3272550216301489,1.5902649875566777,-1.3272550216301475,0.6719004840000415,-1.4638293749737892,-0.8317758784891623,-0.8460560040429763,-0.7659797836193978,-0.07739373106408938,-0.0016047598611758195,0.012412097722499007,-0.11911288967203726
A3235,2024,-1.0280472809930006,1.2373492835695719,1.088905281471749,0.7754540190194343,-0.016461806161481584,0.628104793194749,1.0834112362264063,-0.6281047931947468,0.6719004840000415,1.01608156485713,0.28850070210649337,0.3345035461158877,0.3986172097232542,-0.13611431147197303,-0.21248097933100188,0.13866957959046208,-0.1022269104242
A3236,2024,0.9894720115098524,-0.9325744594920546,-0.43947406730621497,-1.146256502286005,0.13372021822461402,0.859074065088586,0.4118253797154594,-0.8590740650885844,0.6719004840000415,-1.1747770528416668,-0.7425452579625287,-0.7318753284570017,-0.6056177299979796,-0.3025064411224256,-0.2971864400968954,-0.0741466524027773,-0.2735164014953651
A3250,2024,0.45087120520859536,-0.43255215438405986,-0.38742928755666545,-2.7163370154449864,0.29066280580966053,-0.19464520776762456,0.9549887663120978,0.19464520776762634,0.6719004840000415,-1.6496069301902856,-0.9153204953806533,-0.8973439238725931,-0.8813308193590929,-0.17260189561191328,-0.11799943794610729,-0.04843358011199044,-0.046313800501873975
A3266,2024,0.28815857813577683,-0.2814939695646614,3.744100778149702,0.27912418617315593,-0.016461806161481584,-0.5529596998407679,0.409721755016411,0.5529596998407692,0.6719004840000415,1.5680018135436202,0.8507295628478094,1.3763904845443127,2.4678696578402954,-0.4348849571018944,-0.5396820484220777,-0.4207031409730192,-0.19734081528963274
A3272,2024,0.10096307608060906,-0.10770698657950284,0.5640352484969136,0.32779507782392747,-0.06318093192300114,0.6805410603274042,1.0100986005193995,-0.6805410603274031,0.6719004840000415,0.5630476369000523,0.02618713090468406,-0.1220642871540458,0.5029563908237309,-0.26435460733172567,-0.2615901492015475,-0.2161069683651926,-0.2964909355256531
A3273,2024,-0.5789416020792982,0.5234979809026126,0.3001108713620436,0.16350863497934526,0.38210263349233214,0.6892804381828459,0.5349181944348773,-0.6892804381828443,0.6719004840000415,-1.0949073322525267,-0.7261981354117293,-0.7148310148365921,-0.7130298007064351,-0.2523988965488253,-0.2657408712571346,-0.022842017373907345,-0.14596326016758188
A3280,2024,0.8115785852340405,-0.7674230523100951,0.2981572883017698,-0.4605850333375185,0.5416478060508854,0.950213291295344,1.97182803049593,-0.950213291295342,0.6719004840000415,-0.5343564727331435,-0.4395967817426377,-0.4283259410773558,-0.3535935897212154,-0.334481129870338,-0.30543295918682856,-0.2329246656435812,-0.35955541209059205
A3283,2024,-1.0280472809930006,0.4604197807179681,0.9095445832252659,0.2033760688066513,-0.946043674203098,0.1511844587977427,1.2082115481717208,-0.15118445879774137,0.6719004840000415,-0.5659532852739009,-0.5240479811358034,-0.39112692136378807,-0.548054921991172,-0.23154251158077596,-0.25327755218420583,-0.04009968803836441,-0.07977737008806828
A3287,2024,-1.0280472809930006,0.8102588874645693,1.1136532729143498,0.5968093641350556,-0.016461806161481584,-0.33447525345470525,-0.24188126575484645,0.3344752534547066,0.6719004840000415,0.07505242099278,-0.18855030561582192,-0.18998375110189364,-0.40878022637455325,-0.07988133710187095,0.024093054130896723,-0.5445419036707015,-0.08906532560211103
A3289,2024,1.0914837631381216,-1.0272793886353297,-0.5444462716041513,-2.078701764958198,0.14782320446615524,-0.9200135697693529,-0.4549967193121967,0.9200135697693542,0.6719004840000415,-1.4252110485350842,-0.7739770442764481,-0.7915359418442665,-0.8366496129228365,-0.24929338678527457,-0.1779284863906548,-0.16723284211736097,-0.3264770238603125
A3299,2024,0.3924582747431206,-0.37832314614570695,0.951698429832408,-1.858673117376048,2.512127626888534,0.6031351421791986,1.9668849328863187,-0.6031351421791968,0.6719004840000415,-1.3614322972954065,-0.7913843200867632,-0.8198919640576898,-0.7429268424973371,-0.0029846304433769027,-0.013841258475284366,0.11188930835142863,-0.012896592508049021
A3302,2024,0.22914340912681416,-0.22670611329715692,-0.5746581862931677,0.01885086402472611,0.243626358111366,-1.2758310967409399,0.29720786780715475,1.275831096740942,0.6719004840000415,-0.48228024465670755,-0.2636642449062623,-0.33817660159600105,-0.49869424876985835,-0.12926533621574854,-0.00865089820478165,-0.8807973889856521,0.024365224814381546
A3317,2024,-1.0280472809930006,1.2013102960210087,0.3638450522884391,0.9681137577664245,-0.016461806161481584,0.0338270990246579,0.8413361465010745,-0.033827099024656346,0.6719004840000415,-0.8813362845233242,-0.5525016317701155,-0.5781850763425639,-0.6617219914326259,0.21059554428196012,0.27484264698562433,0.15166408978210089,0.11151118535944754
A3318,2024,0.7075650089025358,-0.6708596836865529,-0.029343195712981444,-0.2648905886129162,0.008961015086832629,-0.19089976011529192,0.20118796367162992,0.1908997601152937,0.6719004840000415,-0.2584694891596675,-0.4643870935663915,-0.35649803465002516,-0.1884594768691431,-0.051038634811305876,0.017416609402640826,0.3453444752686376,0.07238359903637018
A3319,2024,1.7237315610946384,-1.6142415038678941,-0.11759724804533607,0.3110235056182137,-0.15699179228092802,0.4146142770117953,0.7680971258721393,-0.4146142770117942,0.6719004840000415,1.2853858791512793,0.7531262795066208,0.5534551280769342,1.8938044863215315,-0.5970646589151892,-0.5766331323020263,-0.4988521252892102,-0.5940747171384411
A3320,2024,-1.0280472809930006,0.4533487697114677,0.5737590567339471,0.36688130636475835,-0.016461806161481584,0.39588703875013387,0.03546225657997086,-0.39588703875013165,0.6719004840000415,0.05369531621986001,-0.08792310847354164,-0.13774980362910044,-0.18482482699767205,0.08371995989621091,0.2291984339279266,0.12910333567570423,0.2081028118061892
A3324,2024,-0.05771892540386586,0.03960905757256883,-0.006526802182011981,-0.5810914558143823,5.58995138062139,1.2498491034819432,0.782656389919067,-1.249849103481941,0.6719004840000415,-1.2578649673006956,-0.7435617844801339,-0.7864238358965869,-0.6916113363048694,-0.08750322536432498,-0.15685586200725513,0.20198639206545213,-0.09000379113239418
A3325,2024,-0.38732363459874297,0.3456050838278456,0.1386445685426418,-0.2960504803016249,-0.016461806161481584,0.5731715609605392,0.09571528599161772,-0.5731715609605368,0.6719004840000415,-1.3906886052035148,-0.7963395205583306,-0.7820330165348881,-0.7771263331504085,-0.1835956292939824,-0.0967305194497379,-0.014001597929128775,-0.11242514387212645
A3327,2024,-0.24549299657036752,0.21393338610257548,2.04645524346363,-0.862154174652595,-0.016461806161481584,0.08126943595420237,1.310663837658624,-0.08126943595420148,0.6719004840000415,0.03906716226580506,-0.4240256316320353,-0.2701546062005804,-0.046876574321727184,2.636713753646945,3.1427230308126486,3.988515570155053,3.0689026583297885
A3336,2024,-0.1564549803348359,0.13127291920488662,0.0451370432862208,0.06636510504803726,-0.016461806161481584,0.8403468268269245,0.6569926801443833,-0.8403468268269232,0.6719004840000415,-0.5276275219142786,-0.5452522790942314,-0.5099615403076017,-0.4706619325950345,0.07587129645736684,0.1047278343626089,0.0581248376635258,-0.06444773681338098
A3361,2024,-1.0280472809930006,0.5672326946666466,0.49728232080593054,0.5978216233319477,-0.946043674203098,-1.2084130389989558,-0.03211681089290693,1.2084130389989571,0.6719004840000415,1.5750233274415653,1.4546900839919878,1.7611733166211159,1.492829387596981,-0.3508647677951684,-0.33470002183183817,-0.32562853658380014,-0.4180968404792959
A3365,2024,0.40660873107536805,-0.39146008009277106,0.4230641717018227,-0.2537549088018776,-0.0997034535714449,0.9789283899632271,1.2420249922250663,-0.9789283899632258,0.6719004840000415,-0.008035493466248732,-0.21401803029181718,-0.23662981632279473,0.02345720959962696,0.020331700749069443,0.2143199528192877,0.27818935887019064,0.1721498160614529
A3378,2024,0.9861708594878765,-0.9295096439314695,0.494729311497199,-0.4463495988986548,0.7557648201337396,-0.40314179374746745,0.5370884488246359,0.4031417937474692,0.6719004840000415,-0.13676324826193273,-0.2852244824074348,-0.3207536163594633,-0.267832056615342,-0.28947563635053364,-0.23362649776587704,-0.15880242077184242,-0.21633425631743106
A3379,2024,0.15831861206901365,-0.16095430255100082,0.8823871797377765,0.09884703114049105,-0.2763110638728425,-0.14345742318574745,2.932080415758057,0.14345742318574878,0.6719004840000415,1.686782423650543,2.65555819237177,2.0115220591018863,3.068521595419247,5.861595861951902,6.005612666258042,5.895319628172071,5.592055832200142
A3380,2024,-1.0280472809930006,0.7853930114253682,-0.008716689223739962,0.5064924207339034,-0.016461806161481584,0.8728073731471384,1.4450455444207775,-0.8728073731471371,0.6719004840000415,-0.7055058739955866,-0.5922523070753005,-0.5584715843406721,-0.5278863714994223,0.3822864233350707,0.5435248257519514,0.9752585633661451,0.8617118343698659
A3391,2024,-1.0280472809930006,1.8635363801015596,0.32801285284286313,0.900997637715446,-0.946043674203098,0.5144928810739968,1.24750400965855,-0.5144928810739942,0.2233558506827886,1.5764861428369712,2.017584279113924,1.563802666835545,1.5056185430384181,1.0262162421816547,1.2487345359134256,0.7545192634034996,0.5972784603171225
A3454,2024,-0.5209680795503862,0.46967694307460217,0.4486955314924416,-1.3262771225675645,-0.44529926821175203,0.5194868112771058,0.4923565291702082,-0.5194868112771043,0.6719004840000415,-1.6756450442285036,-0.9291372084598936,-0.9183202618871271,-0.9255636145998096,-0.09582233818232225,-0.037172288019247,0.041038757190782274,-0.02062549723013582
A3457,2024,2.9080374707260424,-2.713718327444743,-0.25939516836502785,-2.4366861699637323,0.12645168915269533,0.41835972466412796,0.7260925384965354,-0.41835972466412663,0.6719004840000415,-0.7786466437658583,-0.6741311851749482,-0.6114687669143241,-0.3730007808332294,-0.09904719028682582,0.005550878611710463,0.27061998860827774,0.07462150209128625
A3458,2024,1.9729888953444572,-1.8456446534146358,-0.5290262962655901,-2.1559768683142564,-0.12564293879814406,0.3883961434454686,0.2139255910346775,-0.3883961434454666,0.6719004840000415,-1.2713228689384288,-0.7579741402745753,-0.7820180553225957,-0.6843607212647166,-0.35271875997097923,-0.3747546298657127,-0.20991770688579922,-0.30618171599885213
A3466,2024,0.09314060465729267,-0.10044481736815505,-0.1969159064315977,0.4584883122746995,-0.5139526954413215,-0.9687043892496755,0.3138093072179782,0.9687043892496768,-1.570822682586223,1.3093760516359305,1.859700900013305,1.0832321457495742,0.8610611018378919,-0.2242697902562365,-0.1943648035592578,-0.7307767140738111,0.010051804361894357
A3473,2024,0.6268318826953179,-0.5959092153261456,1.108512321990815,-2.368425828963678,-2.583340527389165e-05,1.3472307424425884,0.6606207946321482,-1.3472307424425862,0.6719004840000415,-1.3865927220963794,-0.8038906506372631,-0.7931952702987812,-0.7703713954259188,-0.2394766826011259,-0.30089659893819143,-0.2320845705957339,-0.19607990817345358
A3476,2024,-1.0280472809930006,0.9511682006709228,0.8312110851597566,0.6726182488181074,-0.016461806161481584,-1.2858189571471597,1.092156477972694,1.2858189571471619,0.6719004840000415,0.400967691089125,0.19912011418242584,0.2061893980426859,-0.20777413399040973,0.11458176965728466,0.10394164603095854,0.12937340512665663,0.08576585009068319
A3477,2024,2.2225914053724884,-2.07736888716265,-0.8580147976603683,-0.5272308281691755,0.15438283258454538,-0.66657161196152,1.2500727992915155,0.6665716119615218,0.6719004840000415,0.03555640531683246,0.29941036376682106,-0.21892738973076004,-0.32657749058315677,0.16411832342666613,0.16636163861200212,-0.8660246156119609,0.027539346691272643
A3504,2024,-0.13366951422443402,0.11011951365073558,-0.09663425420836375,-0.8827373767887303,0.0096506791606854,1.2123946269586185,1.2846909421108699,-1.2123946269586172,0.6719004840000415,-1.514150224575738,-0.8566954575899641,-0.8519964859021875,-0.7979725030842822,-0.2168831842032417,-0.23288515124538417,0.14866557971454342,-0.11445050610458185
A3507,2024,-1.0280472809930006,0.6174662757572004,-0.13187504673142836,0.5988214528504551,-0.946043674203098,-1.1235162255460849,0.5251634841927004,1.123516225546087,0.6719004840000415,1.0276378064808347,0.7999965828581059,0.36480406147509514,0.8244937313701131,-0.11214877324258914,-0.1832848654856825,-0.00015844871996121431,-0.049180920455302604
A3509,2024,1.241470490497782,-1.1665229773425356,-0.47602892152281995,0.06987089583642762,-0.05360766215706452,0.8515831697839207,0.45512680604780653,-0.8515831697839196,0.6719004840000415,0.17979000330381262,-0.2978228005701012,-0.22602606924953939,0.012758099292836047,-0.39994403450078425,-0.39061867615150125,-0.4060093306607416,-0.37478113791892315
A3521,2024,-1.0280472809930006,0.5594743915501725,1.2053591527814138,0.015561280586459848,-0.016461806161481584,0.701765263690622,0.8907408762577226,-0.7017652636906206,-0.6737334159517172,-1.2777592566782097,-0.8334477728646372,-0.7952691153871384,-0.6879000032089666,-0.2591395028379278,-0.21766069111078723,0.14871068444894922,-0.13049843000258946
A3527,2024,-1.0280472809930006,0.8989614006224411,0.7847609412658174,0.654113772284267,-0.016461806161481584,-1.9962055285395592,0.9920789803914584,1.9962055285395601,0.6719004840000415,1.3661332889776645,0.9399082764911635,0.881871345795673,0.5191147401926902,0.2858826813165229,0.5167824688376663,0.16453405564909115,0.33606385933901367
A3531,2024,-1.0280472809930006,0.35192840051038504,2.8438138586772284,0.4023565752273109,-0.946043674203098,-0.2945238118298243,1.5350127254514454,0.2945238118298265,0.6719004840000415,0.6113205449484317,0.12366397983196382,0.25251571946302476,0.07318277955184165,-0.7663283012719392,-0.933863505640765,-0.5926541823296928,-0.7761487393543924
A3547,2024,-1.0280472809930006,0.4280703805708707,-0.11675510713718712,-0.017423425996653016,-0.016461806161481584,0.02633620371999261,0.4392040216637056,-0.026336203719991277,0.6719004840000415,-1.2479178226119387,-0.7285087701962254,-0.7303630300642676,-0.7906088738730828,-0.11101036061243115,-0.15180107625822822,-0.07006188533692047,-0.1492150919290726
A3554,2024,0.4488436569048401,-0.43066983381435314,-0.5290243798974168,0.15673307918433527,0.44137983908292977,-0.6278686528874172,0.6458815948161217,0.627868652887419,0.6719004840000415,0.038774599186724656,0.08357385100742043,-0.23178483524093452,-0.2676525854711526,-0.05636309232476159,-0.012160612924938953,-0.8583170592539338,-0.15528403487477124
A3555,2024,-0.2273218385148249,0.19706377835020228,-0.20354682890720538,0.4273081878317313,-0.016461806161481584,0.036324064126212405,1.0186668552942577,-0.036324064126211295,0.2233558506827886,0.5721170923515646,0.17890085413785778,0.030054189068169073,0.16943046481047036,-0.1466172385473002,0.0048116055264371925,-0.06307964908483692,-0.049050277025765185
A3560,2024,0.7872449378561903,-0.7448323574741276,0.7062861853462143,-2.0878163790638924,0.06509992225923741,-0.31699649774382016,0.6944086745877563,0.3169964977438215,0.6719004840000415,-1.0820345567729581,-0.7059685770692011,-0.6716780367503911,-0.7205066662559313,-0.18297695813464165,-0.18113304324059185,0.10426303216022213,-0.18445489190952194
A3563,2024,0.065565298177328,-0.07484460453529121,0.48998404366195436,-0.7338408092898706,0.3503221992207752,-0.6178807924811974,0.6547801846190362,0.6178807924811992,0.6719004840000415,-1.0498526180740362,-0.6372229273078142,-0.6268893097120862,-0.7375654813130018,-0.25272533264737385,-0.17344713371988307,-0.23327383302797067,-0.15357902581982613
A3566,2024,-1.0280472809930006,0.6759395686353856,1.010201615021871,0.07070085308367818,-0.946043674203098,0.42585061996879325,1.1715627470230643,-0.4258506199687917,0.6719004840000415,-1.3500223372112437,-0.7888266260652277,-0.79067976341076,-0.786720731061545,-0.1465973310505499,-0.133038244776017,-0.1925544475621485,-0.09392015294427146
A3578,2024,-0.1511762005091263,0.1263722439260373,0.6754248886280854,0.34681669803233806,-0.016461806161481584,0.1461905285946337,0.6103203632392409,-0.14619052859463147,0.6719004840000415,0.4419265221604783,0.03389206431845144,0.004074105582348479,-0.18268673123665835,-0.16966226844214274,-0.09705186404463796,-0.19235192291362,0.005875569937276997
A3579,2024,-1.0280472809930006,0.31590063038628163,0.21318288279329103,0.4102596409593462,-0.016461806161481584,-0.24957844000183432,1.335484925391854,0.24957844000183654,0.6719004840000415,0.6891423239840051,0.0461177234891651,0.0937757951812746,0.2409702642504118,0.01604264266170307,0.06671383967070164,0.20212403747553276,0.13184153012986308
A3588,2024,-0.19315593376743437,0.16534508382167068,1.138298608557513,-0.4971113696150308,-0.016461806161481584,-0.575432385754762,1.1333847889030069,0.5754323857547642,0.6719004840000415,-0.9711531498012215,-0.6258666439849058,-0.6145500509530623,-0.5392306349629667,0.04206189514374075,0.04795343169739587,0.356115749223267,0.20668480572795203
A3591,2024,0.3674053105821164,-0.3550646932797233,1.3371372433114577,-0.34656614338598485,1.27277974683867,0.1124814997236399,-0.5356942417495987,-0.11248149972363901,0.6719004840000415,-0.27894890469534606,-0.5012124604386864,-0.4198749757924726,-0.22372961649659837,-0.16174460936346263,-0.07609344432780268,-0.05707124204069896,-0.1441994161916743
A3599,2024,-1.0280472809930006,0.8174239336863084,0.36053597301085943,0.611873650960869,-0.016461806161481584,-0.15344528359196724,0.05890361255875532,0.15344528359196902,0.6719004840000415,0.28774577948474117,-0.023910925469936152,-0.073181759737088,-0.10991103574766066,-0.08589204827895999,-0.021749879534919084,-0.02396937915371654,-0.06701584926714692
A3613,2024,-0.12434681958773745,0.10146457810752438,-0.3034707210485649,0.5096126843310632,-0.016461806161481584,-0.5192506709697741,-0.3642328549816328,0.5192506709697767,0.6719004840000415,1.6074978292195674,1.4851228861789096,1.373647722736082,1.752362927308717,0.8566062680406569,1.4069430471926525,1.0084035729550231,0.6697475181505872
A3617,2024,-1.0280472809930006,1.416843822279082,-0.06995761511272687,0.803966665427288,-0.016461806161481584,0.7005167811398438,0.15589885249467678,-0.7005167811398418,0.6719004840000415,0.3559129769106343,-0.07054638490222408,-0.19890422410594966,0.2734076254822725,-0.2638014682887996,-0.3298939344298244,-0.03747705730839145,-0.12083576848857017
A3621,2024,-1.0280472809930006,1.1194455558698129,0.3619196113560206,0.7684628773582195,-0.946043674203098,0.5556928052496541,0.6366621369657101,-0.5556928052496517,0.6719004840000415,-0.12740122973133655,-0.24338515158372198,-0.3479226088817144,-0.27509335499999554,0.19537037724761203,0.3682484615133416,0.5049527195282058,0.21458943611557244
A3623,2024,-1.0280472809930006,1.1590165400281407,0.05769804780678229,0.7557548432315228,-0.016461806161481584,-0.31949346284537467,0.18455577435310974,0.31949346284537644,0.6719004840000415,0.33206908596552526,0.31279665972529164,0.12502623345254357,-0.030546742701144797,0.09527092898173424,0.0639087023684539,0.16932907382752563,-0.02849425524399792
A3630,2024,-0.17858216253549689,0.15181519192352527,0.2038638574246035,-0.647057001969555,2.0270789597233714,0.2972569172387105,1.3668107836583938,-0.29725691723870895,0.6719004840000415,0.1487783169212198,-0.19903270632749326,-0.174297529080738,0.007595910536310873,4.228145058042113,4.9563119608484785,4.965202627498476,4.4887689721502175
A3631,2024,-0.6582642045462769,0.5971389225214763,0.3296467422389734,0.23676473993726527,-0.42798079920343657,-0.2770450561189392,-0.08288231986483238,0.2770450561189414,0.6719004840000415,-0.9884143714670077,-0.627755225361632,-0.6980641429375698,-0.6948991957975232,0.16796307118696197,0.19289074273679493,0.24658788854278782,0.11749615056574157
A3632,2024,-1.0280472809930006,1.1711375442347847,0.8636471265064235,0.8323823603437414,0.9978330052647494,0.5968927294253115,0.6278665973072335,-0.5968927294253092,0.6719004840000415,-0.07591012781306519,-0.3538274643856159,-0.22656060197903105,-0.19950720689769255,0.03720216608474791,0.11012690755885438,0.21624182032071199,-0.03251474360148205
A3633,2024,0.05136063826880282,-0.06165743558836942,0.6345513524995393,-0.44124196783532715,-0.03398129925790175,-0.9337468778279053,-0.4651955882358228,0.9337468778279071,0.6719004840000415,-0.9904623130205745,-0.6312699719747482,-0.6054533081485548,-0.6796455647628437,-0.3396048265872506,-0.3535118408153949,-0.4202210947282759,-0.1675719049277357
A3644,2024,-1.0280472809930006,0.3993359263643441,0.39136195020009806,-0.017765104044693267,-0.016461806161481584,-1.0311285167885504,0.04585683803559842,1.0311285167885518,0.6719004840000415,-1.075890732112254,-0.6211758408710105,-0.6857140000028104,-0.7104439211727039,-0.17503660730503706,-0.16831631572308897,-0.28675610879971775,-0.20540027327548377
A3664,2024,-0.33737970594696143,0.29923850205068286,-0.13015356614522933,0.25056430698744064,-0.016461806161481584,-0.9237590174216855,0.9785245631559817,0.9237590174216869,0.6719004840000415,0.7084514872033583,0.2326510658983518,0.26935840718173454,0.14498596342048503,1.8821352842613484,2.289051541288821,2.368285624464922,2.0666635219757046
A3667,2024,-1.0280472809930006,1.1632971455323846,0.6015551606432028,0.7174339376103424,-0.016461806161481584,-1.6179153156539763,-0.8656823769279557,1.6179153156539772,-1.570822682586223,1.172456530625976,0.7671551616508274,0.49955667691682565,0.9022540872668271,-0.22471009381686305,-0.2913724202832967,-0.012154683558147335,-0.238366127058129
A3671,2024,-1.0280472809930006,0.7978002650260265,0.8778065724488504,0.5910570470861775,-0.016461806161481584,-0.23085120174017287,0.844204133415924,0.23085120174017376,0.2233558506827886,0.2944747303036025,-0.10144799714190783,-0.05732654421152652,-0.1341224860975653,-0.2035494017866725,-0.16704516408939274,0.039696553580148564,-0.0826848139140031
A3675,2024,-1.0280472809930006,0.6208130157805289,-0.09036339195707688,0.13547653374859595,-0.016461806161481584,-0.3968993809935803,0.08752683415255284,0.39689938099358163,0.6719004840000415,-1.3936142359943258,-0.7781340485722953,-0.7873412037998706,-0.7932083199959984,-0.03737037811384058,0.10509735396933508,0.10786171856266855,0.08532119347361743
A3677,2024,-1.0280472809930006,0.6518569480410743,-0.28267617299600634,0.33692647199544135,-0.016461806161481584,-0.40064482864591294,0.8158436240784083,0.40064482864591383,-0.2251887826344643,-0.9053264570079754,-0.5817140753020368,-0.5591146250609236,-0.5476468181995698,0.6858889370472561,0.9304154967974853,0.9731937878754348,0.8314976834703353
A3692,2024,-0.25276640305148124,0.2206858183903201,-0.40819056729600156,0.49943547083101875,-0.016461806161481584,-0.05856060973287653,-0.02528356521401836,0.05856060973287875,0.6719004840000415,1.0080360801824009,0.4324332535355392,0.5059791952383821,0.679707953380718,-0.11694779883892889,-0.010540160887306088,0.1820199488814354,-0.025029584755138362
A3694,2024,0.10792257470562674,-0.11416799537147787,0.1438063067052342,0.22299389925491223,0.2274481124044546,-0.7165109139926208,0.07069468170822546,0.7165109139926217,0.6719004840000415,0.07973343025807796,-0.05011227611791302,-0.1831088328261542,-0.10130598487377025,-0.13004721422890556,-0.24571925148629847,-0.13102075687698186,-0.22335410344799114
A3696,2024,0.05930192474945922,-0.06902990945978757,-0.5434754073755697,0.2819335006493931,-0.016461806161481584,0.7604439435771644,0.6611639943616048,-0.760443943577163,0.6719004840000415,0.17891231406657115,-0.2150064869257637,-0.23010932704737194,0.19807688461310857,0.09972905250524312,0.05374820614003706,0.1909578529576461,0.11322244240361573
A3698,2024,-0.09431060458821981,0.07357977495634299,0.03959291769391485,0.2991715310633753,-0.016461806161481584,-1.0748254060657623,0.6426549345045829,1.0748254060657645,0.6719004840000415,0.4387083282905861,0.10568488900461578,0.052379221824791974,-0.06326381345810676,0.006265553610018471,0.07675455504460808,-0.07376581563870618,-0.01363670014078236
A3712,2024,-1.0280472809930006,0.7381168583195504,0.5003216768410427,0.5861892397619047,-0.946043674203098,-0.9000378489569133,1.2260096662220494,0.9000378489569142,0.6719004840000415,-0.1809402732031782,-0.2615747726041235,-0.2930260457475215,-0.16830761377314535,-0.7544316916122839,-0.8057217509652784,-0.671597211762172,-0.602218834541029
A3714,2024,-0.3220255428846229,0.28498411565241905,0.10041762100204629,0.23950092647233942,-0.4693577286682444,-0.6927897455278468,0.11879830080216885,0.692789745527849,0.6719004840000415,0.3421625121938243,0.07239828410721023,-0.05534513737887542,-0.06132923056638844,0.9787636376227083,0.8016682115918762,0.8981563820784441,1.0195074468528094
A3715,2024,-1.0280472809930006,0.29622158518226954,-0.3562396613423503,0.41781978567550276,-0.946043674203098,-0.9687043892496755,0.22249532690397425,0.9687043892496768,0.6719004840000415,1.197031829268788,0.9704965072781717,0.9790232376776584,0.40644807129585747,1.8721405954007357,3.223590295007745,1.0441012890649646,1.496488544681288
A3720,2024,-0.4351133654621405,0.3899717671065204,-0.5334003779958023,0.4700329975583618,-0.016461806161481584,-0.48179619444644944,0.4503502894380932,0.48179619444645166,0.6719004840000415,-0.0007214164892231277,-0.24468041244843866,-0.07298197063373206,-0.055946160542991466,0.006243401905776103,0.09125144574851923,0.11058157898422305,-0.01242273079992678
A3722,2024,0.5223209690472375,-0.4988839403077501,-0.02950819604280932,0.228666873523435,-0.016461806161481584,-1.1060374698351998,0.5016431580636055,1.106037469835202,0.6719004840000415,0.10752692277078234,-0.028804820949010972,-0.14572301739204863,-0.02603165772239877,-0.7818272851627921,-0.8090928996498733,-0.7639411500516871,-0.5611170854200781
A3723,2024,-1.0280472809930006,0.45252202134829234,0.01573241633792812,0.3787130481653373,-0.946043674203098,-0.8076501401993771,0.10518440217477175,0.8076501401993793,0.6719004840000415,-0.19381304868274699,-0.4219119118321002,-0.21989094810788273,-0.33678440223690354,0.0906941848253,0.16483182010560546,0.10227339761375749,0.12340052056748846
A3724,2024,-1.0280472809930006,0.5761250887799294,-0.3854925057795142,0.5580679210618611,-0.016461806161481584,-0.9687043892496755,0.3555257918567904,0.9687043892496768,0.6719004840000415,0.5867452463056197,0.13326123712362695,0.1605878892234733,0.2549291085971788,-0.15807934675675264,-0.06861001737548995,0.050988709822999724,-0.21371985654176703
A3730,2024,-1.0280472809930006,0.826286919748682,-0.07958603735166801,0.6375917603990094,-0.946043674203098,0.5444564622926562,0.8394908177106519,-0.5444564622926542,0.6719004840000415,0.8602917252464447,0.4784281294273986,0.7357166539994635,0.17632462797292983,-0.06704122322342379,0.0468387670736931,-0.03150671165808378,-0.16796515070303683
A3731,2024,-1.0280472809930006,1.6148722959684796,0.5501666421204982,0.8072974049117612,-0.946043674203098,-0.33697221855625975,1.7126286099989254,0.3369722185562615,0.6719004840000415,1.2757312975416029,0.9186347273630889,0.5567611044396715,0.9182519715860542,-0.07149337651780846,-0.16844316291409156,0.07444770610143066,-0.16436967143621087
A3738,2024,-1.0280472809930006,1.4301431367413024,1.0284427642994445,0.9369013161596562,-0.016461806161481584,-0.5779293508563165,1.4214747125446816,0.5779293508563191,0.6719004840000415,0.36030142309685187,0.06737461363947814,0.1464900429950168,0.04706649765187772,-0.03007870834399914,0.06143603031771213,0.49239843617955464,0.14609655553336348
A3739,2024,1.6207185913579216,-1.518606575030001,-0.5907353381791249,-0.21875673242798915,-0.3397688456711993,-0.7252502918480624,-0.0504343177616257,0.7252502918480642,0.6719004840000415,-0.6203700179829874,-0.47902188430540393,-0.4464576406383618,-0.4204178112302969,-0.7170217699010983,-0.6846941230129105,-0.6710350740337274,-0.8028475620676772
A3759,2024,-1.0280472809930006,0.37264011447747425,-0.03141838380575631,0.2886413146972067,-0.016461806161481584,1.0051465235295538,0.7327956930597738,-1.005146523529552,0.6719004840000415,-0.5779483715162281,-0.3799869212074403,-0.5230956657916994,-0.40330330949557763,-0.14907238759383035,-0.12737341510189146,0.23231717223006113,-0.16543883219695482
A3764,2024,0.5230525288172353,-0.4995633273980688,0.6709534980442361,-0.2218679499814357,-0.014197645230506404,-0.10725142921319913,0.8111419481272287,0.10725142921320135,0.6719004840000415,0.6996745948309232,0.2077904249111833,0.20429771232657867,0.558655994998768,0.7151623138799319,0.7750808553979611,0.8974738317111307,0.7450975658377604
A3770,2024,2.754889176104777,-2.571539625883255,0.43408085716167216,-0.40665507570843296,-0.050116467235765516,-3.540578443851327,-1.2095427978246742,3.5405784438513286,0.6719004840000415,0.9170489625881786,0.08690667945448328,0.2992718910164345,0.8544037596156967,-0.19703972293615857,-0.2407648482035515,-0.4723667143380124,-0.34063885001771127
A3783,2024,1.1899350525157655,-1.1186788816912852,0.06922149612954359,-0.23630108536038413,0.2779455264941876,0.4882747475076683,0.1554685610748841,-0.48827474750766675,0.6719004840000415,-0.8277972410514824,-0.5898787627224338,-0.592929059152872,-0.4231595317882416,-0.9117649371723182,-1.0161783947733734,-1.0027818017816819,-0.9520887238667256
A3791,2024,-1.0280472809930006,1.4832286756265045,0.14308767890777643,0.872916577362615,-0.016461806161481584,0.17740259236407122,0.5764504386966378,-0.177402592364069,0.6719004840000415,0.15375188926559816,-0.29512837804519254,-0.15972473973940557,0.02187240507047272,-0.2239276149662628,-0.217607990238648,-0.04640285246328497,-0.0750083837578632
A3797,2024,-1.0280472809930006,1.1692872576414906,0.7095465543600141,0.7649706901622835,-0.016461806161481584,0.36467497498069634,0.7893513149794243,-0.3646749749806941,0.6719004840000415,0.4258355528110173,-0.07452762097764137,-0.03747490197543945,0.2661641114519668,-0.06914040473719194,-0.09793250177148231,-0.0022860379031739574,0.0299496189924511
A3799,2024,-1.0280472809930006,0.3211421222033942,3.76835579659334,0.27537076856983583,-0.016461806161481584,-0.13846349298263666,0.63210860982849,0.13846349298263888,0.6719004840000415,0.6048841572086473,0.061113619085788946,0.07681543607892831,0.34431743171535567,-0.3771352551869142,-0.3941073106358198,-0.31373637597025983,-0.2952070506296194
A3825,2024,-1.0280472809930006,1.1169790832501343,0.5733612730237152,0.7163664353984074,-0.946043674203098,-1.6591152398296336,-0.013156728398205978,1.659115239829635,0.6719004840000415,1.5235322255232937,1.1382439566701752,1.252649794322081,1.0359304859547163,0.23191170172803863,0.5638491158868038,0.2560725430192243,0.2952452209236806
A3832,2024,-0.53076123802473,0.47876864441878886,0.21857261105286585,0.5604886699810404,-0.016461806161481584,0.052554337286321126,0.5625566218179799,-0.052554337286318906,0.2233558506827886,1.3775432490618273,0.9821371284108983,0.9059005122756297,0.9271435181385093,0.08682215366268889,0.06955779469668055,-0.04024909600505918,0.08695655431538452
A3834,2024,0.11918381718719852,-0.12462262588472307,0.7993146090394807,-2.8735801119791384,-0.17993845128904445,-0.9687043892496755,2.456860486835987,0.9687043892496768,0.2233558506827886,-1.5197089230782788,-0.8688962867534891,-0.845604549795839,-0.8645441912907976,0.046072445158862246,0.09080278435287194,0.18935974374318532,0.06929291740937088
A3840,2024,-0.35021716546192067,0.31115635404645947,0.828414802832463,0.21131614735876533,1.882494100228747,0.35468711457447655,0.7207565344045425,-0.3546871145744741,0.6719004840000415,-0.615103882559525,-0.5250512242941985,-0.42998448554558966,-0.4759313405567606,-0.4488656838406145,-0.40686064270868294,-0.43955430280874647,-0.43053732313188553
A3864,2024,0.7092954928581179,-0.6724662178140539,-0.2334155147898188,-1.4681178450238406,0.296903049882876,-0.07479088289298524,1.4411380126646227,0.07479088289298613,0.6719004840000415,-1.193793652981936,-0.73650808814786,-0.751820978065373,-0.6781151904160876,0.029542275753092137,0.029966405973959047,0.07827794515730613,-0.006020530808174407
A3873,2024,-0.11486465582004458,0.09266168036147941,0.8861880414013578,-0.02544139719997751,-0.016461806161481584,-0.40813572395057646,0.07232926917598957,0.4081357239505791,0.6719004840000415,-0.7780615176076975,-0.5580693563281268,-0.6058084114595679,-0.43226476597430274,-0.29763281143662884,-0.3061755704139368,-0.225969370733673,-0.25800054141186346
A3891,2024,1.3379749789837008,-1.2561151135247581,0.3507997944260967,-0.67064100468282,0.1514219349203303,0.5344686018864364,1.5327313400634273,-0.5344686018864342,0.6719004840000415,-0.5527879467152517,-0.5849151994619879,-0.5265824070614268,-0.22874774128218212,-0.3936985285817809,-0.3820345482588625,-0.18682530657772486,-0.2974963215402939
A3894,2024,0.26668356495864964,-0.26155737054285905,-0.3280164034212423,0.23680113127342478,0.10634020486072733,0.916504262424352,2.0388690283187736,-0.9165042624243508,0.6719004840000415,0.029412580656128482,-0.1663855078737839,-0.20841984126173843,-0.11473289053782322,-0.3984429759682936,-0.3599982460145791,-0.47539415289062575,-0.43211496037786934
A3899,2024,1.2990396313025687,-1.2199685982022181,-0.0330975807176896,-0.47176366459275293,0.3331185117542678,0.31099022529726295,1.2344025891336132,-0.3109902252972616,0.6719004840000415,-0.7330068034292103,-0.5317410818740697,-0.4684862989699968,-0.37618534525442815,-0.7376511571133997,-0.6403271822331148,-0.48814881261594323,-0.6364771441128532
A3908,2024,-1.0280472809930006,0.20309919474477378,-0.2973242609015067,0.47772275619856275,-0.016461806161481584,-0.28328746887282635,0.887369923033575,0.283287468872829,0.6719004840000415,1.5618579888829158,1.4154095708237626,1.2911494403760386,1.2114146009950153,1.014323615537211,1.417324194077473,1.8976290942675176,1.1208933329978954
A3919,2024,-0.4560659524502393,0.40942357765190773,-0.201503232373195,0.20857685340409501,-0.38696667828784415,-0.2945238118298243,-0.11341572062143807,0.2945238118298265,0.6719004840000415,-0.8181426594418095,-0.5940647158944212,-0.5780009014558466,-0.6397541545343893,-0.137514700971534,-0.15611883127944695,-0.06203046415319109,-0.10811282211672515
A3922,2024,-0.68201420011375,0.6191877709283428,0.030135240087528714,0.5729282921083975,-0.27930165694990455,0.554444322698876,0.7584341165075695,-0.5544443226988742,0.6719004840000415,0.883696771572935,0.5015569044797656,0.14507173339236634,0.2702756169550624,0.289180768134784,0.2572449302663389,0.350209838452427,0.17536960953550365
A4502,2024,-1.0280472809930006,0.7556037837179603,1.080942037778469,0.6204805127045506,-0.016461806161481584,0.2585539581646077,2.7824433635932317,-0.2585539581646066,0.6719004840000415,1.0232493602946169,0.8864018873175354,0.2681588604454522,0.32727574591958836,-0.2802077134089779,-0.18936950630679789,-0.46947359591187887,-0.17334073637825287
A4513,2024,-1.0280472809930006,1.1906729230640465,0.38748018578001014,0.8093933249024883,-0.016461806161481584,-1.8850905815203616,0.9263140730488323,1.8850905815203625,0.6719004840000415,0.4442670267931255,0.19653490864051712,0.23924892097508185,-0.15680719546112346,0.5551016847041483,0.6137568309225955,0.32385479485212976,0.5445261653942886
A4516,2024,-0.14643269353145744,0.12196863465146866,0.7961951589630298,0.24257789335645938,1.100066667114812,-0.6291171354381954,0.9302236448601593,0.6291171354381967,0.6719004840000415,0.21255706816089537,-0.21552548547479122,-0.2010929804797052,0.027233702710251908,-0.09902887264369112,-0.3021997959840712,0.008603507999530389,-0.04741090700122587
A4527,2024,-0.021891690295236486,0.006348029228242851,-0.11614492319093633,-2.2863406472340664,0.1793872988749846,0.030081651372325255,0.3505613421989992,-0.030081651372323923,0.6719004840000415,-1.6572135702463942,-0.9129412984068601,-0.9117655551399603,-0.9119019323143637,-0.12039185590368941,-0.03028638493380431,0.16465430129772088,-0.07721476075308535
A4542,2024,0.3628408072870554,-0.350827132859153,0.14869099214074674,-1.1923346320795076,1.7689117044126481,-3.435705909586017,-2.6191353718378556,3.435705909586019,-0.6737334159517172,-1.44539790099168,-0.7442745462454073,-0.8350614840840698,-0.8115830550974008,-0.5962324781084515,-0.5413217667997011,-1.174214629472327,-0.5448335942363376
A4546,2024,0.9451531080281358,-0.8914299977320185,-0.1581483353868702,0.05603376353602311,0.27408543539114333,0.41336579446101895,0.12708314495541886,-0.4133657944610165,0.6719004840000415,0.42290992202020583,0.20305453251957958,-0.015365569722607629,-0.1280316952623663,-0.37487341548678793,-0.2567100248750772,-1.0374864902764882,-0.24347353943227953
A4548,2024,1.500234383540223,-1.406752321160913,-0.6710846555360852,-2.95457673009733,0.3540242378368095,0.9602011517015638,1.120502249368032,-0.9602011517015621,0.6719004840000415,-1.44276483327995,-0.8378782829854373,-0.8314270378227281,-0.7537376960349897,0.0037757013075813053,-0.01408737821347786,0.07742977845727023,0.0004737048963928408
A4551,2024,-1.0280472809930006,1.0955543197163626,0.6772900590466152,0.7432864256825745,-0.016461806161481584,0.3459477367190331,1.0105279750621206,-0.34594773671903156,0.6719004840000415,0.307347505783171,-0.1285740086147274,-0.06224519899125337,-0.1332421904916311,-0.1315692580419659,-0.11021864703230745,-0.05193550355357778,-0.11652674485974653
A4556,2024,1.1043833701246082,-1.0392550320894587,-0.4711168800075913,-1.2119202144177372,0.06797774570086135,1.5732060841333164,1.2925688528775083,-1.573206084133315,0.2233558506827886,-0.8804585952860828,-0.6342267001993968,-0.6021055787550003,-0.5370126775398621,0.09213887859557389,0.24935937685183507,0.3016233211185678,0.17579675310195955
A4559,2024,-1.0280472809930006,1.0049037034210613,1.2296877148835514,0.7797267209641575,-0.016461806161481584,-3.016215772524777,-0.4620236815346395,3.0162157725247787,0.6719004840000415,-1.183846508293179,-0.7693334345780376,-0.7295169360848128,-0.7126587447670357,-0.1792831803428706,-0.17281542461499008,0.023087530639645033,-0.18485533940864987
A4566,2024,-0.10559125998197577,0.0840524278880206,-0.15640247806071655,0.2759349378609613,-0.16483863491739056,0.07377854064953886,0.4983868177383965,-0.07377854064953641,0.6719004840000415,0.15521470466100068,-0.11547888974231948,-0.15030075808647797,-0.24907773360967397,-0.11176485612860845,-0.021844648747370365,-0.07546541766535549,-0.04686659040309664
A4573,2024,0.6317000506045095,-0.6004287246510345,0.3820381777615891,-0.40548944809102805,0.3712983184748517,0.6505774791087431,1.1693825601131156,-0.6505774791087418,0.6719004840000415,-0.671275993743098,-0.5597030910905672,-0.561294811140223,-0.5819600630797785,-0.3357142820325962,-0.3417834373525589,-0.4260449306239529,-0.20215429909469695
A4575,2024,-0.5218023682080026,0.47045147391975933,0.5538171906107261,0.4536058655514404,-0.0014738606563326718,0.050057372184764845,0.9772396832000024,-0.05005737218476396,0.6719004840000415,0.6996745948309232,0.07921713561383913,0.10247406691321945,0.08148888947270444,0.11946308509938978,0.1455440395539709,0.1868057605808858,0.15194595574234626
A4577,2024,1.0974785823200741,-1.0328448153316814,0.8215579084024854,0.05379662858809263,-0.4862203392005119,-0.43310537496612683,1.00522259685438,0.43310537496612905,0.6719004840000415,1.328977777934364,0.581390277544666,0.7278771072940365,1.6190837997519578,0.30636170490481746,0.20804748606126308,0.34122827757034735,0.33406970959436005
A4585,2024,0.47546408188551464,-0.455383510634113,0.6510987884982659,0.12114283579672469,-0.016461806161481584,1.485812305578891,1.3579005141368434,-1.4858123055788888,0.6719004840000415,0.6838761885605459,0.1819173168595012,0.28664536502164883,0.39929263411953386,-0.12508326291820773,-0.23161509734676494,0.04712759855219195,-0.06841561488589411
A4588,2024,-1.0280472809930006,1.3940303426222473,-0.23099418651222886,0.9576953394519491,-0.013661472402235168,0.23608127225061362,0.5523350246494995,-0.2360812722506114,0.6719004840000415,-0.7207191541078026,-0.5273274978753171,-0.501958809908589,-0.607129213370934,-0.3572330848558834,-0.34443147680457287,-0.22731372874475986,-0.41611532029828663
A4592,2024,-1.0280472809930006,0.9349227020486944,2.0802845431904533,0.6596042374418418,-0.016461806161481584,-0.4018933111966893,1.6218053290474026,0.4018933111966915,0.6719004840000415,0.05486556853618538,-0.30701562776263075,-0.20122018201381328,-0.12203547188086317,0.7256979097954113,0.9005297717902235,0.8276547543251334,0.8010432058772404
A4597,2024,0.11792932891806368,-0.1234576742455111,0.43006792225724805,0.4362678452802306,0.1878540796473542,-1.5005579558808897,-0.07630437809824475,1.5005579558808924,0.6719004840000415,1.7166238577168178,2.6912241415166367,2.4285425324868606,3.149122513583008,1.704540440941312,2.3796244880934854,1.7681057386707009,2.2032915871124925
A4604,2024,-0.3509545388419207,0.31184100683007004,0.2661989281214531,-4.729200928453096,0.8655858063127713,-0.062306057385209175,0.6666606778093244,0.062306057385211173,0.6719004840000415,-1.738546106230939,-0.9985946801638305,-0.9947178941984925,-1.001237966762037,-0.6745849224953506,-0.6550948922096237,-0.6556241169526957,-0.4830906643399485
A4613,2024,-1.0280472809930006,0.9192055477017183,0.06782082938856983,0.6613809218593899,-0.946043674203098,0.1386996332899684,1.624305696537416,-0.1386996332899664,0.6719004840000415,0.9202671564580708,0.525272390687937,0.26652540648927525,0.4236252135406365,-0.24070358930589195,-0.2611073424694293,-0.10889656151922529,-0.18123629406654007
A4614,2024,-1.0280472809930006,0.9640111630084052,0.27085492118005927,0.678833433279276,-0.016461806161481584,0.6243593455424163,1.2139326403933197,-0.6243593455424143,0.6719004840000415,-0.41645355186346167,-0.3773355995633254,-0.481053599804855,-0.35482560634785276,-0.2843381418953888,-0.2590852006464534,-0.1808871348848657,-0.20463008379733585
A4617,2024,0.08138115318037432,-0.08952766320592113,0.8528351791392786,-1.8121699616355593,-0.016461806161481584,1.4608426545633424,0.9022640355472256,-1.4608426545633413,0.6719004840000415,-1.4108754576601104,-0.779633556641743,-0.8356440886252003,-0.8632984222442578,-0.09985248739933794,-0.04026682240336727,0.3205633534045121,-0.041911119072402754
A4618,2024,-0.7320539641437958,0.6656431856527115,-0.3951203699363065,0.5291206502331576,-0.44389828758777405,-0.23709361449406002,1.3490531373059003,0.23709361449406136,0.6719004840000415,-0.38163854545281206,-0.31057286265544964,-0.3170411371174398,-0.19335491769583077,0.020015296810022568,-0.022511914511283808,0.28038285812588976,-0.07986358387225476
A4620,2024,-1.0280472809930006,1.5595724971908822,1.0848389254427064,1.0201400410971322,-0.016461806161481584,-0.42311751455990704,0.5621319858270152,0.4231175145599088,0.6719004840000415,-0.29942832023102106,-0.29442615306335285,-0.1540369245306706,-0.3234063655077179,-0.3951243315309735,-0.48793737543681254,-0.3628075091972998,-0.3716218496448523
A4626,2024,0.6070922126405582,-0.5775834787499792,-0.2849358634288275,-1.1870803308112412,0.012115789531704045,-0.11848777217019707,-0.044554541719545857,0.11848777217019885,0.6719004840000415,-1.0963701476479326,-0.64198893061274,-0.6985915092091743,-0.7554129587118732,-0.004705594521033827,0.14149544996499763,-0.029426531881015138,0.039517954839918
A4629,2024,-0.005434443669832151,-0.008930429877447198,1.083098271225949,-0.2257442142394574,-0.246333299311481,0.3097417427464866,1.4821394108080104,-0.3097417427464839,0.6719004840000415,1.5817522782604299,1.409210682940933,1.2459786889202398,1.4053907702471138,5.558172785625864,5.828364342194775,6.9484533675649045,4.753784287117704
A4638,2024,-1.0280472809930006,0.9852311751883801,0.11004382633683013,0.67571641520925,-1.001909632185666,-0.4093842065013546,0.4374177022131705,0.4093842065013564,0.6719004840000415,1.4562427173346417,1.445842704789278,1.2246783356716577,1.0835037846828819,0.08571273399522822,0.18715987065674894,0.12339105607221366,0.09389579194743942
A4641,2024,-0.41180997263204405,0.36833753250564516,1.2290319499005673,-2.7388207844599037,-0.016461806161481584,-0.25332388765416697,0.009237866150660908,0.25332388765416874,0.6719004840000415,-1.701683158266721,-0.9519066857591486,-0.9392620520965966,-0.9552983933913187,-0.24609550683729853,-0.21305063010664518,-0.14487829456813628,-0.15414783050347175
A4649,2024,-0.07614046823164776,0.05671111572144029,-0.09123504549485846,0.39701685444703433,0.8039198257152935,0.8778013033502492,0.6233803070049534,-0.877801303350247,0.2233558506827886,0.7403408628231961,0.41427479135688416,0.17454623314611636,0.0558370459896301,0.10828112095018612,-0.17928870640084058,-0.185058987287386,0.005445901438378395
A4650,2024,0.21224249420704805,-0.21101576464237098,1.71531606075569,0.35932074732598895,-0.016461806161481584,-0.7876744193869375,1.2743372117462748,0.7876744193869393,0.6719004840000415,1.4694080558932912,0.8673931455301777,0.9100339779934322,1.710640446826815,-0.3716842576197258,-0.5594902630652853,-0.11260557040607855,0.017951610664074726
A4652,2024,-1.0280472809930006,1.1362566206789706,-0.1473597636278427,0.715322618629172,-0.016461806161481584,-0.5716869381024293,0.5179021296914526,0.5716869381024315,-1.1222780492689701,0.7836401985272003,0.6439257489250516,0.2994753464477372,0.09238696085221561,-0.16351465151863318,-0.03960700225123487,-0.40758440723502,-0.37122821133014056
A4654,2024,-0.19570916919534936,0.1677154379860411,-0.28464188946896846,0.42417508023357403,0.31193626420642306,-4.091159248744205,-2.7877449573023494,4.091159248744207,0.6719004840000415,0.27721350863781963,0.10158828441168324,-0.11602178006276874,-0.1126051804158174,-0.4927571967667595,-0.37807023141345164,-0.5985139207876234,-0.37031363614885576
A4657,2024,-0.2728783357357308,0.23935718839812953,-0.10959764318776467,0.5185122650007034,0.8557360002113443,-1.4656004444591213,1.7484971337801898,1.4656004444591222,0.6719004840000415,1.406214430811773,0.9116626764642093,1.0995792433219937,0.6978757917386991,0.08351030300816403,0.3460750747176942,-0.04422388708982938,0.09828935302617814
A4671,2024,0.5206859247791332,-0.4973661891396186,0.29018926094027164,-1.4197225469643642,3.2246275557941195,-0.5604505951454332,0.5965066267353373,0.560450595145434,0.6719004840000415,-1.30906350613989,-0.7901306881933714,-0.7843318084484157,-0.7225257113970297,-0.43420300298267606,-0.4732457828330248,-0.15129142140560076,-0.2755245371325601
A4678,2024,0.5830311983571499,-0.5552458890463037,-0.0054178544615665096,0.05420549595317879,-0.016461806161481584,0.15617838900085348,1.4772927342461437,-0.1561783890008515,0.6719004840000415,0.157262646214571,-0.18203101427651136,-0.09304203687180718,0.1875988987375941,-0.22684493478642223,-0.12215635147361142,0.06327084426875394,-0.21381241764264813
A4692,2024,-1.0280472809930006,0.8459928725400258,0.39461299832622954,0.538105581361039,-0.016461806161481584,0.6468320314564104,0.6149973290463884,-0.6468320314564093,0.6719004840000415,-1.219831767020154,-0.7452326837221142,-0.74827360938037,-0.790908104124468,-0.11967398061408824,-0.13943822897277255,-0.12844079445034792,-0.05162945330771752
A4701,2024,1.8049281563025479,-1.6896213535253755,-0.49213877639077186,0.16161904764980334,0.06964049265517444,0.8166256583621505,2.8428989089086847,-0.8166256583621483,0.6719004840000415,1.1938136353988957,0.9295588344215809,0.4565000010849636,1.4661390529746263,-0.17176428733600535,-0.23685286197698985,0.07099047557760967,-0.05671422434144576
A4707,2024,-0.5345549944194089,0.4822906644293283,-0.017160099402434004,0.469416209295408,-0.016461806161481584,0.49701412536311174,1.2714656179496242,-0.49701412536310907,0.6719004840000415,-0.18240308859858423,-0.3655250641109487,-0.2775042188595661,-0.07023181301036,-0.2667833560969787,-0.3258340092394999,-0.0036107435923798557,-0.20447356796500007
A4709,2024,1.9815980280261687,-1.853637205652565,0.6686367704433597,-2.260643530141642,0.32432395583920254,-0.30700863733760037,0.7313239112548903,0.30700863733760125,0.6719004840000415,-0.908837213956948,-0.6315160527879973,-0.6514836279602866,-0.5349363206377474,-0.29274900150568495,-0.24362581629160887,-0.23764347088167428,-0.25506426407943267
A4711,2024,-0.006961460340701448,-0.007513064479991728,0.5696652372158214,0.42880043977557725,-0.5126922241233496,-0.8675773026366976,0.732320758860493,0.8675773026366994,0.6719004840000415,1.4085549354444202,0.9715173665945598,1.0166016094882104,1.1188282500601732,0.15281026189367455,0.21544562228733796,0.5100743298524549,-0.22606487138579542
A4723,2024,1.1115615163656456,-1.0459190273673236,1.5636848359726472,-0.2619797650965377,0.3474336447630662,-0.6178807924811974,1.612541460434762,0.6178807924811992,0.2233558506827886,0.804704740221036,0.18843887633728867,0.19584775824953826,0.6017628560535495,0.06239870103541883,-0.05347686543252837,-0.05032014479431983,-0.0657397254347276
A4733,2024,1.8033776660436505,-1.6881822802734976,1.129150804342926,-1.9288736621181772,0.07156032218314311,1.1874249759430682,1.0351998240013944,-1.187424975943066,0.6719004840000415,-0.8696337613600809,-0.6252083533060548,-0.6928120693655652,-0.47034874463364584,-0.3665625638783316,-0.3326686772972608,0.01920071640888766,-0.28347856601218985
A4737,2024,2.434960511400287,-2.274526469567587,-0.5579003611807548,-1.4282711963809445,0.48512084581927856,-0.10600294666242277,-0.013203494592616636,0.10600294666242366,0.6719004840000415,-0.8406700165310512,-0.5967486064620807,-0.5551037578229173,-0.41703502173258206,-0.27774977208739726,-0.22995081181084356,-0.23800161047218688,-0.3481656342674454
A4744,2024,1.9440223339881717,-1.8187529557051134,-0.6450457178556647,-0.22660683391935207,0.3456425249150625,-0.8538439945781452,0.012423569219085578,0.853843994578147,-0.2251887826344643,0.48025228552010046,0.3054048997037723,0.022341719184204044,0.1343023041280128,-0.06243809113334187,0.1885237205465191,-0.7557206361843889,0.05251151342042567
A4749,2024,1.8774129433793048,-1.7569146133847433,0.40891388164955506,-0.13204128833878914,0.23187447829838648,0.07003309299720621,2.468329487615486,-0.07003309299720377,0.6719004840000415,1.3930490922531236,1.0584684299483613,0.9958255214970172,1.1640876689359843,0.12090156801507365,0.358735616407892,0.11319964807793352,0.28681986172041757
A4754,2024,-1.0280472809930006,1.0605509232751793,0.22192381656835508,0.7016572921055508,-0.016461806161481584,0.0925057789112003,1.2907922226726316,-0.09250577891119897,0.6719004840000415,1.2935776453655496,0.6643831638429448,0.8948292556675685,1.018567278584059,0.25656371501801484,0.27838226417413076,0.7897081310924188,0.4296116571883799
A4756,2024,1.1576329269055226,-1.0886904689028953,-0.5091285360739866,-0.8495505498243293,-0.05949038612836191,0.17365714471173857,0.573720720749212,-0.17365714471173635,0.6719004840000415,-0.7520234035694795,-0.5775929366632276,-0.5900257643624455,-0.3884514588327153,0.22179741614830928,0.372195538584647,0.5769181833444635,0.17312954261284855
A4757,2024,0.7759546519395473,-0.7343509504031565,-0.32290118180362276,0.046760947245999454,0.002673188965243304,0.43833544547656755,1.0552413694797393,-0.43833544547656667,0.6719004840000415,-0.03816949061160383,-0.08984997066039346,-0.15443566858292862,-0.2428911022529811,-0.4820099535936741,-0.4189092361520026,-1.139946374126564,-0.37533925589663847
A4764,2024,1.5086011573674944,-1.4145198058851924,0.22727144201376984,0.22652807114228088,0.4449111861647774,0.1312087379853031,-0.42548641057022213,-0.13120873798530133,0.6719004840000415,1.5782415213114576,1.9083009344179394,1.5522077958677438,2.223483663874902,0.25540912366646584,0.05807043755905405,-0.021687959073652913,0.46706708388808055
A4768,2024,1.0773081663869213,-1.014119151069974,-0.6092826552939623,0.32272763605404353,-0.2867884994310556,0.17615410981329307,-0.07145202541523106,-0.17615410981329152,0.6719004840000415,0.7333193489252504,0.5792113274110146,0.15849921585284973,0.10013798377560527,-0.44720231115098985,-0.29846103236859917,-0.6666969547227406,-0.5024246678825526
A4771,2024,-1.0280472809930006,1.1686821007898487,0.6756683764674699,0.942463528183018,-0.016461806161481584,-0.5242446011728848,1.5205371626490636,0.5242446011728866,0.6719004840000415,-1.101343719992311,-0.7144199599245933,-0.6723741035410773,-0.6584513386410293,-0.2065394983366582,-0.1800717123491867,-0.031880260682133635,-0.0954709211997873
A4775,2024,2.034043757837153,-1.9023263914212387,1.4429902224412825,-3.0334204588655314,0.3158677708547591,-0.1521968010411891,1.061984939408475,0.15219680104119132,0.6719004840000415,-0.8713891398345672,-0.6540196991568167,-0.6695934721871094,-0.4029829772629972,-0.3225862715203114,-0.2972674702894608,-0.21415597048042084,-0.2355941754736516
A4776,2024,0.4256289952429191,-0.409117974811002,-0.18216135383196472,-0.3570229555959152,1.033473121775965,-0.4018933111966893,0.7778547649802366,0.4018933111966915,0.6719004840000415,-0.14758808218793465,-0.2596202433859392,-0.10311665684549608,-0.29006618921261595,1.1803718768221565,1.3932041393038441,0.7222843007807691,0.636780007124616
A4777,2024,1.0863286366791465,-1.0224935097710894,-1.380087220115067,-0.01548398184603489,-0.5967763971418252,-0.31949346284537467,0.6633937724128849,0.31949346284537644,0.6719004840000415,-0.46004545064654634,-0.09679055505482734,-0.4456601748578297,-0.5311582637413782,0.004894259931112425,0.08205590869789725,-0.9001907319515299,-0.0042172193562008626
A4778,2024,1.0194684696283296,-0.9604225483165859,0.7926040484978506,-0.006938785117894853,0.07748926853290507,0.3759113179376925,0.6082310390606127,-0.3759113179376916,0.6719004840000415,0.9661995598738025,0.16333415564808215,0.33601637066612333,0.665802756653313,-0.11214918822557703,0.024141117233813514,0.17498374908589837,0.43778668866749754
A4794,2024,-0.2122444590957657,0.18306635034061813,0.2793350166814687,0.34982688992202493,-0.2716504185683497,-0.6753109898169617,-0.9959983319039553,0.6753109898169644,0.6719004840000415,0.28716065332657664,-0.17323084505384975,-0.13209150825787597,0.2870716413374955,-0.25797703491057467,-0.18103435480061,-0.1034682804203725,-0.25250523963239624
A4795,2024,3.640830321067485,-3.394023104402925,6.501683077639703,-1.676736116902651,0.2929432348909463,-0.1859058299121829,-0.5930410567468661,0.1859058299121838,0.6719004840000415,1.7467578548621692,4.073660706495375,4.608389120492586,2.698796152861416,-0.11813905731255378,6.604907457483054e-05,-0.31798028261020184,-0.053331555734707645
A4799,2024,-0.2572896362061865,0.22488523112669526,-0.3014827547421925,0.36965519625759924,-0.5048022879700049,0.950213291295344,0.6418596317007718,-0.950213291295342,0.6719004840000415,0.16896516937781417,-0.1335744413309487,-0.1511504963323712,-0.1758623603637354,-0.0987443094966038,-0.041932121977375954,0.020294670232824812,-0.02166052410013617
A4803,2024,-0.3142046399722284,0.27772340260385014,0.5154112723794452,-0.2771753231368468,-0.12554240080325008,-0.3332267709039271,0.7037289216742557,0.3332267709039289,0.6719004840000415,-1.1186049416580939,-0.7362397038077241,-0.6873614485256577,-0.6935420682330949,-0.18061676398359217,-0.08679864519088012,0.012784293084456569,-0.10699333342014625
A4824,2024,-0.392065834400782,0.3500075881089621,1.0369242555571796,-0.9818958956937276,-0.182944925499832,0.18239652256718022,1.311346391427004,-0.1823965225671789,-0.6737334159517172,-1.561252880307794,-0.8627621133205607,-0.884439435847597,-0.8538620207331298,-0.14301856252672665,-0.1121151477585537,-0.022800035838689378,-0.07040156182939952
A4825,2024,-1.0280472809930006,1.0250496536031244,0.06827588192360827,0.7131167650385096,0.5303299966478829,0.04880888963398848,0.3601959260395651,-0.04880888963398626,0.6719004840000415,-0.4623859552791936,-0.3448054636271314,-0.43745336332862855,-0.46270343499741806,-0.34834975633000215,-0.35877205610588314,-0.16997259645177107,-0.3540274009649611
A4830,2024,-0.10706672309094373,0.0854222076139635,1.8297222165584974,-0.01427733628996065,-0.04405815984663129,0.6306017582963035,1.4377431879396287,-0.6306017582963017,0.6719004840000415,-0.00540242575452109,-0.37525747228462564,-0.25052741263522676,-0.15440627671836435,-0.13573564141297295,-0.08917982174546306,-0.040020210741676325,-0.13663704844663896
A4832,2024,0.816848531775207,-0.7723152277600301,0.8850950746923235,0.271388713938007,0.9138200202997934,-0.9736983194527845,-0.19869668659967615,0.9736983194527867,0.6719004840000415,1.5940399275818378,2.255255019580033,1.6823789450824655,0.9668690977572145,-0.10973548073316121,-0.15475090856647303,-0.16485104873331866,-0.14287084461230254
A4856,2024,2.282043874529862,-2.1325629387211325,1.0554522296877746,-1.1559277588220254,1.073379498637769,0.6917774032844004,0.856361019415548,-0.6917774032843982,0.6719004840000415,-0.482572807735788,-0.48866424212411586,-0.4927635091485645,-0.222688057236689,-0.7278697050543596,-0.7087042567856181,-0.6414641070772124,-0.6507768049790452
A4862,2024,1.1323823526848011,-1.065248644769494,1.227127307581873,-0.48193956607119015,0.16816055358309426,0.18614197021951287,0.5721874142132026,-0.18614197021951154,0.6719004840000415,0.7163506903385449,-0.02897485924830689,0.20705867847307208,0.4189811006770214,0.13259155762279712,0.20348300680003378,0.277274668835697,-0.003528113242497337
A4868,2024,0.5338014732649289,-0.5095423543830512,-0.015827716335923902,-2.4767427420637915,0.2123227569823424,0.5918987992222007,0.8854092990016289,-0.5918987992221993,0.6719004840000415,-1.526437873897144,-0.84012189832849,-0.8671482971190603,-0.8427858481274286,-0.17723043263442315,-0.12845517583697463,-0.01701785658310707,-0.13804962697252338
A4873,2024,0.49314155839790647,-0.47179479790068746,1.6092555112814635,0.1662595990209434,0.05576362019365308,0.5719230784097611,1.8507078482795392,-0.5719230784097593,0.6719004840000415,1.7294966331963866,2.6414600162062176,2.8193810190128104,3.4385708010988694,1.9952936940644064,2.465110951004369,2.0278185809981775,1.5278522599126185
A4885,2024,0.381346008383763,-0.3680066940030719,0.37705477289999123,0.1125142911696387,-0.2616674514112147,-0.9687043892496755,1.149473307695208,0.9687043892496768,0.6719004840000415,0.6332627758795163,0.08636252385611587,0.26266424301367386,0.11866062305572884,-0.01624250949747969,0.028304910375630554,-0.03038943551944849,0.033754138864703125
A4888,2024,1.1658331131456998,-1.0963032982528664,1.0633725403611731,-0.03404708502958951,0.46211950612340214,-1.0436133422963247,-0.4956195532802803,1.043613342296327,0.6719004840000415,1.1309125733964616,0.395863050544952,0.6481632194013769,0.7020234051874809,-0.3435855419933116,-0.13085977767989046,-0.1490066556621615,-0.18664732823470762
A4889,2024,0.6074323023474222,-0.5778992087622259,-0.18975678734938234,-0.6940148767776155,-0.06458287371441432,-0.6603291992076329,-0.14898722716128973,0.6603291992076342,0.6719004840000415,-0.36759551765691795,-0.33013247898021136,-0.30471451577991715,-0.3062873643141894,1.33437986268369,1.3434921234436508,1.4124427011433198,1.0731954556586307
A4894,2024,1.339358943385413,-1.257399948345344,0.13484376321231556,-1.5212738480121752,0.29555624919748624,-0.24708147490027982,-0.09556735802631162,0.2470814749002816,0.6719004840000415,-0.9073743985615422,-0.6642635348433422,-0.6061679642851594,-0.49932010339529714,-0.2525352136753779,-0.2615332855370483,0.017832413265183054,-0.19889742236614336
A4895,2024,1.388453722509461,-1.3029782028506736,-0.009955652765790314,-0.4191989690266835,0.46948200943121854,-0.7889229019377156,0.12129949302754457,0.788922901937717,0.6719004840000415,-0.011253687336140924,-0.15316379643714126,-0.146282088884938,-0.040400837309732415,-0.16661535964377558,-0.12875634101078204,-0.199412960268102,-0.1450415447560919
A4901,2024,-1.0280472809930006,2.1232086623626922,1.2625168263650526,1.2316956531395415,-0.016461806161481584,-0.06480302248676369,0.9258511550760068,0.06480302248676634,0.6719004840000415,0.5492971721832386,0.14350120980088593,-0.020421289831099917,0.20024562560199458,0.16587764373834482,0.19128298959638249,0.7170837228919846,0.2504611589852113
A4922,2024,-0.12653235487000372,0.10349356948100254,1.338588408702666,-0.742749781272068,-0.4279700016576428,0.3509416669221439,0.5621105727770754,-0.35094166692214146,0.6719004840000415,-0.9538919281354351,-0.6874074653463371,-0.6308459043946518,-0.6979745856488079,-0.02824548713529402,-0.04383189541097837,0.019562167358013288,-0.028923130547580285
A4923,2024,0.27771550277982254,-0.2717991208607476,-0.2862195253204893,0.4499104531139153,-0.016461806161481584,0.368420422633029,1.3821084355251834,-0.36842042263302655,0.6719004840000415,1.5027602469085348,1.8571635892646958,1.0398676317721767,0.9832052889773476,0.031451792236095344,0.1678970194885445,-0.24381008940996526,-0.140664363884987
A4924,2024,-1.0280472809930006,0.9631169302403694,1.1572195477606095,0.6759527862598648,-0.016461806161481584,0.7117531240968418,0.4798754082681003,-0.7117531240968407,0.6719004840000415,1.2444270480799258,0.9610666535489613,0.6949451434577252,0.797507618958286,0.770357001033145,0.8785403379876642,0.3897837591573673,0.8237894122732445
A4931,2024,-1.0280472809930006,1.0182539130069108,0.43896316946242137,0.7322990733669261,-1.1157986650602587,0.47204447434756136,0.6312976098061006,-0.47204447434755914,0.6719004840000415,-1.366113306560701,-0.7967271041092804,-0.786592730642789,-0.8152114040260605,-1.1403164178333098,-1.1302701721389057,-1.1705282462053048,-1.0971971493598014
A4937,2024,-0.7019963390250071,0.6377386439357746,0.7202772307723433,0.4378722405446136,4.800746494595659,-0.03983337147121508,0.33360029999465296,0.03983337147121619,0.6719004840000415,-0.3137639111059956,-0.4642473989083397,-0.40523086646651135,-0.37514954253603916,-0.25933070246773793,-0.08445521456536226,-0.24329375788916105,-0.031425522507421685
A4938,2024,-1.0147199940890221,0.928062701810381,0.27968881265334145,0.6518727703252836,-0.2950810573177728,0.7229894670538379,0.19962011132680413,-0.7229894670538357,0.6719004840000415,-1.1338182217703099,-0.719288416477014,-0.7169595894031304,-0.6964174102791776,-0.26622738522133593,-0.19552835850386452,-0.0992008471828228,-0.24356137017786528
A4943,2024,0.24308263828103005,-0.23964691362938123,0.5903492648273935,0.0758654535062688,-0.016461806161481584,-0.5517112172899897,0.08351485742811283,0.5517112172899915,0.6719004840000415,-0.017104948917764498,-0.23310888193207502,-0.35984910132221565,0.1664717337168759,0.027787856253697518,-0.19967484057853604,0.39335429671105304,-0.13664353483378003
A4945,2024,-0.10579342242217117,0.08424004313950127,-0.13124240596381942,-0.21784708713153922,0.4303171321691608,0.080020953403426,0.6935932179007811,-0.08002095340342379,0.6719004840000415,-0.808195514753049,-0.5740953092138517,-0.585379697665944,-0.5045681015880131,0.35733176716671355,0.4243655931922292,0.34902005928705504,0.33807360701905237
A4947,2024,0.8999262734017709,-0.8494426374495238,0.3365683343826608,-0.5627535369708963,0.8096822813414265,0.21111162123506325,1.1426748838910938,-0.21111162123506147,0.6719004840000415,-0.45536444138124815,-0.4641224088548953,-0.40619859043339274,-0.2541398557069888,-0.246522694184763,-0.1934206793006085,-0.015995493392088177,-0.2043042879668248
A4949,2024,-0.8495392873841789,0.7747134398684166,-0.26733592272828643,0.4584500564867823,-0.2255068996883457,-2.3632593984681445,-1.685299283860136,2.3632593984681454,-0.6737334159517172,-1.2528913949563172,-0.7433084708478233,-0.7652813474752607,-0.7725897072668096,-0.1713006224766381,-0.1140674347860677,-0.13645710938046116,-0.2452111237567163
A4960,2024,0.6631428574026937,-0.6296193692812609,-0.2503991781113563,0.10866834151612176,0.7332246636937116,-0.11099687686553178,1.2699182452788647,0.11099687686553356,0.6719004840000415,0.22894060058943674,-0.13331477633491243,-0.13329204770224898,0.17475401083466519,-0.029042977346099588,0.048012438608937856,0.001343740624899949,-0.096295919735436
A4961,2024,0.9020481541375466,-0.8514127892714575,-0.02999542577393545,0.18251547768123186,0.82071997254522,0.036324064126212405,0.7190551954264174,-0.036324064126211295,0.6719004840000415,0.540520279810807,0.16076466844187193,0.1611709173877429,0.7824496741560523,-0.34412138333727876,-0.32141995955659336,-0.11323178139329348,-0.3842787513813269
A4964,2024,0.11334277612727268,-0.11919996260452564,1.7057877720585921,0.06263109155375098,0.7587111795549875,0.32097808570348274,0.8063920375726594,-0.32097808570348163,0.6719004840000415,0.3170020873928476,-0.276200136115959,-0.12431083997540085,0.29306116340910787,-0.22665351982621806,-0.08077761252342819,-0.035974618883341365,-0.22339023073218764
A4974,2024,-1.0280472809930006,0.5776980658478367,0.5552427057966279,-2.2208608943424273,-0.016461806161481584,-0.5529596998407679,-0.3843886587762615,0.5529596998407692,0.6719004840000415,-1.6519474348229346,-0.8979892874946457,-0.9126167754187708,-0.9298559180777302,2.302829998604875,2.403270705109684,2.0511262110804265,1.5373175365478047
A4976,2024,-0.1600591038988201,0.13461888926522372,0.621751127808883,0.19857641755218775,0.32562512870113847,-1.5966911122907586,0.6896327943706437,1.5966911122907599,0.6719004840000415,-0.0021842318846288966,-0.16334166869624098,-0.15399774485651457,-0.15241142092512605,-0.13245087082819948,-0.1309656789301298,-0.11497764745602726,-0.16033983275850927
A4977,2024,1.121831949823295,-1.0554540138246031,-0.5198803200360237,-0.03645526616284652,-0.0667990933674163,1.7167815774727297,0.8771098236653881,-1.7167815774727277,0.6719004840000415,0.27253249937252144,0.02608524044825718,-0.17364253465187504,-0.13552923920631954,-0.07866220688232684,0.12275457579785527,-0.01960335705413298,-0.21714518525921628
A4979,2024,-0.9834921801428672,0.8990717086236463,0.008640760619293524,0.6481561583807357,1.4743603172998248,-0.5604505951454332,-0.5508687248914446,0.560450595145434,0.6719004840000415,-0.04402075219322367,-0.10911827628517619,-0.07305609983669893,-0.315798556334005,-0.09349286470368401,-0.04004949207178588,-0.11317141234227081,-0.05230398020348559
A4983,2024,-1.0280472809930006,0.20051978328259046,0.8291694211983628,0.5342068746281562,-0.946043674203098,-1.671600065337408,-1.04645856786047,1.6716000653374097,0.6719004840000415,1.6870749867296273,1.7882371168039743,2.1552362251646238,1.960582176415476,-0.032110944936356266,0.09898913519674671,0.008883508529615437,-0.07142649499951298
A4984,2024,-1.0280472809930006,0.7866957979645692,0.07837159108327879,0.6063380936922654,-0.016461806161481584,-1.44562472364668,0.6160709330279892,1.4456247236466822,0.6719004840000415,0.35679066614787924,0.20360708447585954,0.04010544232037778,-0.14096930525804588,-0.05129724584282413,0.13453625996528396,0.10908460128496549,-0.07443497365331296
A4986,2024,1.0629002885167749,-1.0007432700462917,0.31705113349689645,-1.0725311769690644,0.3620093517272995,1.7080421996172863,1.385781438784318,-1.7080421996172839,0.6719004840000415,-0.9606208789543035,-0.7058671626814939,-0.7165474919601268,-0.48013448842735706,-0.29663916879325425,-0.23316479346698427,-0.0189346616837539,-0.2536761997708856
A4988,2024,0.42305510698527216,-0.40672844712255074,-0.31556236813930977,0.11704228489762886,0.774165857534962,1.6593513801369637,0.6724181712042178,-1.6593513801369615,0.6719004840000415,0.0940690211330525,-0.07325608316091844,-0.24764424928838358,-0.2215505686167351,-0.1267042558387034,-0.022574261152803112,0.08827572261051744,-0.006566660840292308
A4992,2024,0.015463050640153216,-0.02833109388242364,0.35933848488028836,-1.4693543908618067,0.8816001105418242,0.17865107491484758,1.3226334028876403,-0.17865107491484647,0.6719004840000415,-0.9269761248599758,-0.6810437560598498,-0.6511291600354937,-0.5423293870319981,1.368777826396485,1.6761158870382693,2.12880325158159,1.9658187085417318
A4996,2024,0.30055777121253435,-0.2930052601423729,-0.43612240592650053,0.14034475539548147,-0.016461806161481584,-0.35944490447025385,-0.37592668407576474,0.3594449044702565,0.6719004840000415,-0.04548356758862969,-0.21178922793227897,-0.2641759988956312,-0.05955623763513448,-0.14167070664198533,-0.07748038980548858,-0.0830356989094087,-0.028047579761029916
A4998,2024,-0.25314536512677116,0.2210376364496659,-0.1495121246095859,0.15597127800689387,0.896805208248504,-0.7614562858206108,-0.5196919311753031,0.7614562858206116,0.6719004840000415,-0.675664439929312,-0.5151544183175584,-0.5421993892370155,-0.580857412839066,-0.15394893678208596,-0.08293331309368628,-0.21154770458734742,-0.10344621602030317
A4999,2024,0.3005510907193219,-0.29299905815459965,-0.5362848885860114,-0.48432654769742445,0.2958916661622182,0.3259720159065935,1.0219138752952828,-0.32597201590659153,0.6719004840000415,-1.3219362816194553,-0.7320463515757393,-0.8025375412338347,-0.7455809506079631,-0.45423435432735537,-0.43776763881607333,-0.5037507798792601,-0.38176841510457454
A5002,2024,-0.19634044022186528,0.168301492797199,-0.7903706132936986,0.28532424785895666,1.0282491968584804,-0.037336406369658806,0.9682149107167967,0.03733640636966124,0.6719004840000415,0.010981106674020281,-0.0279182305570417,-0.17559839274929498,-0.2732561104767875,0.3913854308394368,0.5969292190285829,-0.47990429244616856,0.47513484334468015
A5003,2024,0.23710642528578196,-0.23409876040951977,0.289436788199575,-0.6602412999396902,1.6223244990179422,0.17615410981329307,0.8912720765029748,-0.17615410981329152,0.6719004840000415,-0.042265373718737495,-0.2642485317678567,-0.2980877627382589,-0.09837377603090258,2.758343245838424,2.773717071791991,2.488223518748056,1.8551130962584503
A5012,2024,-0.5863464993927929,0.5303724856944056,-0.36373159475714406,0.5534469809610614,0.0635669186487379,0.8678134429440294,1.0144713655151147,-0.8678134429440283,0.6719004840000415,0.5694840246398367,0.05780745909984983,-0.038334785102203554,0.3614938116371967,-0.13666712704266987,-0.16615347482553156,-0.16038807688687942,-0.04195573586290134
A5013,2024,-1.0280472809930006,1.2111062273290678,1.1668396559554044,0.82152503627475,-0.016461806161481584,-0.3581964219194775,0.11980106442858511,0.3581964219194788,0.6719004840000415,0.08909544878867413,-0.1926584646213855,-0.20752615645035216,0.12322259200528193,-0.11926961706728709,-0.07485171378909748,0.0015283110496084188,-0.11218521318492743
A5025,2024,-1.0280472809930006,0.7506959651927797,-0.22087850155794586,0.6118545230669103,-0.016461806161481584,-1.9762298077271179,0.6301177216083805,1.97622980772712,0.6719004840000415,0.28438130407530693,0.18091154569688206,-0.16999734560274155,-0.12791152839775957,-0.2977040120446032,-0.19727490935172165,-0.4283006254683684,-0.4561569619411866
A5028,2024,-1.0280472809930006,0.4460356567864947,-0.11405351047459077,0.5149900394153377,-0.016461806161481584,-3.0649065920050993,-0.5314361709044291,3.064906592005101,-0.2251887826344643,1.0399254558022388,0.7743608140064,0.5340207656021252,0.3869210280135131,0.3754842697086176,0.29839513828040615,0.1162370709133372,0.3934493278587481
A5030,2024,-1.0280472809930006,0.45169669515382466,-0.17117122960230768,0.5601394650722006,-0.016461806161481584,0.09500274401275481,1.1200192446490795,-0.09500274401275392,0.6719004840000415,1.4411757187619643,0.8844824662577203,1.2208022828093452,1.2716786692594586,0.1338598928460144,0.38356854277059066,0.4827917054781002,0.2106202786198456
A5033,2024,-0.20012792177957356,0.1718176874201607,0.45296671733700816,-0.5227265198838851,0.22499267871950823,0.3609295273283637,1.0009316838362825,-0.3609295273283615,0.6719004840000415,-1.2525988318772368,-0.7361636363622747,-0.7297387313138956,-0.779761781707929,-0.3516535015615929,-0.3137986837527154,-0.0711897265410635,-0.3332380036519327
A5037,2024,0.8251654920533605,-0.7800367661916966,0.11255677262997733,0.20919930407609075,-0.016461806161481584,-4.187292405154072,-2.1314830412490564,4.187292405154074,-0.6737334159517172,0.9761467045625597,0.5578558347520558,0.8302074095943115,0.7591280705230721,-0.11513836219429575,0.039740156103623366,-0.05444964866225122,-0.08446871725250445
A5038,2024,0.18121945058116382,-0.18221481669762535,-0.22608962614650044,0.3697979303977163,-0.016461806161481584,-4.171062131993965,-2.108345544792458,4.171062131993967,0.6719004840000415,1.1824036753147327,0.7444615651186951,0.7148616056094461,0.6309114545239518,0.17461037704787302,0.2264762305541154,0.06291920506345725,0.24223762359256068
A5039,2024,-1.0280472809930006,0.44592950646694046,-0.7393427260267209,0.5673957732056213,-0.016461806161481584,-0.9687043892496755,2.456860486835987,0.9687043892496768,-0.6737334159517172,0.8245990295985535,0.46691582026439854,0.2442235468857017,0.338241559342066,-0.1996634094680791,-0.24927824915727526,-0.17395062224107324,-0.22546203944509438
A5040,2024,-0.6683378687493126,0.6064909764900379,0.7829132340630053,0.29010787863905774,-0.3716493581286441,-0.17841493460751762,1.2227365596649657,0.17841493460751895,0.6719004840000415,-0.7710400037097521,-0.5611937378132734,-0.5513218109920942,-0.6090217722039414,-0.11622931726510725,-0.08233191817161313,0.10300801499500825,0.00510073249005301
A5045,2024,0.608407819252975,-0.5788048520625694,0.13423271111370966,-0.6456121209111083,-0.052284393690772396,-0.9687043892496755,1.046230774491052,0.9687043892496768,0.6719004840000415,-0.9521365496609488,-0.6319198743942456,-0.6661606025857755,-0.5742931972980012,-0.04306883418424943,-0.1188045931063857,-0.0927996376992884,-0.16572139963936458
A5047,2024,-0.005012348508117012,-0.009322027413403626,0.17244789420708773,0.4182917681852754,-0.016461806161481584,-0.745226012660502,0.5553290029672275,0.7452260126605043,0.6719004840000415,1.6543079218725445,2.723924930993998,2.377834260478067,3.161455005567943,2.540060847123193,2.373205007540237,2.1223600358030508,1.8764956991616022
A5049,2024,0.16108078693920444,-0.1635186303974238,0.1709915737038428,-0.4489530640900884,0.4437768408954111,1.2186370397125057,1.1104673950068313,-1.2186370397125035,0.6719004840000415,-1.1115834277601486,-0.792794881797716,-0.7461913712557767,-0.5534386636870419,-0.26930292545628454,-0.22550870487317343,0.00029728277450825517,-0.12006376554407602
A5053,2024,0.7633819280158702,-0.7226781065775101,-0.5396359552152087,0.4289047800202395,0.19661815767976434,-0.20962699837695514,1.8472106466346916,0.20962699837695647,0.6719004840000415,1.5606877365665908,2.6731263563443544,1.6418916169273898,1.064668982580183,0.04433701388627324,-0.03939573692301163,-0.8965309584695674,0.10395022022320884
A5056,2024,1.1264159969296743,-1.0597095221566186,0.5301952494783957,-0.22212993998027658,0.5165550917703664,-0.8276258610118167,0.7626191849286758,0.8276258610118193,0.6719004840000415,0.3860469740559894,-0.19855193410201127,-0.08641532070573776,0.11362787399764741,-0.2991739112476955,-0.2315179202390551,0.02760693507939641,-0.15849522894419749
A5058,2024,1.5558411251683049,-1.4583762723078353,-0.7035958111213345,-0.3182996046101473,0.2360124219690698,-0.49178405485266924,3.136746921175971,0.49178405485267146,0.6719004840000415,-0.30381676641723865,-0.28926718118294237,-0.37509537790487474,-0.2401233433029663,-0.08120255693378782,-0.08897321080176111,-0.0013934477495954737,-0.06221407593811442
A5062,2024,1.1420841771104389,-1.0742554334868204,-0.276828008914952,-0.8231657262483901,-0.016461806161481584,-2.7265678207443966,-0.19046355160517897,2.7265678207443984,-0.2251887826344643,-0.5934542147075246,-0.4395464401511851,-0.47991612114142235,-0.48068002793129105,0.027947157938465184,0.0680250878377452,0.15175679653313304,-0.026015324031342803
A5067,2024,-1.0280472809930006,0.6467640462489428,-0.21586717764230182,0.6101227235990847,-0.016461806161481584,0.6293532757455254,1.5258148204762287,-0.6293532757455242,0.6719004840000415,0.9749764522462345,0.7024334847793675,0.20608084097577808,0.4670752595718457,-0.31070334610966344,-0.32422814220944535,-0.5647756153464415,-0.19369945877882006
A5068,2024,-0.28865871610260024,0.2540072633222833,1.1065371333675758,0.4473544278616498,-0.5514688621094572,-4.189789370255627,-2.1350426560885403,4.189789370255629,0.6719004840000415,1.1777226660494349,1.4787434473502947,0.710748138670063,0.42810566822562335,-0.18523762733016091,-0.07296949098072286,-0.5435950328093463,-0.15794004682069182
A5069,2024,2.7048895395582555,-2.525121272315953,9.17943792461894,-3.7569032856751967,2.747605012163018,-0.9687043892496755,2.456860486835987,0.9687043892496768,-0.2251887826344643,1.3131793716639835,0.7615982218314966,1.2378160609386335,1.0003468660050545,-0.7027421414300129,-0.7286086388276588,-0.7586854686876172,-0.6266740473026233
A5080,2024,-0.6098352562673508,0.5521788072207207,0.9625723258235335,0.5341291891382521,-0.27824057716884154,-0.9687043892496755,2.456860486835987,0.9687043892496768,0.6719004840000415,1.3260521471435522,0.749688793062255,0.8173613022021443,1.0679618907336164,0.33923967185042275,0.36924278857575066,-0.10959201862090381,0.5073849264475457
A5088,2024,1.0921041359235948,-1.0278553258166139,0.404496081512064,-1.7209772783384398,1.0444736929971448,-1.4206550726311296,-1.1906653323390022,1.4206550726311322,-0.2251887826344643,-1.2154433208339364,-0.7732974008677101,-0.7318083850374852,-0.7566481203546432,-0.4783197805656526,-0.47182931302388165,-0.48526321873980555,-0.4277339043902115
A5094,2024,-1.0280472809930006,0.6029791798824086,0.42667827476986814,0.4728691739506636,-0.016461806161481584,-0.5691899730008748,-1.1189724035212718,0.5691899730008766,0.6719004840000415,-0.2526182275780477,-0.004923522483897076,-0.43565224865850205,-0.3954466972139743,-0.10239119761308756,-0.012549517080782495,0.27519101327399326,-0.06242808735715733
A5116,2024,0.5172417783110117,-0.49416878504214035,0.06322631025295347,0.00022533623417303158,-0.10025588476911144,0.4932686777107791,1.1387222851022938,-0.49326867771077665,0.6719004840000415,-0.4559495675394092,-0.4573048447557381,-0.47002390324838517,-0.2974233400562373,-0.5940617393169006,-0.6018671088832441,-0.42033439791483246,-0.5099904485000393
A5124,2024,0.28480936964596193,-0.2783848000816778,-0.4364356163276265,-0.4802985723093412,0.626334832102048,0.16866321450862778,-0.033207756773096966,-0.16866321450862645,0.2233558506827886,-1.0346393379618202,-0.5877684294484848,-0.6901501152380036,-0.7493631883384895,-0.08441426467661861,-0.062337465128587906,-0.04623404889757797,-0.04142928853995065
A5147,2024,-0.06493930223902798,0.046312258582718716,0.6865716406709014,0.44532638772565664,-0.028852821971638576,-1.9113087150866883,-0.4954901357752115,1.91130871508669,0.6719004840000415,1.5413785733472412,1.6218497289983969,1.3707233776482468,0.705385090470954,-0.035596404663777836,-0.05515540433288518,0.10237526139810055,0.04559598813719474
A5148,2024,0.3428481235899684,-0.3322662378841647,-0.6308523450463457,0.2885799949505091,-0.016461806161481584,-1.4206550726311296,0.1568004674892806,1.4206550726311322,0.6719004840000415,0.1888594587553284,-0.1862464260689034,-0.15766042668682234,0.15306992560415394,-0.004145924494697699,-0.01768479815261596,-0.10548347290199973,-0.21907591095051965
A5160,2024,-1.0280472809930006,0.7148530202628899,0.4869832593181317,-0.54016294177564,-0.016461806161481584,-0.06729998758831997,0.3305827742212099,0.06729998758832129,0.6719004840000415,-1.7031459736621266,-0.9371267269396849,-0.946531351086657,-0.9492723887692494,0.12060167236827563,0.14893436576164967,0.11853861046479681,0.12927147980191378
A5166,2024,-1.0280472809930006,1.4803133436919136,0.23030089941321846,0.7686186626606404,-0.016461806161481584,-0.9899285926128932,1.4435793208330971,0.9899285926128946,0.6719004840000415,1.392756529174043,0.7684339648347213,1.0185474444045157,1.1715009794107751,-0.3874537697519878,-0.4417850689660511,-0.09412508648827947,-0.2499251561802674
A5169,2024,-1.0280472809930006,0.6411353436660232,-0.10208895593667858,0.5992491028406558,-0.016461806161481584,-0.5354809441298828,1.3932050485426326,0.5354809441298841,0.6719004840000415,1.4778923851866421,1.503614838934791,1.0823917597220767,1.420163629050477,0.552659637545528,0.514551198069879,0.529721454945267,0.3225946951642626
A5170,2024,-0.5835030556360845,0.5277327100293114,0.036056609487546756,-0.6717866757610406,-0.016461806161481584,1.2860550974544915,0.3753015043152422,-1.2860550974544898,0.6719004840000415,-1.4649996272901133,-0.8406511214653638,-0.8324115055397436,-0.8139572995576014,1.06587963055134,1.399419058055555,1.860907115893362,1.0729154235033664
A5173,2024,-0.7555275861057289,0.6874355943440452,0.3099406316989785,0.6183930172736176,-0.016461806161481584,0.6942743683859567,1.1314943098704047,-0.6942743683859542,0.6719004840000415,1.2651990266946849,0.6408634392549514,0.7429005993773765,1.006966437444116,-0.6854757603661161,-0.5708764173389025,-0.611583943353889,-0.5220224332149135
A5176,2024,-0.3346928837239039,0.2967441295475768,0.49294540321225183,0.03540760995569191,-0.016461806161481584,-0.5204991535205522,-0.10566182502944145,0.520499153520554,0.6719004840000415,-0.6092526209779051,-0.4998063768756354,-0.5055599430298399,-0.3494111474398041,0.4116253148355809,0.6171535131591935,0.4496151404070637,0.2711230960242327
A5177,2024,0.8749774815652513,-0.8262806801302284,-0.8226862373853959,-0.01441130060143965,-0.016461806161481584,-0.9687043892496755,-0.8432271917284876,0.9687043892496768,0.2233558506827886,-0.36437732378702575,-0.41811814114151746,-0.4639076199821901,-0.04203978610697648,-0.3066014226627104,-0.19791273372765006,-0.011167111136728438,-0.11954620827455277
A5178,2024,-1.0280472809930006,1.7905466184989212,1.5661475603863395,0.9938259285804478,-0.016461806161481584,-1.2795765443932725,-0.9622150731361326,1.2795765443932747,0.6719004840000415,0.9211448456953157,0.5168347807728005,0.43658782236708005,0.5142468703206305,0.24240377327978427,0.29670580332406893,0.09759160261401899,0.2591133717649755
A5181,2024,-1.0280472809930006,0.9804621942050689,0.09474801649445673,0.679477981157289,-0.016461806161481584,-0.34945704406403405,0.4289343919702537,0.34945704406403627,0.6719004840000415,0.41705866043858225,0.13160389551243215,-0.1346184051582483,-0.0023337071423340542,-0.1512859431774012,-0.007864620780765013,-0.1322451272904357,-0.014804270001317463
A5189,2024,-1.0280472809930006,0.7091384375929067,0.1419084619194027,0.6120455257914211,-0.016461806161481584,-2.461889519979566,-0.8236024541422686,2.4618895199795676,0.6719004840000415,1.1233059333403517,0.29479520976873325,0.46937521701811585,1.2808258826368695,-0.05272943308733602,-0.053320173240003765,0.13717588479954296,-0.04937465953372033
A5191,2024,-1.0280472809930006,0.3904500796183542,0.4984115218479368,0.5502780344568949,-0.016461806161481584,-0.9687043892496755,2.456860486835987,0.9687043892496768,-0.6737334159517172,1.5170958377835093,1.1865968368488944,1.297724536170061,1.2844864952324893,0.061652967564866275,0.10431405159709294,0.11004176749900896,-0.047841144194923524
A5192,2024,-1.0280472809930006,1.0024959972585898,2.1309428599315217,0.7066319946639316,-0.016461806161481584,-0.9687043892496755,2.456860486835987,0.9687043892496768,0.2233558506827886,0.07622267330910536,-0.08066847730727521,-0.10710054289171109,-0.11767976223770095,-0.10253969888220846,-0.1271769719938686,-0.3735500046470659,-0.10460785527849713
A5193,2024,-1.0280472809930006,0.8359075116025777,1.1857979118015607,0.5827490500538778,-0.016461806161481584,-1.3494915672368129,1.2973942499561213,1.3494915672368146,0.6719004840000415,-0.9328273864415991,-0.6360155403112898,-0.6564819751491933,-0.5476636265144103,-0.7921802469642144,-0.782340969410516,-0.5691581133930226,-0.7084044174136429
A5202,2024,0.3592304806005156,-0.3474754039889463,-0.4443107176465594,0.3415171665455052,-0.016461806161481584,-1.2296372423621735,0.9134104555141924,1.2296372423621744,0.6719004840000415,0.6078097879994588,0.7344112098885948,0.1305087964816199,-0.07513348736401594,-0.19888895075794705,-0.1658743438969952,-0.903731029165004,-0.276365395498941
A5203,2024,-1.0280472809930006,0.8379126503574603,0.9920296797225844,0.6458278724579846,-0.016461806161481584,0.7529530482724991,-0.016545166174269633,-0.7529530482724969,0.6719004840000415,1.3936342184112844,0.8014179826093804,0.8375708577216395,1.2389270465684907,-0.3263259521454967,-0.33908168302124225,-0.4439090962769638,-0.20723487053869213
A5206,2024,-0.6098989833306595,0.5522378856345058,-0.063998360419586,0.34770024100418023,-0.016461806161481584,-0.2845359514236045,0.04618526982589046,0.28453595142360627,0.6719004840000415,-1.523804806185414,-0.8461913315500009,-0.8436063163617872,-0.8208629434903487,-1.2163511568168497,-1.267849407715571,-1.3938885077562964,-1.2320489318866596
A5214,2024,-1.0280472809930006,0.2925688763792844,0.13343554750416764,0.44118288538236494,-0.016461806161481584,-0.6453474085983023,0.9438061303537015,0.6453474085983041,0.6719004840000415,0.06715321785759333,0.021589319138820284,-0.06565992297599896,-0.2852892265687154,-0.748932454464439,-0.6914555065453699,-1.2254788132674974,-0.6855330417792334
A5215,2024,-1.0280472809930006,0.08741626675087598,7.260909242028063,0.2426584100508844,-0.016461806161481584,-0.9687043892496755,0.4065877124620056,0.9687043892496768,0.2233558506827886,1.7546570579973593,3.9882486728886013,5.413558434763277,3.888253009369293,0.02972294808486951,0.2126664865268474,0.21611010630736133,-0.03539563202160922
A5216,2024,-1.0280472809930006,1.0121136533174875,1.347194341223286,0.7239577233642943,-0.016461806161481584,-0.3694327648764754,0.04163411043437685,0.3694327648764763,0.6719004840000415,-1.2359227363696148,-0.7614015342108059,-0.7591046903592952,-0.7001139696078227,-1.3628252044138827,-1.4055866832373152,-1.3402741167971017,-1.1723827135015374
A5220,2024,0.9174178360924695,-0.8656813273924647,11.1523268349233,-0.9190385287261741,-0.016461806161481584,-3.0137188074232215,-0.45846406669516276,3.0137188074232233,0.6719004840000415,1.5244099147605352,1.2848986517421195,1.8787023478337563,2.1640409840931434,-0.9987968498621224,-1.0858044716676665,-1.0287909029789055,-0.9872432632359481
A5226,2024,-1.0280472809930006,1.571218098044374,0.19246328376029023,1.0054494732680839,-0.016461806161481584,-3.3195970323637094,-1.9995570225838455,3.319597032363711,0.6719004840000415,-0.17625926393788025,-0.11432662374593226,-0.2729847508882755,-0.38735453332774467,-0.19085553216811918,-0.09375582101814532,-0.23476709385262182,-0.10247263828280136
A5230,2024,-0.42031829206553084,0.3762364243118851,1.2059551487737792,0.17025705264321542,-0.016461806161481584,-0.2158694111308423,2.516382692255186,0.21586941113084407,0.2233558506827886,-0.6923405354369373,-0.5287283002459843,-0.6023913268173894,-0.40371237218849537,-0.27888946692124117,-0.2848590817351905,-0.04216710003953152,-0.10423318234323625
A5231,2024,0.15789521962148556,-0.1605612365453404,-0.256392746742654,-0.3466220769387158,-0.016461806161481584,0.008857448009107526,0.747270727924754,-0.008857448009106416,0.6719004840000415,-0.9313645710461934,-0.6462626032498079,-0.6477654979130321,-0.5813286049148622,0.06734924438218116,0.328369024078125,0.09836240618937901,-0.08052935322300853
A5245,2024,-0.7512298859196214,0.6834457266561779,0.5138848823205856,0.5495984763180987,-0.016461806161481584,0.9814253550647816,0.8714879226846903,-0.9814253550647796,0.6719004840000415,0.13619810452073142,-0.20759597082159803,-0.18857683310767992,0.005764303547306231,-0.18617901412661128,-0.26503120411814673,0.09512776628981938,-0.10688958495388834
A5249,2024,-0.02893871210779192,0.012890292161450163,1.0059279179443656,-0.21871896001645358,-0.016461806161481584,-0.394402415892024,0.1635292819381601,0.3944024158920267,0.6719004840000415,0.1051864181381351,-0.25558899852549677,-0.0997690911678458,-0.058038339658827466,0.6561299879308621,0.8179708143486585,0.6775846199933355,0.6832015344476476
A5255,2024,-0.4668546604752111,0.41943952005799123,-0.14276424675078128,0.5119865457412248,-0.016461806161481584,0.4782868871014485,1.672703600062072,-0.47828688710144673,0.6719004840000415,0.3099805734949024,-0.05630962509728725,0.002780998028627836,0.17126174159110458,-0.38004723308672766,-0.4062793236884379,-0.30615783654557555,-0.38178564174754903
A5257,2024,-1.0280472809930006,1.132265871166617,0.43239723938170227,0.731768187992364,-0.016461806161481584,-1.6129213854508655,-0.21019179694889564,1.6129213854508673,0.6719004840000415,0.4773266547292889,0.1705608983633624,-0.01325319854462262,0.00846881264988011,-0.5722733879342383,-0.5797876853321012,-0.6196682329139905,-0.4888424453222797
A5260,2024,-0.6771178427050982,0.6146421261957999,0.8382264413653406,0.5971897813473946,-0.016461806161481584,-0.1472028708380801,1.1948710664562878,0.14720287083808142,0.6719004840000415,-0.3655475761033511,-0.4430081933999249,-0.41511330688067694,-0.22984811554537482,-1.4452168071295157,-1.5256438027250456,-1.5914619542405832,-1.3687063887179618
A5275,2024,-1.0280472809930006,1.0294839789104528,-0.619575782373435,0.6869766680192103,-0.016461806161481584,-2.094835650050981,-0.5344435804792831,2.0948356500509826,0.6719004840000415,-0.1704080023562604,0.23428535257014527,-0.34338393929233796,0.030256066287241506,-0.13680965371582016,-0.15771883181688384,-0.22567570878835058,0.0636629615403533
A5279,2024,-0.9898067260191542,0.9049339471964247,1.1891039273257762,0.4872850458874111,-0.016461806161481584,-1.9362783661022387,0.851044585544621,1.93627836610224,0.6719004840000415,-1.7043162259784508,-0.9515838691542676,-0.9536817590561235,-0.9415910965932459,-0.1965885234764093,-0.15149731128825886,0.007556567900938311,-0.16967489911080347
A5300,2024,-1.0280472809930006,0.6724505261977095,1.0411743880143163,0.51863020883782,-0.016461806161481584,-0.09476660370542483,1.8772539629370857,0.09476660370542617,0.6719004840000415,1.0232493602946169,0.22717666921876983,0.30059601330420815,0.803007363070663,0.24669561970680762,0.8778835326586172,1.4243613712387502,1.0937387547561608
A5304,2024,0.5188269793102042,-0.49564044243366745,0.3992482124090817,0.10106890520551594,-0.016461806161481584,0.2248449292936157,0.5249949595512142,-0.2248449292936139,0.6719004840000415,0.29301191490819994,-0.0723116134772941,0.12887569560116874,-0.04289060799430095,-0.34135730150959576,-0.2630224787713189,-0.1611762126802385,-0.3013478970439733
A5305,2024,-1.0280472809930006,0.42818132379295504,3.714001718347893,0.4150466553741187,-0.016461806161481584,-0.9724498369020081,0.7355040074049048,0.9724498369020095,0.6719004840000415,1.209612041669276,0.5325342104667008,1.0256935261988422,0.6095475515621612,-0.40178950791999546,-0.3631980127432231,0.04504628241099963,-0.30682515106587066
A5308,2024,0.6840042646151016,-0.6489865310086613,0.08511888262740257,0.3884237344033446,-0.016461806161481584,0.17116017961018407,0.7042161827556426,-0.1711601796101814,0.6719004840000415,1.1039967701209985,0.5180286786375179,0.503032927810989,1.0214581397890592,-0.8800832981574843,-0.9121993552119719,-0.7705243538115056,-0.7370262771406397
A5309,2024,0.39491256403086633,-0.3806016774723176,-0.08234542360457404,0.26736481272228313,-0.016461806161481584,0.26229940581694033,0.7386780594744339,-0.262299405816939,0.6719004840000415,0.4144255927268546,0.04985137008729049,0.02924584259617001,0.0774413817518927,-0.4553818984755957,-0.4408934687138335,-0.14727140888319384,-0.33565925377447275
