ACO_ID,performance_year,SavingsLossPct,ExpenditureVariancePct,PMPM,BenchmarkPMPM,FinancialGap,GenSaveLossYoYPct,quality_score,quality_change_yoy_pct,quality_gap_to_100,attention_area_count,utilization_score,ed_visits_per_beneficiary,admissions_per_beneficiary,advanced_imaging_per_beneficiary,em_visit_intensity,snf_admissions_per_beneficiary,ed_utilization_change_yoy,admission_change_yoy,em_utilization_change_yoy,advanced_imaging_change_yoy
A1001,2021,7.5693020606999,-7.5693020606999,911.444881735589,986.084603985292,-72427998,,100.0,0.0,0.0,0,3.02626094205919,0.00558146818339429,0.00265091775443777,0.0136460745165151,0.175687616746642,0.000380300437345503,-0.00146052393363701,-0.095511336308625,-0.0569662502090656,0.0882407985241396
A1006,2021,0.0,0.500627200211649,949.22285342328,944.494457265716,1917724,,92.81,-5.11195174317554,7.19,0,19.3497290537724,0.0143070130168014,0.00716784219278628,0.028642697402374,0.363495613280578,0.00180629623258214,0.0650846386384459,-0.0231502805169725,0.0682978032745196,0.0864937001183346
A1023,2021,0.0,2.04037443078166,746.022439056443,731.105156383468,1816209,,82.05,-15.2988541344069,17.95,0,66.3693205502293,0.0629494413098794,0.0255559243279124,0.106980860714681,1.08927978758712,0.00398274145370063,0.29550716334693,0.127349601004343,0.243595445578817,0.315670076134729
A1026,2021,2.39750135495564,-2.39750135495564,859.576929599086,880.691520741851,-9463053,,93.13,-4.17738450457866,6.87,0,15.331388078366,0.0128412618396965,0.0066328831816614,0.0249927038285002,0.307394338170916,0.00137963970178557,0.0899896527022366,-0.00512079892092315,0.0702492534732336,0.196701926393365
A1027,2021,4.00961022717625,-4.00961022717625,1027.79359459801,1070.72551432538,-6802992,,92.37,-5.56180349657499,7.63,0,73.7140475197999,0.0626666666666667,0.0325714285714286,0.109333333333333,1.32419047619048,0.00552380952380952,0.238792415169661,0.184864226682408,0.356971537955552,0.398979328165375
A1032,2021,6.93972898130959,-6.93972898130959,1117.29624814264,1200.61572560674,-6728881,,88.82,-8.31010632806856,11.18,0,87.8616090037516,0.0849825378346915,0.0455679361383669,0.143356061865957,1.99201729585897,0.00914684849492766,0.176815801702621,0.0648340632333647,0.240173580123116,0.439979546802823
A1033,2021,6.39615849277284,-6.39615849277284,837.477391558218,894.704082731002,-77622055,,89.56,-7.5461959326933,10.44,0,2.73447269695707,0.0058241355435181,0.00299352421292714,0.00998859609823647,0.110546572720238,0.000631287419052662,0.270887090522166,0.199883058013451,0.308009081365712,0.383628655357797
A1037,2021,10.3197822714841,-10.3197822714841,890.24058334943,992.683342991436,-12728308,,100.0,0.94891984655764,0.0,0,69.2955398082535,0.0605777223607648,0.0304447215295096,0.0870739817123857,1.39806733167082,0.00457190357439734,0.1680106840286,0.0869815404018689,0.0943142691351453,0.295350584267301
A1041,2021,9.76535983521596,-9.76535983521596,890.013074688087,986.331937560531,-20288220,,94.43,-2.52890173410403,5.56999999999999,0,46.0275114631096,0.033528127029101,0.0180036597603447,0.0643409479959861,0.778348385573461,0.00324656159612774,0.120988978555828,0.0395336834649046,0.110760098534224,0.187567466007932
A1051,2021,9.27768831436101,-9.27768831436101,763.140420349465,841.182732417374,-10701474,,100.0,0.623867981485213,0.0,0,53.9224676948729,0.0399529964747356,0.0190725842899756,0.099068968634186,1.0767422941336,0.0026213504474374,0.0691870976974327,-0.0313670191931061,0.0427946601461675,0.19921727180386
A1052,2021,3.69048796850963,-3.69048796850963,761.021992253692,790.183623819898,-2409334,,94.79,-4.01012658227847,5.20999999999999,0,87.3947478115882,0.0956087531208694,0.0415626376854164,0.143045968571009,1.68541636069907,0.00983991775591129,0.117599771200656,0.140074742884827,0.0970024242213207,0.0967388570282812
A1059,2021,7.06409021109663,-7.06409021109663,819.478455675342,881.767292682369,-10885348,,81.91,-15.4433777227212,18.09,0,30.3793247186328,0.0201668119009088,0.0104983609278393,0.0371799659736919,0.545043362795137,0.0026972073530022,-0.312203087323339,-0.341001593999465,-0.345956946902968,-0.279025506691246
A1061,2021,3.02033067622919,-3.02033067622919,778.78230302674,803.036665784806,-9901310,,86.41,-12.4962025316456,13.59,0,13.8307628178408,0.0139317239178985,0.00667340210571094,0.0248059130064873,0.269116239498033,0.00109007763479741,-0.0868144201098448,-0.162278722383097,-0.00962079711341753,-0.0344709901971497
A1063,2021,6.91531858112713,-6.91531858112713,709.603006812309,762.319853273342,-11669612,,90.95,-6.11128316300196,9.05,0,47.511463109629,0.0435740688086437,0.0204009098663634,0.0610605629798123,0.673087858970714,0.00298549900483367,0.225321413586968,0.344055658231447,0.428820682903654,0.442233297424582
A1066,2021,4.89382081799482,-4.89382081799482,861.899892979982,906.250151560141,-14338616,,98.68,-0.0708860759493602,1.31999999999999,0,23.8932888703627,0.0265997924593566,0.00857834659287444,0.0342096160498098,0.295918367346939,0.00193704600484262,-0.0728957200000179,-0.117870939293042,0.052770718745705,0.063062832311389
A1070,2021,29.8099790795508,-29.8099790795508,1073.7243887117,1529.73937695306,-56620645,,84.47,-12.8006606792609,15.53,0,81.7924135056274,0.0850086589865221,0.0424666817257737,0.0901287553648069,1.4803102176041,0.0209321587229877,0.0571930222758945,0.165524551237613,0.302335670567943,-0.115216098899757
A1080,2021,0.0,-2.36764982519503,813.038133044629,832.754851838486,-1966861,,84.83,-12.4290285950243,15.17,0,81.062942892872,0.124911082657562,0.0348555982358799,0.129036847346707,1.13245127329634,0.00682885189927443,0.263243102350741,0.192405712489176,0.264142263315765,0.39490677762441
A1083,2021,0.950199197705618,-0.950199197705618,966.841775232105,976.116829514825,-991021,,94.59,-2.35366986683184,5.41,0,75.8899541475615,0.0867569428505853,0.0324764746385127,0.108675694285059,1.22641725958228,0.00573789304567363,-0.167582091442229,-0.222659865103985,0.0200858738272427,0.15333537772844
A1095,2021,4.6167280090232,-4.61672840219093,797.036552992969,835.61461002694,-11742389,,87.64,-9.52823371528853,12.36,0,25.2605252188412,0.0230839249954488,0.0118332423083925,0.0361915164755143,0.384999089750592,0.00152921900600765,-0.0631619879847077,-0.0959331591795911,0.0396573950307417,0.0479427116454565
A1131,2021,0.0,-0.0823771578870764,875.531286043829,876.253118458712,-135179,,97.93,0.441025641025648,2.06999999999999,0,46.1609003751563,0.035913645840339,0.0170825206806107,0.0707512273858363,0.889703409778734,0.00255565270024884,0.118699315337984,0.049566211581142,0.0952679193032206,0.110808505617064
A1161,2021,2.73856176509251,-2.73856176509251,1097.98707836753,1128.90277821684,-11735476,,94.81,-3.68752539618041,5.19,0,29.1704877032097,0.0184479647082414,0.0102265891317425,0.0438807566339148,0.514938840986565,0.00233941581445091,0.24960271438073,0.135079628085654,0.150763712958531,0.260744754405657
A1175,2021,5.96216306564428,-5.96216306564428,899.121240521757,956.127097169833,-29560729,,94.61,-2.6545940940426,5.39,0,16.3234681117132,0.0162722315795484,0.00762225584515687,0.0299751634360102,0.312683776299637,0.000913528790430786,0.403536812868311,0.261994413167677,0.333070641795208,0.480361985783208
A1196,2021,5.79601630661027,-5.79601630661027,869.073132307372,922.543928859724,-8213756,,91.99,-5.65128205128206,8.01000000000001,0,52.7636515214673,0.0455404849979449,0.0215371968762844,0.0794903411426223,0.88072338676531,0.00271270036991369,0.11040713992132,0.0173345284624239,0.116472576151984,0.168261603865336
A1199,2021,4.88470652720647,-4.88470716096549,852.365830664031,896.139627206434,-7707515,,88.16,-9.00082576383154,11.84,0,50.0291788245102,0.0346062907501612,0.0182704019488429,0.0682811492441069,0.807551766138855,0.00429891810561009,0.191967380697454,0.0897626333145182,0.17029205575856,0.28777545354599
A1204,2021,3.41534798186673,-3.41534798186673,811.945161787226,840.656506827593,-12674451,,86.01,-12.9012658227848,13.99,0,18.1575656523551,0.0175355185143752,0.00805459223626804,0.0286105828392438,0.25053137934892,0.00148226871014655,0.0627333106891611,0.0360289671174558,0.140489772566358,0.164267158083253
A1215,2021,5.38714388543932,-5.38714388543932,826.047082790734,873.081224596504,-38140550,,94.15,-5.4054054054054,5.84999999999999,0,8.79533138807837,0.0112079906380313,0.00519193683967629,0.0165977155477905,0.160059995714592,0.00117024608132386,0.206036903432494,0.161756039331009,0.223276891021178,0.242089951115718
A1216,2021,8.23593257095427,-8.23593257095427,756.271725678003,824.147999174917,-15136952,,100.0,2.5010250102501,0.0,0,41.6923718215923,0.0351531932823692,0.0148076807319569,0.056281225546259,0.681273701318245,0.00294949738156865,0.166583828499196,0.0306589465269178,0.178515355608141,0.266259437713894
A1225,2021,11.7753046134101,-11.7753046134101,756.850220994475,857.866629834254,-16455573,,100.0,1.90563538163661,0.0,0,54.9478949562318,0.0434452953218591,0.0197892182879672,0.0737735992114641,0.922283721282887,0.00417014178482068,0.0401585255630294,0.0214396891983094,0.0725607398625199,0.117719430017439
A1241,2021,0.0,-1.02539419077355,769.931808352363,777.908436267386,-1844324,,91.28,-5.78034682080924,8.72,0,44.8353480616924,0.040136427309824,0.0179669894634265,0.0646202570193069,0.63469151592667,0.00286253730434253,0.204592961691104,0.153959843271007,0.319227198368402,0.337382505099898
A1242,2021,5.91215761206958,-5.91215790267857,844.156258147951,897.200147575691,-20344029,,92.19,-5.60106491910711,7.81,0,20.408503543143,0.0186076355470003,0.00872633942893808,0.0323387872954764,0.358710298363811,0.00128328521013795,0.154793475179956,0.0604659106018631,0.0921920402025126,0.249794414450692
A1247,2021,4.35675827794654,-4.35675854698033,869.064365826708,908.652145853501,-16194094,,86.72,-10.4779601527821,13.28,0,23.5931638182576,0.0188876233864844,0.00952290559352063,0.0327132371551506,0.384522905593521,0.00186661604657049,0.31132422326246,0.283108018883497,0.229182420177937,0.376742643681393
A1251,2021,4.38537695203695,-4.38537695203695,772.289382592778,807.710534198702,-4256914,,96.42,-1.58211697458405,3.58,0,62.7261358899542,0.0454824830977259,0.0217168612989142,0.103257529194837,1.04876049989756,0.00481458717475927,0.0568609471548135,-0.0158625976985282,0.0288310712581138,0.0920001635546926
A1252,2021,12.8126474586064,-12.8126474586064,669.43816855435,767.815685464842,-10006174,,100.0,0.31096398836393,0.0,0,45.3105460608587,0.0347229551451187,0.0121372031662269,0.083377308707124,0.992823218997361,0.00232189973614776,-0.154276529281533,-0.300170516755515,0.0110740843712166,-0.0371851926408949
A1262,2021,5.50195856689646,-5.50195856689646,673.805147891711,713.036098603914,-22165801,,87.23,-12.77,12.77,0,9.80408503543143,0.0119090276753156,0.00529055919735261,0.0210990030141433,0.200514301372173,0.000990662479185549,0.0639936604640638,-0.00756697510697051,0.0961355353311726,0.126332718727803
A1290,2021,2.23554742659427,-2.23554742659427,837.673453734906,856.82825575681,-10913640,,100.0,3.2204789430223,0.0,0,9.06210921217174,0.0148718269611831,0.00442191769392821,0.0209415347391694,0.183759881525979,0.000771749786204451,0.027822917200833,-0.0871623821403859,0.0588494144239651,0.14815712403668
A1297,2021,0.0,-1.44903057427232,853.706098125619,866.258447887729,-6289631,,88.37,-8.7746464333643,11.63,0,8.00333472280117,0.0115916510766296,0.00519056527640219,0.0209640145262463,0.173709695168923,0.000751990022376288,-0.230491284013122,-0.200231573131182,-0.0990657022141929,-0.160715828803509
A1392,2021,19.5332389874143,-19.5332389874143,729.920914499009,907.108606477701,-18228361,,99.4,2.61174770310726,0.599999999999994,0,68.5869112130054,0.0423511293634497,0.0263090349075975,0.101642710472279,1.71496406570842,0.00513347022587269,0.265073979208551,0.187091348751756,0.249671647710861,0.285225600116298
A1401,2021,10.3277278812729,-10.327726933604,677.958716648038,756.040516722552,-10898033,,99.8,1.6396781749669,0.200000000000003,0,51.9966652771988,0.0448395490026019,0.020294882914137,0.0712922810060711,0.955247181266262,0.0028620988725065,0.0910644235340226,0.0130891981730809,0.0709928634382005,0.0522849243421488
A1403,2021,4.99763437649553,-4.99763437649553,791.226278046115,832.849027340807,-11271607,,99.98,0.60374320788892,0.019999999999996,0,29.5122967903293,0.0229665071770335,0.0106927397545247,0.041897233201581,0.38710214270855,0.00266278344081548,0.0162454264002251,-0.0462329721724988,0.0394733525111672,0.0493838642176237
A1459,2021,7.4562250871041,-7.4562250871041,745.20424214814,805.245131668275,-13442915,,99.57,2.44881160613231,0.430000000000007,0,27.8365985827428,0.0266423357664234,0.0105839416058394,0.0418795620437956,0.362910583941606,0.0020985401459854,-0.133984841933925,-0.203729102896162,-0.0549636182578532,-0.054008633640268
A1484,2021,0.0,1.18134476104395,1001.48864051142,989.795740387323,4484882,,85.58,-11.654795086198,14.42,0,25.1438099208003,0.0192238999837636,0.00954700438382854,0.0350381555447313,0.402532878714077,0.0021107322617308,0.204810814080463,0.105619206957651,0.129898867334508,0.212039573242691
A1488,2021,2.25571500274949,-2.25571500274949,784.412268001434,802.514712776813,-2625651,,87.98,-9.76410256410256,12.02,0,69.2455189662359,0.0590750097162845,0.0245821997668092,0.107073455110766,1.21667314418966,0.00544111931597357,0.314990133408344,0.13406507092146,0.40955892780796,0.379740780302584
A1490,2021,3.9043767103941,-3.90437691760816,874.697250388544,910.236306640713,-18842239,,90.16,-6.9268091256323,9.84,0,15.3563984993747,0.0147376599412436,0.00694393862140967,0.0273144438779226,0.248160827445553,0.00128681380047102,0.142349634252675,0.0727171194794474,0.135132174987,0.228927453578797
A1494,2021,1.13222975142088,-1.13222975142088,705.152170601676,713.227545062198,-636178,,100.0,3.23113451016826,0.0,0,82.0591913297207,0.0839619547392588,0.030009839291571,0.133650377172844,1.47097408986553,0.0106592325352575,0.150752051906542,0.0649437564819657,0.113320832368827,0.21694136773886
A1501,2021,4.28894973346842,-4.28894973346842,871.609788106979,910.667875527184,-24523167,,91.38,-6.27692307692308,8.62,0,8.74531054606086,0.0104381266309573,0.00527792493181863,0.0169717660446956,0.203641571997567,0.000981026938999745,0.052299925982557,-0.0542753825937867,0.10781184550392,0.147282613682897
A1515,2021,0.0,-1.82881517133027,770.129590086144,784.476210030661,-1572160,,98.35,-1.0364258402093,1.65000000000001,0,67.5864943726553,0.0532845906724272,0.0224880912817104,0.114988368228647,1.5242051622909,0.00376647834274953,0.216487205051512,0.110060808565295,0.0884455381639461,0.151396687131588
A1522,2021,5.50136960969905,-5.50136960969905,939.631012001444,994.332942308849,-14548963,,91.36,-6.8990115153368,8.64,0,38.6744476865361,0.033172272811745,0.0132874930310351,0.0468779037353652,0.597658427801524,0.00320572384315183,0.0876187198217704,-0.0183200148671251,0.133245050371544,0.17004713782729
A1535,2021,8.94723624867086,-8.94723624867086,824.652288272138,905.686169531675,-30377009,,100.0,1.90563538163661,0.0,0,13.0387661525636,0.0165681319729189,0.00641270143987794,0.0251740249833127,0.259940879183751,0.000762849241918566,-0.208605696174293,-0.241187953483534,-0.156333181836758,-0.113403194527954
A1539,2021,0.0,-0.7844337311882,792.412407204576,798.677502941057,-1235527,,83.97,-13.3168163518117,16.03,0,38.9495623176323,0.0323982844557784,0.0169815694911325,0.0707661991422279,0.611742204706155,0.00162281210154167,0.0219451185148979,-0.0475252115451489,0.0198185628059397,0.0718633333671642
A1540,2021,9.91654721258853,-9.91654562438505,1233.48008002784,1369.26374391093,-6243876,,77.23,-20.274594817797,22.77,0,82.2509378907878,0.0807620383356709,0.0363487611033193,0.13768115942029,1.59431977559607,0.00666199158485273,-0.60118539832179,-0.644672314928777,-0.523370777025733,-0.432083742843325
A1552,2021,4.99712069137828,-4.99712069137828,807.628233204695,850.109216775497,-38175281,,93.05,-3.94342933828844,6.95,0,6.44435181325552,0.00889582069722439,0.00415908500129971,0.0156832163590677,0.141755480460965,0.000924241111399936,0.142678086711909,0.116349098538823,0.188495596202452,0.234983200296005
A1557,2021,11.6608663252208,-11.6608663252208,1000.37025598219,1132.42026989427,-9491755,,76.73,-20.7907504903479,23.27,0,90.4376823676532,0.108595120395471,0.049433902088981,0.17429437091373,2.17668633391804,0.00669749641205549,-0.044809440280657,-0.116092317871653,-0.0334802712995527,0.0696959854234036
A1596,2021,4.42478607818509,-4.42478607818509,760.145246604718,795.337217059805,-2954014,,82.28,-15.0614225250336,17.72,0,81.1754897874114,0.132469964112966,0.0430644406303635,0.118271181151506,1.38992042440318,0.00452488687782805,0.0470366090058735,0.0176883858425441,0.144361272210483,0.133297139938058
A1617,2021,5.89300133569634,-5.89300133569634,751.553524733057,798.615974794799,-5183270,,98.09,-1.91,1.91,0,70.5293872446853,0.0659162246996428,0.0264097846087239,0.0992531659270484,1.13204892304362,0.00638597250784717,0.0861384385876514,0.00160745098705728,0.0820605098619391,0.120474239702891
A1622,2021,7.70770211782101,-7.70770285414706,793.281277689172,859.531404268246,-10467785,,85.82,-11.4070403633736,14.18,0,63.3430596081701,0.082047915982934,0.030631221966962,0.0813915326550706,1.12449403785144,0.00240673886883273,0.388592428981096,0.371841155234657,0.607100075587745,0.745410929103118
A1628,2021,1.59509568830031,-1.59509449534595,869.030847029077,883.117404129793,-1337096,,88.98,-9.32436563741974,11.02,0,89.337223843268,0.0969604863221885,0.0503039513677812,0.162310030395137,1.71914893617021,0.0088145896656535,0.343182919104222,0.259190681389712,0.312973649233019,0.428111613376565
A1638,2021,7.38056000453699,-7.38056000453699,869.792553750131,939.103663110831,-55435857,,91.9,-6.04232696043349,8.09999999999999,0,5.89412255106294,0.0072760149825634,0.00353037413355147,0.0188430131599719,0.194170577345331,0.000660151260745397,0.0849075494470535,0.00556823237324387,0.0278503018539947,0.0987801138453939
A1652,2021,0.0,-1.91388625341899,824.063608615526,840.142989806496,-2233619,,97.34,-0.164102564102561,2.66,0,56.0316798666111,0.0569625957638576,0.021180712032447,0.0779630464173051,0.672915727805318,0.00405588102748986,0.05335304882175,0.00486853478527476,0.146214312106292,0.0992694583760337
A1675,2021,14.092014364536,-14.092014364536,861.274798590131,1002.55499208747,-15712618,,79.54,-17.8899556106122,20.46,0,74.5727386411005,0.103865307090349,0.0404315864358549,0.0672278871235475,1.20974626511738,0.00628408821437041,0.210847378758932,0.204887276808691,0.371825325475088,0.287330698059997
A1694,2021,5.46691317714575,-5.46691317714575,767.20775999861,811.575910386045,-20429936,,98.98,2.17817693816455,1.02,0,11.6465193830763,0.0158218804395833,0.00496219895560001,0.0245511937855603,0.237613987685433,0.000909303473539269,0.0919374032872115,-0.0334543232269868,0.097727418187507,0.0865956262278181
A1702,2021,9.11029362234469,-9.11029362234469,881.830588712054,970.220527556735,-9597026,,97.65,-1.74079291607968,2.34999999999999,0,79.3413922467695,0.069944362438969,0.0339502668332009,0.130805041444306,1.61962075621665,0.00601794027478142,0.130101055978199,0.0740629870867181,0.0759418944381946,0.208911149119589
A1722,2021,4.05246931281788,-4.05246931281788,950.017802574312,990.143045652375,-5199750,,95.38,-3.71492025035333,4.62,0,76.3234681117132,0.060248853962017,0.0335079676926435,0.128465400567562,1.46627373935822,0.00556647020301244,0.14145153322074,0.10997712611306,0.222441913944986,0.237553845431845
A1736,2021,0.0,-2.43707675453107,770.930699848886,790.188192607984,-2446780,,99.17,1.71282051282051,0.829999999999998,0,60.8920383493122,0.0447547097637946,0.0215166873864397,0.103566988620063,1.32992253992541,0.00306015109496031,0.0301366673457762,-0.103076039182584,0.122009550018345,0.201059447436175
A1737,2021,0.0,-3.52005806985311,925.963843378194,959.747513165594,-1385671,,61.73,-36.2754206668731,38.27,0,96.1817423926636,0.175752159666369,0.0685135537682455,0.239201668156092,3.03961870717903,0.00834078045874292,-0.203287955252456,-0.268189603812928,0.148636455626083,0.054956518396802
A1749,2021,0.0,-1.74247873311162,1012.84497847413,1030.80656362481,-5089954,,85.13,-12.1193351914938,14.87,0,35.3897457273864,0.0283726115874053,0.0111106839414094,0.0409057706355004,0.466302718080812,0.00384452731536658,0.0136448148813567,-0.10144246138225,-0.00929026653365953,0.0841636066861292
A1761,2021,7.2927464498525,-7.29274762575333,854.571475026015,921.795709764135,-6201839,,97.44,-1.95210303884081,2.56,0,89.0954564401834,0.0961390555299185,0.0383017997231195,0.18120289186279,2.12613444085525,0.00784494693124135,0.405165511243371,0.192162899883979,0.234291443124306,0.401496813522265
A1769,2021,0.0,-3.86135296062839,1013.23233052547,1053.92821901324,-2029097,,100.0,0.0,0.0,0,95.022926219258,0.152834250179383,0.0784501315474767,0.174838555369529,3.44295623056685,0.0078928486008132,-0.0215311101766779,-0.0869459479558386,-0.105515967110282,0.0160198567278215
A2000,2021,7.36234020205196,-7.36234020205196,814.884508284013,879.647121981878,-14838151,,90.35,-6.74029727497936,9.65000000000001,0,40.808670279283,0.0338420703384207,0.0129949126299491,0.0547998230479982,0.583996903339969,0.00359433753594338,0.196567868465679,0.0603071232633277,0.146319818594636,0.262114621779771
A2019,2021,2.62097840944032,-2.62097840944032,765.777102652044,786.388166716066,-5841258,,100.0,2.23903486351089,0.0,0,23.6932055022926,0.0191977077363897,0.00937372083503889,0.0410151453131396,0.364469914040115,0.0015963978714695,0.0188590193490228,-0.0698354413398597,0.0592771301852557,0.0679765014999089
A2021,2021,2.89121783101795,-2.89121783101795,937.866788321168,965.78987746871,-5095517,,98.66,1.847837307732,1.34,0,47.3280533555648,0.0424057649667406,0.0171147450110865,0.056679600886918,0.821092017738359,0.00339523281596452,0.0985766062167358,-0.0604190347162743,0.132856678801236,0.187226846676806
A2024,2021,0.0,-0.630875085100148,835.312535965456,840.615771428822,-4829105,,90.75,-6.3177454320223,9.25,0,4.38516048353481,0.00692191804991924,0.00359668290829137,0.0130973547415139,0.140922108063356,0.000705764193325099,0.0988617309247323,0.0537725449029892,0.122097830658094,0.141063800057746
A2029,2021,2.98928888564465,-2.98928888564465,775.380068933519,799.27263703851,-14418687,,90.0,-8.42490842490843,10.0,0,11.57148812005,0.0118337479170189,0.00553046586325984,0.0282319414591736,0.266911391793658,0.00082111720240539,0.4035829781766,0.324414896492081,0.251092729359965,0.369126649934271
A2032,2021,0.0,-1.65469056752619,778.688303435917,791.789977508366,-2865965,,93.21,-3.77825952307217,6.79000000000001,0,40.7336390162568,0.0345157052430431,0.0136749074405828,0.0619252358772244,0.532664516899558,0.00322465066284486,0.154471175918226,0.0607654797207844,0.168324085977866,0.212497448771132
A2033,2021,8.15753998870218,-8.15753998870218,916.569302325581,997.979912790698,-8401575,,94.34,-2.61174770310726,5.66,0,85.7440600250104,0.0833219131149788,0.0417979991777443,0.148965328217076,1.8350006852131,0.00726325887350966,0.281875586384289,0.270186547450886,0.260866562226963,0.340064668061558
A2035,2021,0.0,-2.83277644231543,727.010693748053,748.20568822413,-2992818,,100.0,1.58472165786266,0.0,0,56.9153814089204,0.0467612111920276,0.0206017631276351,0.0757953238788808,0.877060176312764,0.00469528555001916,0.316361655733466,0.127539287083174,0.218461286265914,0.243910147953682
A2057,2021,9.42692567138655,-9.42692567138655,660.880834149133,729.665895795204,-58178130,,96.73,-0.144523588314236,3.27,0,3.35139641517299,0.00688741721854305,0.0028827425009739,0.0127463965718738,0.157569146864044,0.000529801324503311,0.172574463320216,0.0637923544300698,0.200383287766795,0.246053078467933
A2067,2021,8.36916182366716,-8.36916277136249,731.156049606776,797.936668179068,-8831069,,93.94,-3.49291144442162,6.06,0,59.4080867027928,0.0528780264961169,0.0240977615349475,0.100845134764733,1.21927820922796,0.00216994061215167,0.261289722916036,0.164725140855794,0.271186931475127,0.396122343099692
A2070,2021,3.71053619216229,-3.71053619216229,862.35371831035,895.584713226076,-7634090,,94.84,-4.17298171162978,5.16,0,33.4305960817007,0.0321652596330708,0.0118851105975569,0.0451822855256332,0.499080318822808,0.00235815686459463,-0.0754178221989381,-0.16349795117783,-0.0459916501703607,-0.0204193951271559
A2083,2021,5.29380323984658,-5.29380323984658,912.067331555358,963.049264733119,-5505437,,81.62,-15.7427480128007,18.38,0,93.1137974155898,0.101843722563652,0.0507462686567164,0.216856892010536,2.20614574187884,0.0101843722563652,0.844047604326574,0.783850279850746,0.568671423132719,0.780561287593804
A2097,2021,9.14521022521168,-9.14521022521168,726.913834906014,800.083118025912,-15632471,,95.0,-5.0,5.0,0,39.2580241767403,0.0428941205472698,0.0148527055343276,0.0532478737828177,0.50825835079502,0.00246517934179712,0.118136050107748,0.0749494688340203,0.189097460913869,0.182076240435519
A2098,2021,3.83281318366712,-3.83281318366712,783.441377524599,814.666003509983,-21706111,,89.91,-7.18488696190772,10.09,0,3.10962901208837,0.00666359435525054,0.00305155255520819,0.0117453635084136,0.13626116307746,0.000548033928282287,-0.197459415801115,-0.306759060693292,-0.208502037794321,-0.174261033929129
A2100,2021,10.5857230761402,-10.5857230761402,898.932213825917,1005.35646515533,-15210154,,86.16,-11.056054506039,13.84,0,68.9203834931221,0.0908741963343249,0.0291718645043662,0.0783034257748776,1.27943575472603,0.00383840322425871,0.194604501481026,0.117160470247592,0.182529864875606,0.297070655047
A2107,2021,7.89719911292598,-7.89719911292598,935.701220624251,1015.93134151425,-12317570,,100.0,0.31096398836393,0.0,0,84.1100458524385,0.0628971599014395,0.0355336532226689,0.161198288159772,2.00804046167812,0.00868888600700298,1.03208652469449,0.942810082610368,0.846138952767311,1.0562022918406
A2120,2021,0.0,-1.65059700297366,844.318570381101,858.488760126616,-3169418,,94.15,-3.43589743589743,5.84999999999999,0,46.9695706544394,0.0403511255840295,0.0192552739629053,0.0618717258955118,0.80121761291236,0.00283165793572136,0.245206340663452,0.200331275567196,0.342251940236696,0.423737159217833
A2129,2021,0.0,2.56384751220606,1112.79498551774,1084.97780895486,1843945,,78.26,-19.9877313158164,21.74,0,97.2655273030429,0.165631884638494,0.0773082315241338,0.174043661125576,3.31484077708792,0.0244342078910475,0.183635874182458,0.157318891434458,0.211217122148015,0.251845291741772
A2141,2021,2.91330175150212,-2.91330099216042,691.953522102438,712.717116941594,-3836614,,95.01,-3.78734177215189,4.98999999999999,0,32.3134639433097,0.0307527744350849,0.0134376253509828,0.0522797165396443,0.644404332129964,0.00120336943441637,0.0786588172014519,-0.0285795532655756,0.073170874555179,0.0982306620428969
A2142,2021,0.0,-1.26338692934052,1021.79746690261,1034.87190326386,-797959,,94.22,-2.73562506451947,5.78,0,97.1404751979992,0.168372093023256,0.0718604651162791,0.186511627906977,3.14860465116279,0.0151162790697674,0.1976789721906,0.0472272939294995,0.216854350745741,0.266486167603316
A2147,2021,7.87677293560052,-7.87677293560052,845.980051935788,918.313522977652,-11030565,,85.35,-11.8922266955714,14.65,0,55.3563984993747,0.0752509748610305,0.0264664398904837,0.0701070272961088,0.849415083381731,0.00207417240521032,0.014092670767736,-0.0472081639425868,0.131840922681664,0.0785957661972775
A2148,2021,2.52857268858309,-2.52857268858309,789.315806570822,809.79198555182,-6870659,,94.29,-4.51645569620253,5.70999999999999,0,25.5689870779491,0.0228343313373253,0.00966067864271457,0.0358483033932136,0.522874251497006,0.00147704590818363,0.0821924963632058,0.0271174760744671,0.179937843625154,0.201906785948487
A2164,2021,5.3074332614566,-5.3074332614566,708.530993110793,748.243518487703,-14318907,,90.2,-8.13728485589163,9.8,0,18.065860775323,0.0169587940413126,0.00860383261634728,0.0347353077114516,0.349699576918975,0.000817719628826395,0.124858464810862,0.0816709565832083,0.174932705768135,0.168747806053737
A2171,2021,6.49600854624214,-6.49600854624214,699.087383211947,747.655123960862,-13203626,,96.85,-0.0206462269020442,3.15000000000001,0,25.4105877448937,0.0224642614023145,0.00862264579078738,0.0387565237122759,0.512275924665305,0.00149761742682097,0.14882131392649,0.0281370546857272,0.0948689691785369,0.181734918844698
A2187,2021,7.385480216686,-7.385480216686,756.219854070661,816.524078341014,-6281288,,95.87,-2.91645569620253,4.13,0,85.585660691955,0.100235501913453,0.0485722696496909,0.119517221077421,1.49720341477775,0.00853694436267295,0.529075846412605,0.469014984527237,0.4441299744717,0.484133732406318
A2189,2021,0.0,-2.89992984675437,685.244640792475,705.709727821006,-2619613,,68.78,-28.9976256839063,31.22,0,54.3393080450188,0.0452251737598781,0.0191373893173379,0.0896886603827478,1.01028277634961,0.00285632676378178,0.096402110219591,-0.00420228366808085,0.126914814945241,0.178212980668437
A2193,2021,3.31154579066832,-3.31154579066832,800.373997995992,827.786527916945,-7879019,,92.06,-5.27832081489865,7.94,0,29.3122134222593,0.0300228913541116,0.0106973058637084,0.043625638316605,0.410503609790456,0.00198098256735341,0.0978752575781405,0.0331527018046112,0.137743862728651,0.220702440373042
A2198,2021,4.36078693850456,-4.36078693850456,929.008807515747,971.368100779332,-4761354,,85.02,-12.2328894394549,14.98,0,87.8282617757399,0.0991436981535991,0.0505753278030506,0.13005084292213,1.64329676210864,0.00976719293550977,0.291625897920394,0.249971228314445,0.394145527639857,0.349043461408186
A2202,2021,5.79906259098798,-5.79906259098798,829.366995286894,880.423293120595,-4723116,,95.41,-1.83146414240148,4.59,0,83.5681533972489,0.100735970561178,0.0418583256669733,0.13048144740877,1.43161606869059,0.00643974241030359,0.148777510438044,0.101316834698626,0.267669225078765,0.181999386691199
A2205,2021,6.20713676169351,-6.20713676169351,880.626534118802,938.905694648994,-9497172,,90.72,-8.13164556962026,9.28,0,53.7974155898291,0.0461082604610826,0.0195851701958517,0.100166221001662,0.819397268193973,0.0027462600274626,0.0332511172632043,-0.0601886527926992,0.0495580930083143,0.144034719262046
A2207,2021,5.91380084918787,-5.91380084918787,693.276237449595,736.852209683094,-6440703,,88.14,-9.01207804273769,11.86,0,48.9453939141309,0.0431465835452383,0.0196046263637109,0.0742350914609138,0.668772044951193,0.00303502583873349,0.165430854225219,0.0590797496571383,0.134922193119847,0.163299772931393
A2217,2021,3.33668899658611,-3.33668899658611,759.205917602996,785.412696629213,-2798884,,100.0,2.56410256410256,0.0,0,61.1921634014173,0.0635390571623776,0.0264176725119563,0.0846048736051013,0.932817125939422,0.00341607834206331,0.0791939098190088,0.000499086623024857,0.0653243193713399,0.118846025386927
A2246,2021,5.38570344673145,-5.38570184796035,890.344075344527,941.024869109948,-3368651,,85.24,-12.0057809435326,14.76,0,92.5719049604002,0.113239532124089,0.0549245634853365,0.169350737413121,2.03915917952195,0.0101712154602475,-0.0438509627510244,-0.0639164395529881,0.0326296119374747,0.152375595247269
A2247,2021,4.84671612109418,-4.84671612109418,893.19200760556,938.687527318822,-4163386,,98.37,1.54846701765252,1.63,0,73.6890370987912,0.0820605387392391,0.0377672868647598,0.100388780894196,1.2493751735629,0.00416550958067204,0.0902328718213195,0.0213238639385041,0.0606406627619581,0.15295910105292
A2251,2021,8.4433653783593,-8.4433653783593,763.499013627556,833.908997182704,-44185926,,91.34,-7.50379746835443,8.66,0,8.1117132138391,0.0125410770572061,0.00507455346165024,0.0194487291261485,0.231819909239264,0.000558871526613462,0.201187116819871,0.129271692895578,0.205454307803177,0.241869033432309
A2266,2021,6.24013190154725,-6.24013190154725,736.263450258323,785.265023501534,-5045790,,100.0,2.56410256410256,0.0,0,74.822842851188,0.0846163474777819,0.0257854550006259,0.112029039929904,1.20015020653398,0.0068844661409438,0.204134125550327,0.0486492386747417,0.152342947551541,0.154047048785718
A2272,2021,2.93985816464197,-2.93985816464197,840.458744753844,865.915430228306,-5847197,,94.55,-2.55591054313099,5.45,0,33.4722801167153,0.0284145947691314,0.0142072973845657,0.0448360164214217,0.431246828728262,0.00253701739010102,-0.108387281186976,-0.0965386071828165,-0.00199546019977392,0.00492528140799981
A2284,2021,8.20943444551691,-8.20943444551691,798.047270643424,869.421890825737,-5355666,,100.0,1.26582278481013,0.0,0,86.4026677782409,0.0806561859193438,0.0446001367053999,0.175153793574846,1.77392344497608,0.00683526999316473,0.0963981098992541,0.0484385519506215,0.154250083395984,0.247422176792157
A2286,2021,7.46556563076893,-7.46556654412986,1019.89220423613,1102.17587782878,-8173731,,87.12,-10.0650356147414,12.88,0,79.1413088786995,0.0813138147373601,0.0398573010210358,0.141591831713618,1.52835527125108,0.0040595399188092,-0.00426662959191314,0.0997957928404477,0.134276935217537,0.187535139741975
A2299,2021,0.0,-2.38865228930675,782.889924387735,802.048063825647,-5513406,,94.01,-2.95241044699081,5.98999999999999,0,26.6277615673197,0.027426528298596,0.00994157146594576,0.0477457050667132,0.443664428359641,0.0012644981250545,0.132087782542046,0.018883619215005,0.140036464258106,0.244605977075995
A2308,2021,1.13917460582624,-1.13917460582624,701.060761375488,709.139093852644,-2075776,,83.59,-13.7090946629503,16.41,0,28.6452688620258,0.0280031664357807,0.0104393429645755,0.0429942608351474,0.470759944587374,0.00173164456758361,0.0804176628637345,-0.028097169998021,0.108709051193295,0.092095026409267
A2309,2021,8.81317806878079,-8.81317806878079,659.32631597368,723.05,-18207131,,96.14,-0.753587281924232,3.86,0,18.4493538974573,0.0189737667051642,0.00820821646592971,0.0369163504372216,0.384590001649893,0.000618709783864049,0.0604821249999031,-0.0324869601297698,0.0372777457276786,0.0732335823079923
A2311,2021,4.0328139343125,-4.0328139343125,909.047466935665,947.248225360532,-6134889,,88.85,-8.27913698771551,11.15,0,61.1504793664027,0.0412455167916531,0.0235572220410825,0.0758884903814803,1.04157156830779,0.006521030322791,0.179463143638233,0.102329729286038,0.219114246865768,0.292131891571693
A2337,2021,6.63717743652022,-6.63717743652022,889.23699773393,952.452992870171,-4575068,,75.56,-21.9985547641169,24.44,0,92.8386827844935,0.122153209109731,0.0619392684610076,0.20048309178744,1.73171152518979,0.00948930296756384,0.281227833288325,0.182138380026382,0.200040469771297,0.240116437507742
A2342,2021,5.64884672642634,-5.64884672642634,814.283133828695,863.034637708836,-67395249,,95.84,-1.06328068545473,4.16,0,0.842017507294706,0.00476556898270405,0.00159143771532502,0.00800090939298019,0.0796768157255032,0.000279813224672531,0.111342263047513,-0.019589263738647,0.0674413914652194,0.171182673303816
A2366,2021,3.75739544541107,-3.75739420381978,1172.77186213992,1218.55788549988,-3026273,,92.27,-6.5620253164557,7.73,0,98.1575656523551,0.162773898386708,0.0732000963159162,0.219359499157236,3.45677823260294,0.0293763544425716,0.446062310183855,0.335053412278366,0.256346717596634,0.51218037716903
A2419,2021,4.6259422804256,-4.62594207935768,801.771292671548,840.65972461681,-23006863,,97.31,0.443848059455003,2.69,0,9.6957065443935,0.0124949872306296,0.00525549293991009,0.021401886911923,0.216340572827624,0.000886468688659533,0.0713310703604697,0.0200829032697134,0.140727976574834,0.158215616514507
A2424,2021,11.9897547132471,-11.9897547132471,749.968228031954,852.137413761801,-9003966,,99.99,3.22081139671724,0.0100000000000051,0,83.9766569403918,0.139473219020682,0.045607212303341,0.15874138235814,1.75835248364858,0.00353544281421248,0.371206586998516,0.303266020061231,0.360874764455174,0.510099367925107
A2452,2021,6.11106446880335,-6.11106301047168,823.750690925841,877.367150314755,-4190448,,82.14,-15.2059461133478,17.86,0,91.2213422259275,0.161722632133715,0.0463785574461677,0.131004366812227,3.25598554434573,0.00767956633037193,0.0511971088691461,-0.0677051091145355,0.127811192380139,0.25107249420533
A2490,2021,8.12406792042661,-8.12406792042661,899.875337315623,979.446212895282,-12148563,,92.84,-4.16021472075978,7.16,0,66.5443934972905,0.0539389638041164,0.0220901348474095,0.0831263307310149,1.31627040454223,0.00621007806955287,0.270861919406987,0.106507030171619,0.269570795011051,0.305699143074941
A2500,2021,0.0,-0.976335887312583,816.869054044832,824.923074059598,-5192620,,96.56,-0.320016516981524,3.44,0,7.70320967069612,0.010944141994183,0.00512715340442986,0.0194645387426355,0.178909687523305,0.000783056156312924,0.048121064031142,0.0164818116597901,0.0931742046587764,0.150463446672805
A2505,2021,0.0,-0.9460827227278,698.951865365802,705.627686999286,-1009945,,100.0,3.23113451016826,0.0,0,47.7365568987078,0.038681204569055,0.0175666320526134,0.0832467982000692,0.922897196261682,0.00216337833160263,0.0860889665970531,-0.0157220876120149,0.16221805546609,0.179204926863228
A2506,2021,0.0,1.17279920374623,819.144164253539,809.648611781424,2833169,,98.58,-0.172151898734179,1.42,0,29.1704877032097,0.0239798238723281,0.0119485674122462,0.0453962872617522,0.413486583701989,0.00206722619589035,0.0920042871090954,0.0174286991030503,0.107381561521569,0.186890942666884
A2507,2021,0.0,20.5791633611962,985.35719515442,817.186956425275,15159538,,89.25,-7.86621244967483,10.75,0,86.6777824093372,0.0958471260908817,0.0418296719831478,0.179957869395125,1.32079446283479,0.00902798675895275,0.0698419185656814,-0.0892043596017219,0.175012790717068,0.231187172036592
A2528,2021,0.0,2.19141245316238,920.023847453536,900.294677769732,1634759,,94.05,-2.91111799318675,5.95,0,81.8924551896623,0.087646831031367,0.0348522008519427,0.125467923066994,1.49477216987221,0.00722860462114367,-0.109997987835898,-0.173008773599092,-0.0522998959721238,-0.0694350066835755
A2530,2021,8.47023214734612,-8.47023261630829,610.395425204533,666.881870949986,-18061654,,92.21,-7.35456646237316,7.79000000000001,0,12.4301792413506,0.0150202555313182,0.00560922405733873,0.0277656590838267,0.29809909629168,0.000623247117482082,-0.0735422942418892,-0.174235446232884,-0.0636392172830255,-0.00156038873461919
A2542,2021,7.11548987411056,-7.1154898002719,807.202927761436,869.039332850785,-96365359,,99.48,1.70739188222063,0.519999999999996,0,0.775323051271363,0.00450270641396158,0.00193999584856855,0.00823899471490843,0.079627648533427,0.000223538616295965,0.115932196861708,0.0241443124805037,0.0911600933251063,0.179675069069788
A2543,2021,5.96140644740531,-5.96140644740531,729.616237152938,775.868938049219,-8442598,,93.61,-3.36533498503149,6.39,0,37.3822426010838,0.0354458313219778,0.0125508585614785,0.0550996483001172,0.675194814150748,0.00213778360113096,0.187591498322917,0.103532425310114,0.170281257753764,0.239823595108111
A2550,2021,5.1514028797516,-5.1514028797516,787.733425148317,830.51668560752,-26653629,,93.23,-6.77,6.77,0,10.154230929554,0.0126273904746437,0.00554224694465874,0.021296033131674,0.195237321856348,0.000974461001258679,0.0926060064693382,0.0350046488449746,0.145304045366573,0.228449840071099
A2551,2021,15.2825330164276,-15.2825330164276,794.954231152729,938.359301166168,-13231699,,97.5,-1.5748031496063,2.5,0,76.2817840766986,0.0733250791030403,0.0313660751134957,0.139771632961893,1.99119548768744,0.00343926262209382,0.11422239767446,-0.00751542572976071,0.139753004156088,0.149416134592508
A2557,2021,10.4540955391428,-10.4540955391428,753.76436843912,841.76308562343,-19481860,,100.0,1.26582278481013,0.0,0,36.5568987077949,0.0281950405340963,0.0134716261325703,0.0554959465903672,0.762279446828803,0.00196709585121602,0.201317096567074,0.145336546174148,0.170867830700573,0.17144704650536
A2559,2021,0.0,-1.91514981045728,833.199307054413,849.46788973456,-1718548,,84.72,-12.5425828429854,15.28,0,69.845769070446,0.0747756729810568,0.0296887116428492,0.121413537166279,1.21435692921236,0.00310180569402902,0.0366145657515643,-0.0598930626186986,0.0276854497074053,0.163006928917033
A2569,2021,4.32359767316057,-4.32359850028245,814.558933299532,851.368697538167,-5227281,,98.17,1.34200474863218,1.83,0,64.2517715714881,0.0618089027502126,0.0257064549664493,0.0928078631509309,1.25441829694736,0.00330781589641811,0.183570477582551,0.118419809091768,0.212908417850726,0.301289398729996
A2571,2021,8.55546093904865,-8.55546093904865,977.248442322108,1068.67884332681,-37565826,,92.04,-4.98606379684113,7.95999999999999,0,17.0404335139641,0.0143631587771754,0.00760073771866093,0.034091544179288,0.315710054211144,0.00106186776951881,0.0737558807242569,-0.0467338507354156,0.107540629726984,0.143252087320903
A2575,2021,0.0,-0.810269863800067,781.686079410565,788.071585976907,-4572508,,95.53,-1.38329720243626,4.47,0,9.90412671946644,0.0117069486404834,0.00506486582548427,0.0197929625022214,0.235627332503999,0.000999644570819264,0.375174697290482,0.355317212574543,0.449694794567595,0.459957294678689
A2580,2021,4.22050505873051,-4.2205055262471,821.973419194351,858.193524313914,-9027499,,92.77,-6.05569620253165,7.23,0,35.4981242184243,0.0329471782336061,0.0148262302051228,0.0570198745881603,0.551121266872144,0.00170049952173451,0.0463499876330262,0.0333583938268444,0.167682210847131,0.302863361051803
A2584,2021,0.0,0.913314093196324,946.563319194467,937.996465283351,896744,,96.32,-0.895153822409718,3.68000000000001,0,74.7061275531471,0.0631322832629018,0.0258675886797285,0.15430913049046,1.37751312588039,0.00525035215776668,0.20768181338222,0.0953542526857856,0.228885968199497,0.280721736696746
A2587,2021,0.0,0.0531706529304,809.108197504188,808.678218015564,109846,,80.05,-17.3634768246103,19.95,0,37.2905377240517,0.0330188679245283,0.0126117179741807,0.0617676266137041,0.416583912611718,0.00292949354518371,0.114007415602667,-0.00558939276913463,0.159301296155668,0.194342418691322
A2591,2021,3.50519819239937,-3.50519819239937,706.573524536908,732.239987337073,-15485501,,96.62,-0.258077836275421,3.38,0,9.76240100041684,0.012872491384553,0.00514392864382729,0.0210064869247922,0.248961078451247,0.000785526049057369,0.237482068513492,0.170255404318318,0.384806405838232,0.373425422112747
A2592,2021,2.69817602312021,-2.69817581608166,896.368532378162,921.224797064299,-13032239,,88.09,-10.002043318349,11.91,0,13.6473530637766,0.0129736500693419,0.00597235270433499,0.0245157249586185,0.272491388180557,0.00127499664474567,0.059522838933995,0.0313993452877642,0.033570078338824,0.0874528476060517
A2597,2021,3.56691718432849,-3.56691718432849,849.503898381607,880.925791831632,-3619048,,96.02,-0.877464643336439,3.98,0,70.7378074197582,0.0625500285877644,0.0322469982847341,0.0967409948542024,1.12544311034877,0.00571755288736421,0.184132493856732,0.105381034060279,0.219738366432645,0.289611206403659
A2598,2021,2.74699521845301,-2.74699521845301,881.83201729546,906.740125177892,-13721777,,86.63,-11.7191480688882,13.37,0,12.5969153814089,0.0143790849673203,0.00618736383442266,0.0223093681917211,0.213028322440087,0.00119825708061002,0.0266174691753321,0.00370847671616746,0.106051145281556,0.132940790868953
A2599,2021,0.0,1.16339355941838,839.340557017942,829.688020029651,1276104,,98.95,0.835626210129428,1.05,0,72.0883701542309,0.0602370338153746,0.0304447102315973,0.120256605414809,1.12841143851256,0.00543655539849951,0.21322011251185,0.133139772369956,0.306812658266883,0.270246425556043
A2600,2021,6.11498551530387,-6.11498551530387,705.132019245881,751.059179269575,-15196195,,100.0,0.25062656641604,0.0,0,23.2263443101292,0.0223102833366356,0.00844065781652467,0.0383197939369923,0.353794333267287,0.00154547255795522,0.0887813140549631,0.0343744798890429,0.1625755155737,0.221493269623917
A2602,2021,0.0,7.23925526797727,893.407859868561,833.097784608862,6827583,,84.59,-15.41,15.41,0,79.182992913714,0.0948764315852923,0.0382157926461724,0.117781796262809,1.27775768535262,0.0054249547920434,0.0823026065001788,-0.0013080669695558,0.151434330271911,0.233244690281176
A2612,2021,0.0,-1.84327678320411,936.809959180273,954.402233977563,-2534132,,88.03,-10.2924691735453,11.97,0,58.9578991246353,0.0629276054097056,0.022673031026253,0.0802704852824185,0.699443118536197,0.00429594272076372,0.0305361191515778,-0.00305104601047333,-0.0118729910664337,0.0153497421814026
A2616,2021,4.61847981429375,-4.61847981429375,781.854154859205,819.712406907489,-60919682,,100.0,2.89124395513942,0.0,0,0.800333472280117,0.00471278046166334,0.00204115407954984,0.00724255057570002,0.069974544680784,0.000299474343717738,0.0639141562074205,0.0776007773673847,0.106521998055945,0.153440691210297
A2617,2021,0.0,3.23174301094855,884.524166601404,856.833509541337,4242984,,83.5,-13.8020026840095,16.5,0,52.4301792413506,0.0461706442052722,0.0243331773514272,0.0888316955233193,0.696225237872407,0.00249571049758228,0.00778283052499248,0.00229142451733675,0.094705093263485,0.11752898535691
A2619,2021,0.0,6.74568049407991,966.455150737855,905.381038618659,30857573,,87.87,-9.29080210591514,12.13,0,18.1909128803668,0.0192904323458767,0.00700560448358687,0.0217924339471577,0.219800840672538,0.00207666132906325,0.0216407087934498,-0.0896173729106741,0.0935241162326056,0.170342651672358
A2620,2021,0.0,1.25114144638181,861.237162195914,850.595015417172,9373986,,95.02,-3.22843466748142,4.98,0,3.60150062526053,0.00695353193236343,0.00332281322967182,0.0148564390732045,0.130141379929695,0.000513175788366305,-0.0127464130923154,-0.00447159388734328,0.0764894873765376,0.0659894401666
A2628,2021,0.0,-0.328090842079902,906.374954868215,909.358476752116,-297481,,88.8,-8.33075255497059,11.2,0,85.077115464777,0.105504587155963,0.0397553516819572,0.152905198776758,1.22757390417941,0.00904689092762487,0.137013767417509,0.0101749759186002,0.11559789673266,0.10862940369641
A2631,2021,0.0,0.926268601876853,966.326815642458,957.458181134508,1981182,,88.87,-9.00061437640794,11.13,0,43.3013755731555,0.0317062540858575,0.0143277402484201,0.056657223796034,0.674602309871432,0.00397690128568316,0.0830158276372898,-0.026550319472302,0.110576282328137,0.0817752596789424
A2634,2021,7.49954034325776,-7.49954034325776,848.899939882594,917.725104321381,-3892476,,96.29,-0.60900082576382,3.70999999999999,0,90.1667361400584,0.0934139784946237,0.0396505376344086,0.197132616487455,2.50537634408602,0.00806451612903226,0.131773986234348,0.0439831501171382,0.198765351236286,0.288607519424932
A2643,2021,13.345661905849,-13.345661905849,710.661242108784,820.110403863038,-10471658,,82.73,-15.9589597724502,17.27,0,82.6594414339308,0.0810853446915917,0.0413314402902666,0.139296418993532,1.43713519482568,0.00694115791134248,0.831426213104988,0.707438204322775,0.0710673872074373,0.687857672698224
A2645,2021,3.89562126352485,-3.8956208163417,734.044303494822,763.799016995929,-8711466,,98.55,1.73428305977082,1.45,0,22.6927886619425,0.0207132715276038,0.00897853503716696,0.0416771068236866,0.434018207633843,0.001085776330076,0.0355786859231084,-0.0220611703714309,0.120784952355048,0.124820854296799
A2654,2021,5.01347538060159,-5.01347538060159,755.822086672313,795.715065585163,-14695616,,93.43,-3.55115102714979,6.56999999999999,0,16.7736556898708,0.0174041897899294,0.00691518726210884,0.0263242002498765,0.32033588052416,0.00119127175523724,-0.0692093760082707,-0.160939057026809,-0.0768239898300177,0.0152013809933533
A2660,2021,6.39109769104611,-6.39109769104611,708.662334680382,757.045876193975,-6321600,,100.0,3.23113451016826,0.0,0,58.9995831596499,0.0488116283637792,0.021606757022196,0.0878020035356512,1.06324887055588,0.00353565114908662,0.0671907823791729,0.0363628654522926,0.129429629523166,0.193493401368501
A2666,2021,9.4715003741697,-9.4715003741697,885.453129747797,978.093234072724,-14634172,,81.52,-15.8459791473108,18.48,0,68.0116715298041,0.0858641400896709,0.0297775145926741,0.0884019964470011,0.774892141104813,0.00558328398612639,0.218012435496151,0.156316230377467,0.22310313495249,0.351595680869132
A2671,2021,6.03209476307883,-6.03209476307883,1944.72138797938,2069.55915754018,-26536515,,63.4,-34.974358974359,36.6,0,78.6244268445186,0.0958588404753331,0.0488296723082463,0.0785019805545553,1.10968671227944,0.0117392870003601,0.337042126126024,0.272012963629816,0.120311775978455,0.450035540712609
A2683,2021,9.94773391805224,-9.94773391805224,869.97394524237,966.076683123878,-12847014,,97.32,-2.0728516804186,2.68000000000001,0,59.6415172988745,0.0395706952869809,0.0208119458702753,0.0913672421838544,1.44601026598227,0.00345310312645824,0.13320705783282,0.021343951519238,0.120283355104142,0.179410287286371
A2684,2021,0.0,-1.1696109510592,785.896298340283,795.197009647617,-4550280,,90.98,-9.02,9.02,0,15.6731971654856,0.0191350298984842,0.00717563621193158,0.0286747323042692,0.252259769155889,0.000945626477541371,0.034662027800002,-0.00492963142703895,0.176461998225304,0.189286710117046
A2687,2021,4.26625075862979,-4.26625075862979,739.272036434949,772.216738917273,-2553478,,76.77,-20.7494580365438,23.23,0,58.2992913714047,0.0485257985257985,0.0198315198315198,0.0893295893295893,1.07213057213057,0.0035977535977536,-0.375641169963879,-0.390039111467683,-0.447863868171634,-0.345085337707358
A2695,2021,8.49092010013971,-8.49092010013971,931.975112068097,1018.45097020751,-27470267,,81.38,-17.3303535148314,18.62,0,26.9945810754481,0.0233857539315449,0.00917668825161887,0.0375578168362627,0.411803885291397,0.00225716928769658,0.0618656570769393,-0.0728042313097147,0.0761374581869552,0.113360052955819
A2704,2021,10.6601705660549,-10.6601705660549,773.161157134512,865.41597631565,-6949002,,90.36,-6.72034685661196,9.64,0,80.6419341392247,0.0727804277581166,0.0344668410524696,0.161409447607324,1.97399599938452,0.0044622249576858,0.136424738899747,0.0451611656345494,0.0948814074522078,0.194772526687705
A2706,2021,0.0,-0.64179683491703,773.451084440918,778.447133505257,-604442,,100.0,0.0,0.0,0,63.5598165902459,0.0571724495080269,0.0230968410150181,0.103987571206629,0.987985499741067,0.00403935784567582,0.121425361750832,0.0303643854575785,0.140862422218467,0.134634949031635
A2710,2021,8.76744669166313,-8.76744619280014,928.990058925124,1018.26598090013,-17574858,,92.03,-4.99638691029215,7.97,0,46.4026677782409,0.0434025358785008,0.0191584227393061,0.0711299986066602,0.749756165528772,0.00222934373693744,0.194662082360411,0.13055368718819,0.241020068156545,0.299429428888931
A2714,2021,4.79446937037805,-4.79446937037805,876.422002549291,920.557867545358,-6509687,,82.02,-15.32982347476,17.98,0,74.9562317632347,0.0889387144992526,0.0320129546586946,0.098903836571998,1.17364225211759,0.00610363726955655,0.686953302330731,0.395288034432677,0.519565671629335,0.709742693820573
A2729,2021,2.32654238764241,-2.32654250708417,836.904723307052,856.839457503336,-19478468,,90.51,-7.7652094160807,9.48999999999999,0,5.3605669028762,0.0084944459391936,0.00392051351039705,0.0139396035925228,0.124008661003703,0.000845600953222893,0.115594766201256,0.0364666659012663,0.174677667623022,0.229735820286852
A2733,2021,0.0,2.65915973221241,862.521965464703,840.180231081767,2111562,,97.51,0.660679260865077,2.48999999999999,0,77.465610671113,0.0820089773140847,0.0309353390755793,0.139512313478103,1.25803712240689,0.0055804925391241,-0.0108687514154198,-0.156931728168642,-0.0214990740591872,0.0454795251698729
A2735,2021,0.0,1.30827210913788,804.045836901121,793.662570846075,5092992,,90.18,-7.80083836008588,9.81999999999999,0,14.6477699041267,0.0141363425869507,0.00755563138268054,0.0285407882229642,0.236661873309123,0.00107241219625143,0.121986414061378,0.0398533089800242,0.0807232791319846,0.157345951005619
A2754,2021,7.699862308394,-7.699862308394,742.494685078482,804.435078482019,-7481904,,86.29,-10.9218540311758,13.71,0,59.0079199666528,0.0553310238645112,0.0236720554272517,0.0829484218629715,1.01886066204773,0.00317551963048499,0.0257128659671628,0.0226734331790384,0.0395146385741374,0.0595924041531362
A2762,2021,0.0,0.359998819511301,782.658973187081,779.851516932184,257994,,83.78,-14.0717948717949,16.22,0,65.1438099208003,0.0704803282645426,0.0284817764904658,0.113565049481052,1.1414433985035,0.00241370987207338,-0.14327245420656,-0.237365579146897,-0.0222400955548319,0.0465477123055343
A2763,2021,0.0,-1.14853129523397,963.593574309156,974.789334882889,-2254244,,89.95,-7.14359450810365,10.05,0,55.9316381825761,0.0522768124625524,0.021494907130018,0.0684541641701618,0.818079688436189,0.00411923307369682,0.226786903928905,0.0798294812412325,0.192058974578447,0.359280971137449
A2765,2021,4.77018334237691,-4.77018334237691,844.557610013551,886.862581128308,-7117896,,92.7,-4.30473830907402,7.3,0,55.1396415172989,0.0392643749515015,0.0186234189493288,0.0882284472724451,1.03391014200357,0.00380228136882129,0.226115370144772,0.0971384751619278,0.112715236493095,0.255889400210104
A2772,2021,15.0769049376562,-15.0769049376562,668.41376384423,787.081256698821,-15943215,,100.0,0.623867981485213,0.0,0,47.5031263026261,0.0367054610564011,0.0139659803043867,0.0835273052820054,1.29973142345568,0.00170098478066249,0.0351494760389581,-0.198137869292748,0.0535616143215934,0.0749100114222209
A2773,2021,3.0997152795388,-3.09971375199476,758.324331755367,782.582137904653,-2029214,,100.0,1.90563538163661,0.0,0,75.0395998332638,0.0602443477039742,0.0276646538407527,0.124701586855779,1.34306979356832,0.00688105603145626,-8.72670371335818e-05,-0.127374199439425,0.0725787067206728,0.0798692695299792
A2778,2021,0.0,-1.94992968390616,791.422624503514,807.161710289575,-3709010,,100.0,1.26582278481013,0.0,0,74.0558566069196,0.0617018223561487,0.0268331180944181,0.141914191419142,1.51126416989525,0.0045917635241785,1.69266752762233,1.5830822212656,1.93960041287668,1.93668165552066
A2783,2021,6.18316420229355,-6.18316420229355,822.825402793624,877.055163710542,-12547899,,94.71,-3.48517273005197,5.29000000000001,0,46.7444768653606,0.0424186688125072,0.0163811932406024,0.0656397287044488,0.50505805264973,0.00419588458443499,0.145541697538885,0.0780278773559551,0.227442572623152,0.279742415449122
A2801,2021,4.94243628605598,-4.94243628605598,896.663746689245,943.285007164257,-4294937,,88.99,-10.5088495575221,11.01,0,83.5681533972489,0.0840358271865121,0.0378029504741834,0.137644889357218,1.5504478398314,0.00763962065331928,0.0256646189361741,-0.00270360553159576,0.085228671260546,0.0927609261585973
A2802,2021,2.23996645678506,-2.23996645678506,979.668734380578,1002.11579197906,-1508981,,84.79,-15.21,15.21,0,83.6265110462693,0.0953158357402989,0.0428230566369459,0.128218008288334,1.584453095567,0.00615345975134999,-0.21476571791595,-0.312622454784611,-0.348064176175812,-0.246298759253678
A2809,2021,11.3425669130841,-11.3425669130841,667.079170405823,752.423284973577,-6847329,,100.0,2.23903486351089,0.0,0,84.8270112546895,0.0834028356964137,0.0412010008340284,0.155963302752294,1.78231859883236,0.00633861551292744,0.222875788303118,0.197695180766581,0.121455124392355,0.305094671091158
A2811,2021,8.18598668743501,-8.18598668743501,646.71864497264,704.379017580898,-19009241,,100.0,3.2204789430223,0.0,0,17.6573572321801,0.0155525238744884,0.00670434613135841,0.0364451374001169,0.392438121223933,0.000896511401286299,0.217306234768718,0.0708633794581953,0.132386566997701,0.161551345467996
A2820,2021,0.0,1.08847697957334,754.792710299979,746.66542899098,774855,,93.58,-3.71437390678053,6.42,0,66.6444351813256,0.0597781985393562,0.0335407086827157,0.108331079253449,1.44170949418447,0.00229916148228293,0.086814158799051,0.0171027881075432,0.0461578163572605,0.205448774045729
A2824,2021,13.3309257242702,-13.3309257242702,773.124495255401,892.041944276196,-14135955,,85.65,-12.1538461538461,14.35,0,57.4155898290954,0.0473291437549097,0.0230754124116261,0.0823841319717203,0.984681853888453,0.00343676355066771,0.0535786472722136,0.0296623213944503,0.0945083533010559,0.1103363419209
A2831,2021,3.71191703091216,-3.71191761623431,821.96317004437,853.649953031938,-6341666,,99.18,1.0700091715072,0.819999999999993,0,40.1750729470613,0.0461241246075827,0.0134629316590196,0.0467278435160589,0.547693793769621,0.0028374788698382,-0.0443998134096094,-0.142997045003327,0.0444131137079508,0.0121129534556242
A2833,2021,0.0,-1.88980083384613,755.764285714286,770.321834159531,-1938192,,100.0,2.23903486351089,0.0,0,65.1104626927887,0.056745182012848,0.0233599377068328,0.0795211212770099,0.995133346311077,0.00720264745960677,0.0707275415519526,0.0284861462591655,0.152987100806328,0.23569585513785
A2840,2021,0.0,0.348297277516147,861.741731318906,858.750725919877,263699,,98.72,-0.0303797468354442,1.28,0,85.68570237599,0.0824506155167478,0.0383624391640424,0.13713140566848,1.85127397652448,0.00930432293157744,0.0571809287985094,-0.0908101918121958,0.0767344763715434,0.174247596091283
A2841,2021,3.14130061529892,-3.14130061529892,736.029512226266,759.900263891549,-4486651,,96.12,-1.79812014711891,3.88,0,42.9512296790329,0.0393295116464698,0.016979899862129,0.0667585806545243,0.742036136709963,0.00210434656411001,0.191524450519644,0.208891688820576,0.222135857969311,0.33884718155162
A2844,2021,8.05282901429682,-8.05282840328779,873.891660859466,950.427996515679,-13179557,,99.8,-0.200000000000003,0.200000000000003,0,31.7298874531055,0.0291183607441359,0.0107396423114946,0.0456097780174351,0.380066504897996,0.00274108025523501,-0.372599884867342,-0.388437035039893,-0.254924269769639,-0.207626737832696
A2880,2021,5.7359935922295,-5.73599312539227,848.933366126835,900.591216386661,-12286923,,96.64,-2.13670886075949,3.36,0,37.5906627761567,0.0327445720937294,0.0130573409585505,0.0603775494711271,0.619768206893061,0.00222683334176831,0.0384482615516979,-0.0083925090443289,0.0308320574664235,0.0723507240745609
A2909,2021,6.74376479391224,-6.74376479391224,760.241876057019,815.21827937505,-5461136,,100.0,0.0,0.0,0,69.7790746144227,0.0546441638144695,0.0253747196978638,0.13301073999764,1.6636374365632,0.00342263661040954,0.0979232719810157,-0.0275373626902012,0.00706330529215184,0.109942445262561
A2916,2021,9.78050737071334,-9.78050737071334,707.837867638388,784.573097242859,-13013988,,100.0,1.58472165786266,0.0,0,44.2517715714881,0.035701483977346,0.0158434296365331,0.0562764355867804,0.615743064018926,0.00394293497741774,0.0992790262567137,0.0177963229687368,0.0839931145714353,0.19243607818286
A2918,2021,12.6339300808901,-12.6339307204198,747.727744937055,855.855998905309,-19755032,,100.0,3.23113451016826,0.0,0,40.5335556481867,0.0388376256713951,0.0163889271450213,0.0608042969287977,0.757678005784327,0.00172152596061149,0.0654105420666502,-0.0584097517624528,0.0970658714280914,0.152858556339906
A2920,2021,9.01579235465165,-9.01579235465165,685.473248368428,753.398052374502,-6619408,,96.44,-1.08717948717949,3.56,0,75.0896206752814,0.0718401844026124,0.0341913177103342,0.117044435907286,1.34191317710334,0.00461006530925855,0.107047699304772,0.0478026080212237,0.0997756495364056,0.228059255817924
A2952,2021,3.37920411816026,-3.37920411816026,954.031500637134,987.397683831797,-3561106,,69.22,-28.5434086920615,30.78,0,90.0791996665277,0.0944101397465063,0.0469613259668508,0.172083197920052,2.21433214169646,0.00796230094247644,0.611677126497941,0.558485198317803,0.534538730578798,0.798481741834245
A2972,2021,0.0,-2.95162056093381,826.427156862745,851.562037037037,-2307382,,84.71,-13.4552513281569,15.29,0,57.0070862859525,0.049315582223889,0.0210950684417776,0.0878492405775361,0.959122445152822,0.00328145509094318,-0.380518548419128,-0.362145163717001,-0.239738192371869,-0.181429122511387
A2973,2021,0.0,0.611141230336999,2138.14307845673,2125.15537773467,964103,,81.53,-15.8356560338598,18.47,0,90.4293455606503,0.110501371913195,0.0572461960588675,0.0982788725367922,4.00636068845099,0.059615864305313,-0.235389835956347,-0.311040916692306,-0.285061381256086,-0.0802524878780688
A2975,2021,3.49126611584223,-3.49126611584223,744.730006267817,771.671097832179,-17881018,,97.66,0.649283726682465,2.34,0,7.25302209253856,0.0105499947685976,0.00421999790743905,0.019652634882991,0.17397900463851,0.00078471035468908,0.0401241722929887,-0.0355212220555924,0.0414074423756877,0.114838546403433
A3004,2021,4.48802300829005,-4.48802300829005,955.116422707559,999.996495508055,-4635932,,80.17,-17.2395994631981,19.83,0,86.8195081283868,0.101441812564367,0.0378475798146241,0.151390319258496,1.43112770339856,0.0122296601441813,0.212793225769539,0.0823653390175556,0.232161159317342,0.46259019997434
A3012,2021,0.0,1.63920331244275,813.225547217011,800.110115697311,1677726,,72.98,-24.6619180344792,27.02,0,60.1208837015423,0.0434740790612677,0.0247186688467827,0.0861787053957872,1.0,0.00442435317880158,-0.0324975307033124,-0.0850659378239449,0.123169318301549,0.144041095291522
A3016,2021,3.11214864681093,-3.11214864681093,809.285420792413,835.280594511579,-7718383,,94.58,-2.36399298028286,5.42,0,29.3205502292622,0.0269923941798942,0.0109540343915344,0.0439814814814815,0.388516865079365,0.00219080687830688,0.0165491768540665,-0.0320154537509449,0.0848744828640932,0.128873232672506
A3021,2021,7.7408516229081,-7.7408516229081,771.60264916937,836.342696353091,-5268804,,90.88,-6.18354495715909,9.12,0,81.2588578574406,0.0681818181818182,0.0338651414810355,0.132600842865744,1.82630945213727,0.00707405177603853,0.210495002379819,0.120357997679916,0.175702961973891,0.220215625936869
A3029,2021,4.46533020812377,-4.46533020812377,885.2283098732,926.604249328211,-31534424,,97.49,0.640033033963033,2.51000000000001,0,5.52730304293456,0.0108388078966094,0.00430242756201287,0.0168291108867965,0.155797521139812,0.000496433949463024,0.106743355513591,-0.0544782722541119,0.0757786652132813,0.170701523156868
A3030,2021,2.77344103439554,-2.77344103439554,943.060953583849,969.96228563172,-21597035,,74.36,-23.2373283782389,25.64,0,5.53563984993747,0.00734974970340577,0.00383402297520183,0.0170143812031598,0.186116496426401,0.000636592493995775,0.0902726267344851,-0.00193071950602043,0.0928177851429784,0.120370207926966
A3047,2021,11.1216124856005,-11.1216119317208,756.639827231747,851.320375714366,-20079472,,97.63,0.784556622277269,2.37,0,41.5756565235515,0.0368226600985222,0.0151477832512315,0.0572044334975369,0.752955665024631,0.00246305418719212,0.123949692437275,0.0665608501952779,0.143310032475324,0.200681654634169
A3053,2021,4.57035900006598,-4.57035876434614,814.607197472735,853.620727192241,-19388944,,83.1,-15.8481012658228,16.9,0,13.0721133805752,0.0145035699181531,0.00616961464785929,0.0254247829440008,0.26158668557355,0.000970221658332711,0.137623765455133,0.101355994142641,0.137864991390461,0.18845077384401
A3073,2021,0.0,-2.10044478530807,778.341230979835,795.040620228505,-1268686,,97.27,-1.18854124339699,2.73,0,88.4201750729471,0.100814269096549,0.0445909267157813,0.139395114385421,1.74699495928655,0.0102753005040713,0.313282176235086,0.191161000158698,0.238131096747243,0.400810268530315
A3094,2021,1.32739229575578,-1.32739166731396,756.142727115118,766.314724919094,-2112195,,83.3,-15.6455696202532,16.7,0,36.0733639016257,0.0319061731508922,0.0129894697017466,0.0593353931521534,0.79771738445047,0.00138722491960401,0.124448920983787,0.0310540537569902,0.17010270581766,0.161470184507762
A3103,2021,6.20889580332827,-6.20889580332827,889.071205868868,947.927005960569,-2567290,,85.86,-11.3657479095695,14.14,0,98.8161734055856,0.210019907100199,0.0975447909754479,0.41970802919708,3.94625082946251,0.015593895155939,0.272370603848706,0.174090447668057,0.272024631116096,0.416563311171204
A3105,2021,0.0,3.8504888543062,1063.70624577285,1024.26696061599,3032250,,79.81,-18.403026275432,20.19,0,93.8641100458524,0.137651821862348,0.0633198380566802,0.160647773279352,2.2365991902834,0.0105263157894737,0.0160544040000745,-0.040921507259693,0.0505785199520344,0.183069291265298
A3151,2021,4.91563448961278,-4.91563448961278,872.416635059106,917.518490422909,-5707730,,95.44,-1.86118251928021,4.56,0,71.7048770320967,0.0851110622388388,0.0285902793050363,0.110622388387948,0.944688805806026,0.00538816802287222,0.262420903475097,0.215778570769809,0.257121532622126,0.380619772709232
A3195,2021,0.0,0.764793228843715,756.618327694766,750.875681326943,488860,,85.35,-11.8922266955714,14.65,0,84.8937057107128,0.0980053400345532,0.0354955237945657,0.137741479503691,1.49866499136171,0.00895241086854091,0.219736635447579,0.0948054165158664,0.173717095243979,0.374315127425011
A3218,2021,0.0,-0.877343559140697,786.894697929869,793.859573768953,-593491,,94.86,-5.14,5.14,0,80.20008336807,0.076121431807884,0.032472436187887,0.156169762875699,1.7468660323214,0.00498414136837336,0.133203956536235,0.00692912388727413,0.125839144628269,0.14443909822532
A3224,2021,4.0577838082122,-4.0577838082122,780.680880431576,813.69902783046,-9401059,,98.64,-0.111392405063291,1.36,0,32.4218424343476,0.0284591343877261,0.0126432427313193,0.0425229661899801,0.406904062884743,0.00269911923477602,0.140624800029692,0.0829827447148445,0.264354727614758,0.312018750051571
A3228,2021,0.0,-0.520153339331668,922.950912063328,927.776773934492,-336517,,75.69,-21.8643542892536,24.31,0,91.8382659441434,0.104364326375712,0.0486458513023978,0.174918061066069,1.88252544419527,0.0119027082973952,0.00908668979910144,-0.105439740765084,0.0711206654478345,0.208619325630113
A3229,2021,3.01554213557188,-3.01554213557188,792.351371142944,816.987988168733,-17191727,,99.93,-0.0699999999999932,0.0699999999999932,0,4.02667778240934,0.00766801322071245,0.00287917737789203,0.015174439955931,0.180829966948219,0.000455380095482923,-0.0768061349945142,-0.198913666498567,-0.0784011035928242,-0.0931049764878302
A3235,2021,6.07181608138079,-6.07181608138079,834.758338855754,888.719768689451,-6839935,,92.06,-5.1221271771617,7.94,0,71.7298874531055,0.0602187915346079,0.0294448420406911,0.108168898885595,1.03281873019119,0.00766792761476332,0.252147824763904,0.16489088567723,0.205487762100498,0.341065820338656
A3236,2021,6.04361485392211,-6.04361519070985,735.492122496757,782.801641410147,-17944879,,90.24,-7.44615384615385,9.76000000000001,0,16.1317215506461,0.0154592202043872,0.00709496843064506,0.0299746143331381,0.370728373364577,0.000846188895398034,0.0244245103573876,-0.0416031746826514,0.0929260542511585,0.174061442944437
A3247,2021,0.0,-1.30603690422049,824.071467877287,834.976570023387,-1268307,,92.95,-4.0466604727986,7.05,0,74.2559399749896,0.0712048192771084,0.0283132530120482,0.128915662650602,1.59096385542169,0.00397590361445783,0.334849339330242,0.0932750924014784,0.262041388668112,0.23463498261822
A3250,2021,6.09296499111251,-6.09296499111251,706.316065607172,752.143932071037,-38686785,,92.49,-4.67896526847367,7.51000000000001,0,2.79283034597749,0.00679221540617448,0.00310296998555761,0.0128837601704489,0.143165601361303,0.000271688616246979,0.00593425135486821,-0.00778303389087989,0.0926997639757991,0.0893590871042503
A3253,2021,6.87548890844986,-6.87548890844986,1108.03887030455,1189.84664436546,-9390878,,89.28,-7.83524310932177,10.72,0,73.9308045018758,0.0715500744205826,0.032532426110993,0.10663406336381,1.25908994258984,0.00542207101849883,0.0562469319556994,0.0694336363496868,0.0670140317872409,0.0944865344830575
A3266,2021,0.0,5.39608516522843,1511.1629842615,1433.79422669492,6135033,,81.25,-16.1247032104883,18.75,0,95.9983326385994,0.129514717581543,0.0695306284805091,0.163404932378679,3.6994431185362,0.0229116945107399,0.151861714372596,0.0255767700875099,0.218579339379253,0.307239459029435
A3272,2021,5.35164904353198,-5.35164904353198,876.165089994331,925.70560515873,-5592926,,91.84,-8.16,8.16,0,63.7765735723218,0.0549307958477509,0.0204368512110727,0.102400519031142,1.25475778546713,0.00389273356401384,0.0655441800734849,-0.00378292127579457,0.0960781100905053,0.190833229969076
A3273,2021,3.85922794773771,-3.85922794773771,787.509149053115,819.120891420577,-12652916,,97.44,-0.854700854700858,2.56,0,19.0912880366819,0.0173036460132525,0.00800803944351977,0.0276983952517037,0.264202493483654,0.00172722419370034,0.140638562790588,0.00416599864136045,0.175309972012175,0.192103191768485
A3274,2021,9.8900525413209,-9.8900525413209,773.605277227948,858.512627124428,-14927731,,89.82,-7.43069153869938,10.18,0,46.4860358482701,0.0384980641390898,0.0188472496164804,0.0704215063189422,0.843743151435459,0.00241069471838703,0.175073203545426,0.190220060909716,0.161921318890959,0.252118311988862
A3280,2021,5.96719371746151,-5.96719371746151,808.219050258684,859.507529563932,-9992637,,81.03,-18.97,18.97,0,41.4089203834931,0.037524975024975,0.0168581418581419,0.0629995004995005,0.62755994005994,0.00231018981018981,0.054075250009506,-0.0396182764603817,0.0866015982524461,0.11910272440907
A3281,2021,2.55118719113885,-2.55118719113885,753.716788358179,773.448918086401,-6226513,,99.99,1.73992673992673,0.0100000000000051,0,22.0175072947061,0.022140221402214,0.00809427449113201,0.041622029123517,0.437170178153394,0.000952267587192001,0.150591426862885,0.0233030866288813,0.165196331311743,0.256593430346733
A3283,2021,4.13950943751514,-4.13950943751514,850.325613893234,887.044922161092,-25067978,,93.92,-6.08,6.08,0,9.77073780741976,0.0107687814849967,0.00569467766664233,0.0184164415565452,0.176480251149887,0.00114988683653355,0.103868013446753,0.0657102208320684,0.128993361989004,0.229729784734055
A3287,2021,0.0,5.02433929685366,987.268513952246,940.037824148276,9194115,,92.78,-4.53750385842164,7.22,0,44.2017507294706,0.0363126670578265,0.0155160049546907,0.0495469065780038,0.516396114479432,0.00508507725405828,0.0928832746049366,0.00279136404379225,0.174068362871106,0.138455975224331
A3289,2021,5.56602499603872,-5.56602499603872,762.297357363998,807.227861934247,-24381089,,90.96,-7.30663405686335,9.04000000000001,0,10.9462275948312,0.0140081845572694,0.00589108243018393,0.0208886090749651,0.186828259207627,0.0010343121823987,0.0367432171517562,-0.00968495355792868,0.0919444075699741,0.14356283579894
A3299,2021,8.54154901556701,-8.54154990523441,730.637675906183,798.873887704336,-9600835,,98.38,1.55879013110353,1.62,0,30.6210921217174,0.0250565793727772,0.00932212522901175,0.0609979523655566,0.521985127707727,0.00172432374178252,-0.381498119693025,-0.553869721183009,-0.384896922374563,-0.124600989613034
A3302,2021,6.36591544519318,-6.36591544519318,699.187439505621,746.723207505026,-12769058,,84.93,-12.3257974605141,15.07,0,31.0879533138808,0.0374906646751307,0.0139905402041324,0.0435150609907891,0.416181229773463,0.00144386357978591,0.146487061137706,0.168575531602629,0.141553342541228,0.229904848836888
A3317,2021,3.18770922289797,-3.18770922289797,838.676371463045,866.291216467536,-12175827,,86.99,-11.3522877815143,13.01,0,24.8186744476865,0.0224970003999467,0.0102986268497534,0.0353286228502866,0.322357019064125,0.00199973336888415,0.256242075524682,0.252988232915523,0.389042330417865,0.392789259000088
A3318,2021,4.30549660630948,-4.30549660630948,790.802511659368,826.382376849775,-11992834,,92.89,-4.64018067960168,7.11,0,19.6415172988745,0.0164115988723319,0.00835682641965364,0.0274197878909921,0.345415492012351,0.00154383138676332,-0.00649698119627274,-0.0572895690696739,0.029320576610961,0.0228345578619875
A3319,2021,11.5868620552841,-11.5868620552841,666.386904761905,753.719323002189,-10211605,,98.56,-1.44,1.44,0,58.3909962484368,0.0516704710520855,0.0199211454658643,0.0908902261880058,1.23241336376842,0.00280141108113717,0.136517087881537,0.176434190420495,0.124404102674106,0.218204076995775
A3320,2021,0.0,-1.39183436988758,946.120392118484,959.474690633088,-2456176,,94.49,-3.70936512789157,5.51000000000001,0,55.5648186744477,0.0568018406672419,0.0207794075352315,0.0723324705205637,0.795800977854472,0.00373885533505896,0.0855384188364292,-0.00473131471095763,0.202528008239722,0.350352954529452
A3323,2021,5.20551787223609,-5.20551758721991,764.814460939871,806.813267474268,-18263937,,88.86,-8.26881387426448,11.14,0,17.4322634431013,0.0177331386165172,0.00801716687032456,0.0254820731380204,0.302387267904509,0.00125175096116592,0.205687073778546,0.152913135768618,0.178682607463861,0.185423425479747
A3324,2021,4.79235049361164,-4.79235049361164,779.191715923339,818.41293211535,-4379441,,96.78,-1.99493670886076,3.22,0,81.6506877865777,0.0974773786673979,0.0340005483959419,0.130518234165067,1.41088565944612,0.00644365231697285,0.25801249445234,0.296619273869832,0.359458533824805,0.433851439086128
A3325,2021,2.60632505313791,-2.60632505313791,715.364361578169,734.508028338052,-13143429,,97.43,-0.0717948717948648,2.56999999999999,0,3.51813255523135,0.00770040103078636,0.00343087174638996,0.0129915676796633,0.149311538402891,0.00042695292843964,-0.0705258553261379,-0.119758313462084,-0.0939000468622178,-0.0446021166783328
A3327,2021,4.50998080010118,-4.50998095836758,1020.31654084987,1068.50595600471,-28496136,,85.24,-12.0057809435326,14.76,0,12.6135889954148,0.0114117194512117,0.00598367312048553,0.024832243450015,0.270034619823054,0.00113262384066333,0.13835366622836,0.084056779526787,0.211909471369806,0.269381009055848
A3336,2021,0.0,-0.324006158014591,852.103122338916,854.87296338348,-585489,,94.23,-5.77,5.77,0,43.1429762401,0.0312934631432545,0.0149513212795549,0.0669911914696338,0.60477515067223,0.00353500231803431,0.0829751537690145,0.0368800170840953,0.0500851926161982,0.126001753566411
A3361,2021,6.67387059452878,-6.67387059452878,806.504711354962,864.178892334606,-2901242,,75.64,-21.9159698565087,24.36,0,95.5814922884535,0.150757724857312,0.0734107459161582,0.188742373548514,2.51918913599685,0.0098405825624877,-0.0637386924417035,-0.0975429710248231,-0.0593710823818653,-0.0636591361948272
A3365,2021,5.3836163036748,-5.3836163036748,871.750490531599,921.352578142825,-13044357,,93.63,-3.35466556564822,6.37,0,40.6169237182159,0.0357807432612047,0.0157371471104259,0.0512520601839545,0.717050348237546,0.00255196980169068,0.13807690648665,0.108937552813449,0.277573852164701,0.332371173109564
A3367,2021,9.43059701445595,-9.43059701445595,1025.52463942308,1132.30804843305,-9595130,,96.85,-0.666666666666673,3.15000000000001,0,84.1934139224677,0.0953685941353796,0.0427514387503426,0.108522882981639,1.88668128254316,0.00712523979172376,0.0470968224130823,-0.00273279326303708,0.0334652116812875,0.389092902164977
A3378,2021,0.0,-2.24347963935211,868.209909429941,888.135038181495,-2243968,,87.49,-10.8427596046061,12.51,0,70.9212171738224,0.0665513381499949,0.0290017299277501,0.110308334181337,1.06685661951766,0.00539330416200265,-0.0579422194001476,-0.110518838653809,0.0326371054221531,0.0672615631874732
A3379,2021,6.88849740441675,-6.88849740441675,845.652448150524,908.214801154586,-7022499,,80.15,-17.2602456901001,19.85,0,45.8357649020425,0.0366499253427447,0.0139812678159359,0.063730147957106,0.714469933487173,0.00400434369485544,-0.35071325443933,-0.32932933769095,-0.323772967941009,-0.240596428037236
A3380,2021,1.83752686614916,-1.83752686614916,737.909757113641,751.722866749144,-6565150,,99.82,2.70603971602016,0.180000000000007,0,15.7482284285119,0.0152906911616444,0.00646913856838804,0.0213117508681528,0.255853030133303,0.00168029573204884,0.134116862994853,0.0415576068217275,0.22712169586943,0.348393796541418
A3388,2021,0.0,0.68164965972617,837.773928128872,832.101908302354,457732,,79.04,-20.4828973843058,20.96,0,88.2367653188829,0.0969149267684637,0.0417575568712995,0.165939545029604,1.51199750701153,0.0115300716734185,0.116015209790956,0.0248889414579889,0.0778231115807229,0.242698708601435
A3391,2021,5.15957470237971,-5.15957470237971,705.86360692893,744.264489234256,-4744045,,95.05,-1.87880664808507,4.95,0,42.3843268028345,0.0397561450158895,0.0144626759193203,0.0560996173552111,0.640962448926649,0.00304818730138141,-0.197471543257682,-0.28416707408941,-0.287319536483438,-0.209923993608894
A3397,2021,0.0,1.77826871469073,914.390974768024,898.414746404544,4758935,,97.77,0.929080210591505,2.23,0,29.5373072113381,0.0264850698856417,0.00949015247776366,0.0316470775095299,0.339699809402795,0.00345457433290978,0.106799477729433,-0.0539194580099303,0.129435891883953,0.155257948557441
A3442,2021,1.78339230567418,-1.78339230567418,859.71759111395,875.328125554491,-3519114,,90.36,-6.72034685661196,9.64,0,33.8307628178408,0.0353747623336335,0.0142599819873912,0.0535374762333634,0.527469228459922,0.0014510157109977,-0.0154810589634968,-0.0533992169076658,0.0736847898849381,0.116265292474988
A3452,2021,3.5929190345042,-3.5929190345042,940.518442157397,975.56987799891,-6171296,,80.03,-17.3841230515123,19.97,0,55.4897874114214,0.0447266313932981,0.0205996472663139,0.0723809523809524,0.931640211640212,0.00409171075837743,0.159415434279981,0.0911120024958773,0.151269703123489,0.177354028085735
A3454,2021,3.80203793863609,-3.80203793863609,845.825698594587,879.255319416269,-29266697,,90.58,-6.49323836068959,9.42,0,6.16090037515632,0.00915893262622106,0.004129901400509,0.0149499382800713,0.164418842103659,0.000838171870952011,0.1784816378811,0.124257785729607,0.208964023837386,0.253664019725153
A3457,2021,4.64199571720433,-4.64199571720433,849.940919251187,891.315758591785,-2961611,,100.0,0.0,0.0,0,30.2959566486036,0.0227803738317757,0.0114167374681393,0.0407816482582838,0.602697536108751,0.002017841971113,-0.765311001888528,-0.756782717866246,-0.643979916529144,-0.724192140747548
A3458,2021,12.9794420990581,-12.9794406844231,751.753605122941,863.880456567434,-9175116,,97.1,0.237431609373376,2.90000000000001,0,12.0550229262193,0.0133460438512869,0.00577420672749557,0.0235870897453357,0.271224295247174,0.000953288846520496,-0.805124897169324,-0.845590918922383,-0.779876402131578,-0.785546180035408
A3466,2021,10.422751637563,-10.422751637563,715.841060945153,799.132674905128,-10271855,,85.79,-11.4380097037266,14.21,0,64.1767403084619,0.106096767194619,0.031568669993491,0.0749620308092862,0.999349099587763,0.00260360164894771,0.111474491803366,0.107273793594222,0.180088555264098,0.238560756635103
A3470,2021,3.54723608598467,-3.54723593109417,765.259098818776,793.402974197893,-22901572,,93.46,-4.75899317232243,6.54000000000001,0,5.49395581492289,0.0104265258144292,0.00409122828443196,0.0161359264800171,0.134247244527219,0.000641162641590083,0.0877432953880913,0.0548679893369416,0.134102391757224,0.195839683646382
A3473,2021,6.50368392261409,-6.50368392261409,962.266698799359,1029.20279554427,-26247250,,95.48,-3.31139240506329,4.52,0,17.8574406002501,0.0169935384702969,0.00808402835102901,0.0350972075944323,0.317668156329168,0.000910876433918761,0.0577102030359836,-0.0632560481327133,0.0203914621417694,0.1038223797529
A3476,2021,2.73628107768933,-2.73628107768933,877.942637337182,902.641444379109,-5544487,,85.61,-11.623825745845,14.39,0,46.4443518132555,0.0481404142445962,0.0207686664032959,0.052768214910548,0.537502116372256,0.00310401264179694,0.0682831901229669,0.0444071032431622,0.110196763936821,0.195078688052811
A3477,2021,9.00026268314936,-9.00026268314936,754.391212815542,829.003725789711,-15239755,,84.81,-12.4496748219263,15.19,0,50.9295539808253,0.0641520217173882,0.0182168881268753,0.0690098585512216,0.580654379197028,0.0033576225175025,0.247921784744759,0.156976316446059,0.328760175895754,0.444793114883571
A3486,2021,5.94927405155221,-5.94927405155221,823.827634683938,875.939687201888,-8303326,,88.97,-8.1552596263033,11.03,0,44.9604001667361,0.0520412155993218,0.0190426503195513,0.0562801617320986,0.610734315899309,0.00234772401199948,-0.160384859382996,-0.148658885713796,-0.111695668034722,-0.0774222376804873
A3504,2021,2.81855193795713,-2.81855208764188,760.188830422504,782.236575758853,-18829921,,100.0,2.56410256410256,0.0,0,4.76031679866611,0.00846990664210709,0.00374691037327414,0.0150978447393693,0.162927627953841,0.000582502873156064,0.172785458415182,0.106520158407858,0.203999814048675,0.273138279556462
A3507,2021,3.63788474229234,-3.63788474229234,675.601521956088,701.106986027944,-2044518,,98.84,0.569800569800572,1.16,0,72.488536890371,0.0777187185749174,0.0275822439304698,0.130584686108318,1.49015945984772,0.00330412297083752,0.0445896178681051,0.00135537747575,0.0689717774680831,0.163074270938084
A3509,2021,4.56724810785097,-4.5672472366597,720.885157545605,755.385480007371,-5242531,,100.0,3.23113451016826,0.0,0,55.6815339724885,0.0386512330145949,0.0184197282335179,0.0894816305988928,0.939305485656769,0.00452944136889784,0.398401610468042,0.240686269260834,0.387104998818853,0.421713787043638
A3521,2021,2.18754117907388,-2.18754117907388,914.472455874242,934.924310151989,-10678813,,90.88,-6.18354495715909,9.12,0,10.2042517715715,0.0102847139487953,0.00481412142284033,0.0246055094945173,0.244571956527025,0.000972549782391986,0.130071902373684,0.0318820263577759,0.132710481362842,0.14506409532132
A3527,2021,2.76679294108506,-2.76679294108506,939.576265907697,966.312121473474,-11159760,,78.83,-19.1487179487179,21.17,0,81.1838265944143,0.0978429437473566,0.0353870012688566,0.122656139856196,1.10602001973777,0.0101508529536162,4.17229324514901,3.14444933379094,3.97437294628376,3.85377834898513
A3531,2021,0.0,-0.325028446232039,1208.47072310406,1212.41140505585,-402186,,91.88,-5.76410256410257,8.12,0,85.9024593580659,0.0895596856679556,0.0493950355494574,0.167394287139828,1.32605712860172,0.00760883123362854,0.0549932501467623,0.0321984701428382,0.184924971502169,0.206515603495115
A3539,2021,10.9499061988023,-10.9499061988023,932.39299224513,1047.04324548683,-21821612,,98.87,0.121518987341777,1.13,0,55.5981659024593,0.0445696721311475,0.0213700234192037,0.0844555035128806,1.08130854800937,0.00285421545667447,0.30427964884157,0.241574877113519,0.30552141889142,0.431141817540383
A3547,2021,2.85539980243642,-2.85539980243642,783.76589282001,806.803354201943,-12408161,,89.5,-9.36708860759494,10.5,0,11.8382659441434,0.013644337599896,0.00630238451042817,0.0228055357026834,0.191064041756005,0.00110454161522968,0.0156093678834726,-0.0443370730876416,0.036967164471162,0.0866280939270074
A3548,2021,2.75304804475799,-2.75304857336436,985.961358715459,1013.87379681437,-5208126,,93.81,-3.15887271601115,6.19,0,53.605669028762,0.0423578199052133,0.0187351895734597,0.0950829383886256,1.03532286729858,0.00266587677725119,0.291415179816002,0.129121948363276,0.203966439580106,0.334336289715469
A3549,2021,9.36046392004915,-9.36046392004915,867.614140790537,957.213792472676,-23511307,,61.73,-36.2754206668731,38.27,0,40.300125052105,0.0299381167419301,0.0137704186876289,0.0539109104086525,0.694207504041925,0.00317778892791437,0.386984743211409,0.234089120665499,0.330315966250527,0.42203845344512
A3554,2021,3.28257624376658,-3.28257687519566,762.05107960199,787.914995024876,-5198647,,92.82,-4.18086094766183,7.18000000000001,0,36.4151729887453,0.0475638051044084,0.0134699664862078,0.0467259602990461,0.530613560195927,0.00174013921113689,0.00592643371065642,-0.108213681249089,0.0510616288176175,0.0825170608700178
A3555,2021,0.0,3.11703265546503,733.617822537233,711.441944793349,2966068,,100.0,2.23903486351089,0.0,0,59.9333055439767,0.0555455202312139,0.0200505780346821,0.0894147398843931,0.908056358381503,0.00433526011560694,0.0601204940019005,0.00216925011016346,0.10252681596081,0.0750989112744823
A3557,2021,11.071392930798,-11.071392930798,837.613877516206,941.894745820539,-12225889,,99.08,0.334177215189872,0.920000000000002,0,82.6010837849104,0.08207343412527,0.035565154787617,0.152483801295896,1.92483801295896,0.00518358531317495,0.479441792258095,0.336429085673146,0.484853327012165,0.564881028005155
A3560,2021,3.9609164768569,-3.9609164768569,823.83906755464,857.816461103687,-18611593,,92.85,-4.92525087036658,7.15000000000001,0,12.6552730304293,0.0137230743085355,0.00677656455793007,0.0214130942770956,0.210455877979352,0.00118961634872754,0.0563527368663067,0.0380196052880329,0.0395714167431518,0.068244278105557
A3562,2021,0.0,0.388232660714744,779.90972442192,776.893569844789,228528,,93.47,-5.34683544303798,6.53,0,92.5635681533972,0.112540810447475,0.0524294219320146,0.164394084885731,2.16439408488573,0.0105627040522374,0.369138106291627,0.318881952504941,0.275644940909969,0.457843050517562
A3563,2021,0.0,-0.0822101852050261,825.664854526584,826.344193618588,-324648,,88.66,-8.47527614328482,11.34,0,16.3067944977074,0.0199409909451623,0.00768135110387628,0.0294282226065724,0.244149964391088,0.000966527622342049,0.0407995064222049,-0.0380436277963233,0.102259174913351,0.112962523346761
A3566,2021,3.01152767017446,-3.01152767017446,875.994413038102,903.194361139267,-31236094,,89.79,-7.9076923076923,10.21,0,3.58482701125469,0.00781026328145578,0.00313784771131801,0.0114290949485233,0.131675083885892,0.000595503945213637,0.076994792178727,0.000962960418074331,0.173075205063862,0.181158701380916
A3576,2021,0.0,6.8742542708389,1010.36846278675,945.380596739692,7048324,,91.1,-5.95643646123672,8.90000000000001,0,87.4364318466027,0.101135016093512,0.0350669151279011,0.144502795188887,1.6744028460105,0.01423005251567,0.346183027176965,0.18702164391749,0.414190535673575,0.282923637443183
A3578,2021,0.0,-1.003103951217,911.608844554568,920.845886021873,-1297324,,97.03,0.165169815216266,2.97,0,51.2963734889537,0.0460096115969432,0.0192231938863941,0.0571968801701725,0.584495391160482,0.0057512014496179,-0.0244628729517696,-0.144531326059482,-0.023002848023096,0.0849793930497559
A3579,2021,6.83000303834709,-6.83000303834709,751.836645458051,806.951454305074,-8003993,,78.42,-19.046144317126,21.58,0,60.7419758232597,0.0517133398944261,0.0229936476693209,0.108436968775163,0.946944618412812,0.00339983895499687,0.053594005727852,0.0306263855337846,0.113911719676502,0.255793489107202
A3580,2021,2.98942403466978,-2.98942403466978,833.527721671327,859.213249047418,-48831989,,90.05,-7.04036337359348,9.95,0,0.175072947061276,0.00300864474848547,0.00105279876568421,0.00404782973702721,0.0413223515531051,0.000204206657137023,-0.282143706539452,-0.340735748424573,-0.237075068848982,-0.201377811447717
A3588,2021,0.0,0.996531137779407,927.822489107207,918.667679627009,3958503,,88.24,-10.0784673392439,11.76,0,16.248436848687,0.0169717047738011,0.00746755010047249,0.0345951230109162,0.329386846249932,0.000624558735675881,0.0365109120582638,-0.0355618897120957,0.0222908036971406,0.12505962766457
A3591,2021,4.67064939286321,-4.67064939286321,882.353907777446,925.584725121782,-10436611,,99.51,0.769620253164562,0.489999999999995,0,35.8482701125469,0.0237277552294724,0.011031324799667,0.057498178790717,0.631075033822458,0.00275783119991674,0.178654270880309,0.0878832956848054,0.176532993275898,0.279588894813767
A3596,2021,10.9665055757153,-10.9665055757153,898.493335383984,1009.16328309238,-8634912,,85.93,-11.2934861154124,14.07,0,93.2555231346394,0.113861386138614,0.0551888522185552,0.203153648698203,2.13384671800513,0.0088008800880088,0.368441280357241,0.267978505742212,0.261985752271182,0.487505657472654
A3597,2021,0.0,7.0189255162687,1323.534042832,1236.72895840353,9273908,,82.24,-17.76,17.76,0,80.4001667361401,0.0633958746066892,0.0319310103717515,0.119566484092763,1.70073418016548,0.010837897680923,0.00608461964947223,-0.0946439957334268,0.105955474838455,0.0996905040060638
A3599,2021,0.0,4.68914875196205,880.567629246513,841.125980814712,7137834,,88.39,-10.5092639465425,11.61,0,48.3451438099208,0.0418250950570342,0.0188705816082242,0.0638642444726095,0.660752006759611,0.00373186875088016,0.0173617073469888,-0.0014482763732313,0.172467468401188,0.12911684746943
A3602,2021,3.78084582741718,-3.78084582741718,786.439970672064,817.342427747257,-8977411,,77.16,-20.8615384615385,22.84,0,94.2392663609837,0.126799557032115,0.0618309339239572,0.160575858250277,2.43927648578811,0.0131044665928387,4.90325091575092,4.7351152466095,4.72657529523317,3.81111504007544
A3603,2021,4.85245749142632,-4.85245749142632,786.432128358853,826.539611664682,-23039824,,99.51,0.13081102837594,0.489999999999995,0,10.9462275948312,0.0142985765734865,0.00525210084033613,0.0224875664551535,0.187660778597153,0.00107185731435431,0.0595776457420651,-0.0062319394160826,0.130996995118257,0.167572986740404
A3612,2021,0.0,-1.10696141301498,940.708504462352,951.238345897236,-2430498,,90.02,-7.07133271394653,9.98,0,57.0404335139642,0.0481294964028777,0.0193525179856115,0.0747482014388489,0.814676258992806,0.00561151079136691,0.537825354334473,0.437242021054971,0.604741202429761,0.620948877876279
A3613,2021,7.60614221329112,-7.60614221329112,695.483572194599,752.737886321537,-4698060,,97.1,-1.20065120065121,2.90000000000001,0,70.5794080867028,0.0695498915401302,0.0248101952277657,0.110086767895879,1.26098156182213,0.00474511930585683,0.0227573297879784,-0.0522228214108266,-0.0467007275025211,0.055783055921483
A3617,2021,0.0,0.879557348278247,681.065753942536,675.127619356232,659703,,100.0,2.89124395513942,0.0,0,55.4731137974156,0.0466666666666667,0.017741935483871,0.104516129032258,1.02623655913978,0.00279569892473118,0.210196078431373,0.0395875867701103,0.0601314510729891,0.206496661571877
A3620,2021,0.0,6.17966907449869,894.684827691369,842.614066788655,6829601,,68.6,-29.1834417260246,31.4,0,86.7444768653606,0.0912460792700314,0.0353578557171372,0.151696606786427,2.31522668947819,0.00727117194183062,0.800215968269752,0.497912259644609,0.838389227460703,0.76387650231452
A3621,2021,0.0,7.2679247432625,750.433342343734,699.587825661621,7900173,,100.0,2.56410256410256,0.0,0,33.7307211338058,0.0333399615563068,0.0118645191224233,0.0540862994631139,0.536952343076821,0.00185590243255783,-0.0320945689886551,-0.0575350086065239,-0.116362615892389,-0.177074729202821
A3623,2021,0.0,0.0927454540503662,770.606382978723,769.892342829667,118802,,96.37,-0.516155672550841,3.63,0,51.471446436015,0.0531386421797381,0.019644738822821,0.0695468914646997,0.734984193888303,0.00308595514074966,0.180716784971263,0.0317208476455052,0.14462044796825,0.275486309732885
A3624,2021,0.0,2.89892646394037,1100.84698624595,1069.83330543466,8893235,,87.18,-10.0030969340353,12.82,0,26.3109629012088,0.0250231323168524,0.00945407732228346,0.0483163696343082,0.369714768475681,0.00160920465060144,0.00327645946896786,-0.0547504950071732,0.0255025081247674,0.0892150648881412
A3627,2021,0.0,3.25938789231049,1377.20750135438,1333.73587570621,4493575,,86.45,-11.9025782125751,13.55,0,94.922884535223,0.143919624217119,0.0705897703549061,0.139874739039666,2.75208768267223,0.0300104384133612,0.287355807898508,0.147283550636152,0.257304868657577,0.338756668986314
A3629,2021,0.0,-2.81429593478088,761.499291368523,783.550727643541,-2551704,,93.82,-3.14854960256014,6.18000000000001,0,64.7853272196749,0.0633076467101363,0.0220509780675756,0.0968583283935981,1.14309425014819,0.0040308239478364,0.318521894656252,0.131050965455486,0.249473798932103,0.347770361759692
A3630,2021,4.1399995647334,-4.1399995647334,787.506514904166,821.517328738134,-11250097,,93.45,-3.53050480024776,6.55,0,3.39308045018758,0.00700648555726304,0.0031255697653218,0.0123069309509546,0.155926861667491,0.000507905086864793,-0.586437313948703,-0.639513261166964,-0.612955971016263,-0.580147832100169
A3631,2021,4.06176945483746,-4.06176918429931,808.903292913257,843.150104015548,-15013665,,95.84,-2.33363905023947,4.16,0,16.8153397248854,0.0185926100258884,0.00667804189220993,0.0312132266415627,0.269592845375382,0.00114732878324312,0.151260715382682,0.09895902904552,0.184775101659912,0.219585891867605
A3632,2021,3.7950549684596,-3.7950549684596,974.311019595177,1012.74525885936,-9995362,,91.75,-5.65552699228792,8.25,0,44.9353897457274,0.0353756974917384,0.0186900698846091,0.0655506798851509,0.622623110677718,0.00308792458963107,0.273525109702584,0.134597183583331,0.265212194524848,0.42346125698496
A3633,2021,3.3129879313908,-3.3129879313908,853.581496976942,882.829532855188,-13506275,,89.82,-7.27779498296687,10.18,0,20.1250521050438,0.0197137937177127,0.00908497120123508,0.0307879579597411,0.276497832670269,0.00148447241850246,0.159978914136118,0.165359539219761,0.276567438130449,0.292019845372691
A3644,2021,3.3309366275961,-3.3309366275961,899.392527005679,930.382994961786,-5806622,,86.29,-11.4974358974359,13.71,0,50.6461025427261,0.0549003930974748,0.0181890865480712,0.0642281297887934,0.637217669398361,0.00379772136717969,0.104658167298933,-0.0104376398551112,0.103662417081088,0.178446555255253
A3646,2021,0.0,0.0320872891143489,911.301487895091,911.009169748935,41729,,94.22,-2.73562506451947,5.78,0,76.4985410587745,0.0621671683260014,0.0338041213243806,0.130122713591109,1.52431118314425,0.00509377170641352,0.281699539698635,0.26457178388312,0.460941494898804,0.392032195035821
A3647,2021,4.18051842971099,-4.18051842971099,798.956414797324,833.814169836897,-3188648,,78.94,-18.5093424176732,21.06,0,86.3526469362234,0.132817753866846,0.0543039677202421,0.12457969065232,1.42636180228648,0.00689307330195024,0.281607262945528,0.23939864051319,0.355924182420484,0.309891009438119
A3648,2021,0.0,3.23841946237522,802.818896559281,777.635787858865,4596421,,95.68,-4.31999999999999,4.31999999999999,0,41.1004585243852,0.041704619388419,0.0150292778139232,0.057839947950553,0.706766428106701,0.00214703968770332,-0.0359768071461201,-0.0819465238964968,0.117455028222758,0.0715537251253491
A3649,2021,2.88769717901261,-2.88769717901261,805.209900317173,829.153337864371,-6975298,,100.0,0.0,0.0,0,31.0129220508545,0.0314095621228532,0.0117076692970241,0.0497189127856001,0.484449945845583,0.00165042034143071,0.243931386062816,0.150716953537869,0.31422408484671,0.36696041415177
A3663,2021,5.87158223326155,-5.87158103754001,812.998512826868,863.712066757549,-4910492,,82.74,-15.1384615384615,17.26,0,81.725719049604,0.0976757869961754,0.040453074433657,0.124448367166814,1.51573992350691,0.00514857310973816,0.129148890074698,0.0953552268630134,0.279475409852211,0.289055038086034
A3664,2021,0.0,0.300028506672985,733.274566235845,731.081114485486,372685,,86.79,-10.405698358625,13.21,0,52.8636932055023,0.0484608823757463,0.0200046522447081,0.0709467317980926,0.723424052105141,0.0038768705900597,0.245295160722671,0.132983484531286,0.158968222873579,0.271563006998978
A3667,2021,6.64158292472661,-6.64158292472661,811.330997001499,869.049650174913,-4619801,,87.51,-9.67175887696118,12.49,0,79.2413505627345,0.0808793594788981,0.0346044239381191,0.133125254444294,1.47102727642828,0.00529244130818293,-0.0101553619738528,-0.038285384719772,0.161016676579888,0.157686371764588
A3669,2021,0.0,-2.10038379500742,756.789396353337,773.025907240219,-1834401,,100.0,1.10201193003741,0.0,0,64.2434347644852,0.0492684042066758,0.0232053040695016,0.105509830818473,1.40477823502515,0.00342935528120713,0.0966005333471696,-0.0202783057652127,0.132264967276926,0.152407258881579
A3671,2021,11.9586592681167,-11.9586592681167,764.287454714501,868.100654034818,-12952150,,70.73,-26.984618560958,29.27,0,70.5710712796999,0.0746563931695127,0.0321740941274469,0.103186172428155,0.948146605581008,0.00520616409829238,0.268304770887947,0.169629568682047,0.176779307416228,0.322844185863782
A3675,2021,0.0,-1.93275624040842,758.878031567061,773.834363518387,-14198704,,96.78,-1.37572607765209,3.22,0,3.10129220508545,0.00825211176088369,0.00318388564002599,0.012722547108512,0.125912930474334,0.000376868096166342,0.0280961663417804,0.00352016236548288,0.0975345698199108,0.0845971410006497
A3677,2021,0.0,4.58403671732494,722.826966720488,691.144642536778,14127782,,86.61,-10.5915144007433,13.39,0,11.4297624010004,0.0142797581821972,0.00612361892849698,0.025562851782364,0.269387116948093,0.000573274963518866,0.0107348839056156,-0.0749850431587493,0.0234562177477883,0.0831420435948064
A3687,2021,0.0,-1.10982531843575,751.430755773793,759.863917920533,-2246392,,97.93,-0.830379746835436,2.06999999999999,0,27.411421425594,0.0259237049679413,0.0113012592831773,0.0512938788689515,0.494072604824946,0.00106093454495134,0.0387263589862123,0.0323677101562511,0.125210185893521,0.167816946803062
A3692,2021,5.8571464634354,-5.8571464634354,738.454223116003,784.397535633644,-5208869,,91.52,-6.13333333333334,8.48,0,64.9270529387245,0.0613349994793294,0.0257211288139123,0.0902842861605748,1.05425387899615,0.0044777673643653,0.0975247634104241,5.44240075868257e-05,0.0244359404253417,0.0743147804094597
A3693,2021,0.0,0.46666915138402,645.19915511101,642.202195574752,316407,,94.21,-2.74594817797049,5.79000000000001,0,56.4401834097541,0.055909650005591,0.0192329196019233,0.103321033210332,1.13194677401319,0.00201274740020127,-0.0666165071172878,-0.118691527824369,0.0698106904896432,0.0225179417148504
A3694,2021,0.0,7.92138489112333,929.644490102077,861.40897009425,8369223,,99.33,2.53948590895013,0.670000000000002,0,53.2555231346394,0.0466536394723986,0.0191336915811757,0.0816642240677414,0.791971991532324,0.00350105845953428,-0.328384719651568,-0.386942126485276,-0.283016321926317,-0.285979440379482
A3696,2021,2.93552688712265,-2.93552688712265,677.138342940482,697.617079889807,-3538480,,96.18,-2.60253164556961,3.81999999999999,0,42.6344310129221,0.0326355113836611,0.0138859519278212,0.0846549658137732,0.804398392894904,0.00197363783745683,0.0305235272222282,-0.0612966112267695,0.0408458356662221,0.193875467926072
A3698,2021,0.0,1.61732952256292,818.225017669766,805.20224406024,1916223,,89.46,-7.64942706720348,10.54,0,54.3976656940392,0.0493476524363185,0.0259163930061241,0.0785479719534925,0.934942753172983,0.00230762403479187,0.120557248470624,0.0385189903303708,0.156838349082454,0.205450853684262
A3702,2021,7.06272202472785,-7.06272202472785,744.817731176435,801.419782678172,-33296270,,92.46,-5.92185592185593,7.54000000000001,0,7.86994581075448,0.00962446131746358,0.00443258772829879,0.0204186332854504,0.194951775087215,0.000841370818797455,0.0972109726590276,0.0106506187392322,0.0943239398317163,0.166598860473271
A3712,2021,0.0,2.09018706278373,996.290697195738,975.892713942268,9909993,,81.79,-15.5672550841334,18.21,0,31.879949979158,0.0308532798805172,0.012970168612192,0.0408363793577801,0.415438431002633,0.00235821247494399,0.681192313920082,0.605841732211632,0.711902322399248,0.863925202569432
A3714,2021,3.70395043411837,-3.70395091888923,797.261165695388,827.927182166996,-7640622,,96.47,-0.412924538040679,3.53,0,33.5639849937474,0.033367631927091,0.0132294575922387,0.0440981919741291,0.470233720417463,0.00225390758978882,0.084213054307027,0.0365404829722736,0.0790741309712402,0.10181800235721
A3715,2021,4.98970831176719,-4.98970831176719,754.54235551494,794.169075904849,-5723842,,88.83,-9.19963201471941,11.17,0,70.2209253855773,0.0756643843565046,0.0261111755831496,0.106301497040733,1.25832656376929,0.00417778809330393,0.495520844826347,0.384582469138201,0.537557288406353,0.674805130732079
A3716,2021,0.0,-2.1995479700049,789.61233777938,807.370846851718,-2364581,,89.92,-7.1745638484567,10.08,0,63.2180075031263,0.0592334494773519,0.0246727563800735,0.103493737640079,0.902909878519635,0.003955174686882,0.143051052870777,0.021525764154086,0.144339007658922,0.217779971213486
A3717,2021,3.61138392168229,-3.61138343541542,1209.96704390077,1255.30076789726,-7426752,,90.14,-7.10089662990828,9.86,0,62.2092538557732,0.0531914893617021,0.0276000595149531,0.125353370034221,0.747061449189109,0.00342210980508853,0.0539480591668468,0.00211705451633021,0.10509079037054,0.0492484412674348
A3718,2021,8.54766927589685,-8.54766801174719,936.987915760025,1024.56426795151,-6761595,,68.33,-29.462165789202,31.67,0,84.7102959566486,0.0884146341463415,0.0378690629011553,0.133985879332478,1.90853658536585,0.00689987163029525,0.113228485513818,0.0324133504492939,0.119985807209404,0.112342125967949
A3719,2021,0.0,0.440828081282243,846.003254409042,842.290202669785,762141,,91.53,-6.72577193518801,8.47,0,42.6010837849104,0.032015681149951,0.0160078405749755,0.0763802678863117,0.815681149950996,0.00196014374387455,0.185342480670805,0.082269221482039,0.250423558873615,0.275863752143907
A3720,2021,0.0,4.23013109740619,774.307290089181,742.882391048292,7470327,,88.68,-8.45462991638278,11.32,0,28.4201750729471,0.025250872600349,0.0131980802792321,0.0457024432809773,0.527814136125654,0.00114528795811518,-0.0268097544495828,-0.0352252017284571,0.141235323799303,0.116356845124736
A3722,2021,0.0,2.09992478552575,748.462217578291,733.068333939064,2033101,,86.62,-13.38,13.38,0,59.7498957899125,0.0618684630384684,0.0246410210955504,0.0950186137209715,0.945842935649707,0.00274773976245347,0.123637465678849,0.000734605821505839,0.0199830834568567,0.192445681428748
A3723,2021,0.0,1.80794812979472,790.024528553908,775.994942503612,4621514,,85.63,-12.8713878713879,14.37,0,25.8190912880367,0.0203839869281046,0.010702614379085,0.0356617647058824,0.376021241830065,0.00212418300653595,0.15851102518302,0.100365046143301,0.171508240775976,0.1544234704495
A3724,2021,7.11925197044259,-7.11925119485871,715.285168195719,770.111328125,-9179215,,86.37,-10.8392691235677,13.63,0,55.8065860775323,0.0510392222594703,0.0196949379818974,0.0813778075762655,0.896329198793161,0.00351994636272209,0.159770731211938,0.0947560745953497,0.266644888236826,0.377892198184534
A3730,2021,5.86934693644091,-5.86934693644091,719.597409404013,764.466606768494,-4794184,,82.3,-15.0407762981315,17.7,0,69.3705710712797,0.0673302107728337,0.0339578454332553,0.106440281030445,0.955854800936768,0.00444964871194379,0.0782521523764596,0.0011942242970362,0.181581444889766,0.267037783816955
A3731,2021,10.4689883830257,-10.4689883830257,826.785693422129,923.462919149433,-6619683,,94.64,-4.9130915301919,5.36,0,85.0687786577741,0.100816048962938,0.0379122747364842,0.165589935396124,1.50255015300918,0.00629037742264536,0.0364979736622035,-0.0511954401474615,0.0991732273167159,0.066429087325375
A3738,2021,0.0,0.117417658578716,1005.95385527081,1004.77407308019,211030,,90.98,-6.09000825763831,9.02,0,41.4672780325135,0.0433673469387755,0.0206980519480519,0.0622101113172542,0.553919294990724,0.00156539888682746,-0.186875882428443,-0.202777358300614,-0.0574519393685245,-0.0340584174010514
A3739,2021,0.0,2.68021768043102,1081.03671985388,1052.81888203467,9825564,,92.12,-4.90347888923299,7.88,0,25.3105460608587,0.0224304178349176,0.0117964849894003,0.0422963824112699,0.330233194282979,0.00153867195513916,0.0314792936859015,-0.0303155667494977,0.101549212381791,0.0890098743813834
A3747,2021,0.0,0.918426186447543,897.983301215535,889.811043581382,6615606,,77.74,-19.7481160317952,22.26,0,27.9866611087953,0.0241280817799158,0.010823812387252,0.0407396271797956,0.459185207456404,0.00187913409500902,1.84062896487456,1.47516740218311,1.73283053330472,1.64768328472929
A3759,2021,0.0,1.73063370272892,784.14630596918,770.80646942647,4106642,,97.42,-2.33583959899749,2.58,0,27.0446019174656,0.0279559076239574,0.00976570686114255,0.0424577727482292,0.405591181524792,0.00167651619933778,0.160486819069585,0.0892584513728299,0.147825280842471,0.317063726823545
A3760,2021,0.0,-1.90526966255251,799.270500220038,814.794533274656,-1269928,,88.79,-8.34107566842159,11.21,0,90.0875364735306,0.136974789915966,0.0577731092436975,0.166806722689076,1.90336134453782,0.00588235294117647,0.498807612932814,0.421802475502837,0.400606032568468,0.564128512477893
A3762,2021,0.0,-0.840652433978672,727.405238781026,733.572029905412,-1387380,,90.96,-7.30663405686335,9.04000000000001,0,32.6135889954148,0.027658200602669,0.0135062419285407,0.0493973310374516,0.568015497201894,0.00177572105036591,0.0147474459859838,-0.0444716087687522,0.0670495532606325,0.125274802296649
A3764,2021,10.1051313690797,-10.1051313690797,800.357572179886,890.326204786949,-10058853,,95.13,-2.43076923076924,4.87,0,42.1425593997499,0.0343344843312268,0.0155058961495863,0.0669098964101896,0.919538732164962,0.00182422307642192,-0.438781771028,-0.484041305622516,-0.265740283889188,-0.28427152140788
A3769,2021,1.82151561308255,-1.8215153454259,986.869565334366,1005.17905609005,-6805418,,96.74,-0.134200474863229,3.26000000000001,0,31.4047519799917,0.0256104540251812,0.0103967951163678,0.054177794734834,0.54177794734834,0.00195536054940862,0.447551465284605,0.477203357497138,0.416240200959363,0.701930034601165
A3770,2021,14.6731836333114,-14.6731836333114,892.201048171276,1045.62795866786,-20638988,,77.42,-20.0784556622277,22.58,0,55.0896206752814,0.0379823498875238,0.0209378785256965,0.0624675549403011,1.16490742342966,0.00423948780065755,0.051313931454671,-0.00545077002941687,0.0348373259883095,0.184875280678131
A3774,2021,2.34057959819596,-2.34057959819596,769.966348780848,788.4199451655,-11482492,,100.0,3.06090899721735,0.0,0,7.10295956648604,0.0114092146553337,0.00392776242232798,0.0182879943473472,0.169828965689229,0.000831272470333964,0.164570880950819,0.0552656211656615,0.173369934428192,0.247746540648677
A3783,2021,8.21142856017783,-8.21142856017783,804.342491373361,876.29917184265,-10426523,,82.78,-15.2365349170592,17.22,0,52.2634431012922,0.0434388319579215,0.0204044617756416,0.0920467942323388,1.03573047973157,0.00199510292917385,0.251847006901913,0.119926708822147,0.163823333590051,0.3279152214522
A3785,2021,0.0,0.855140072812703,922.852046888016,915.027281923123,526012,,75.21,-22.3598637349025,24.79,0,89.4205919132972,0.10150955021565,0.0500616142945163,0.14849044978435,1.78619839802834,0.00924214417744917,0.0301748193986802,-0.0953381829745792,-0.0378573629081946,-0.0600638421560129
A3791,2021,0.0,6.07280084701325,812.501118789075,765.984410990457,5654571,,95.12,-3.06735962498725,4.88,0,59.899958315965,0.0460691036554832,0.0224336504757136,0.111367050575864,1.03264897346019,0.00310465698547822,0.0167320697822333,0.0100127969732376,0.115335760864882,0.0533596847184876
A3797,2021,0.0,3.04379218760652,822.853379094249,798.547259980614,4312975,,97.58,0.732941055022188,2.42,0,47.511463109629,0.0344438965978728,0.0159188560963584,0.0934000140874833,0.891808128477847,0.00232443473973375,0.109633766868725,0.0748498862869929,0.111902765244682,0.133912978909372
A3799,2021,3.64121570930905,-3.6412150122122,1431.29442097416,1485.38031187873,-5223399,,88.67,-8.4649530298338,11.33,0,80.4751979991663,0.0755794792925409,0.0343842689223333,0.175546523124245,1.56475887070197,0.00472371745578381,-0.0569555824087297,-0.101543518548901,0.0150059959224168,-0.0336536127880153
A3822,2021,5.42447178663731,-5.42447178663731,961.102616346762,1016.2275955557,-19885344,,89.91,-7.18488696190772,10.09,0,21.7507294706128,0.0218200487742267,0.0105570530098832,0.033564369143884,0.329161853420614,0.00121935566679502,0.0217016919034704,-0.0554893734223248,0.063857055765731,0.109987349652691
A3825,2021,0.0,1.71472133902867,883.173358865024,868.284695900891,6787801,,88.15,-9.00175492928667,11.85,0,16.9487286369321,0.0183534610459715,0.00713048281402998,0.0263124858771247,0.243164528358734,0.00143111802957644,0.0134951919455673,-0.0878744004355996,-0.00972164632811597,0.119444527932499
A3832,2021,0.0,-0.348331762328773,812.067445609594,814.90602211776,-376804,,88.18,-8.97078558893362,11.82,0,74.9395581492289,0.0731882324802679,0.0306146854819421,0.104879215498685,1.2635733078211,0.00669696244917484,0.301620944850037,0.240511541396497,0.283412719779355,0.427028144952581
A3834,2021,3.7909493509167,-3.7909493509167,900.550339604868,936.034950484619,-68711265,,89.18,-10.82,10.82,0,0.942059191329721,0.00428926940793245,0.00200300788389298,0.00667669294630995,0.0805991488902527,0.000438368728798128,0.163249863431281,0.0919370411368497,0.180306839234662,0.260091088407437
A3835,2021,0.0,8.88985038408222,933.144712397285,856.962066809575,8529409,,92.14,-5.03967844996393,7.86,0,70.7878282617757,0.0725761150432536,0.0316818335018537,0.115155600494326,1.08549601168408,0.00404448938321537,0.00316319015341595,-0.104268161902136,0.146183543346816,0.0616618108814881
A3837,2021,7.31950034775754,-7.31949945571701,893.232100484886,963.77565425221,-8205344,,91.74,-6.06184722506656,8.26000000000001,0,64.6436015006253,0.0477396021699819,0.0255877034358047,0.0871609403254973,1.1119349005425,0.00587703435804702,0.00814806935432401,-0.053352635865439,-0.0348361251044678,0.0508096947450812
A3840,2021,4.20353657335151,-4.20353657335151,872.903524547327,911.206419656307,-9967639,,92.24,-4.7796015278208,7.76000000000001,0,29.4789495623176,0.024787191814052,0.0131433864067393,0.0546023905085344,0.454373042826269,0.00136726502888899,0.0142170597726995,-0.040311523176605,0.0857888492264983,0.0774408012448376
A3864,2021,3.70434494646585,-3.70434494646585,773.111040853244,802.851427121446,-14533413,,85.33,-11.9128729224734,14.67,0,12.5802417674031,0.0130431596687917,0.00537358638040107,0.0285532839940402,0.281087418480252,0.000903739527612906,0.0752157716441364,-0.0402256220654711,0.0692875238459885,0.132205826766601
A3873,2021,3.02728646535903,-3.02728646535903,1001.13449132699,1032.38782832386,-7848463,,89.59,-8.26336268687282,10.41,0,36.7986661108795,0.0308689869208601,0.0132454001330082,0.0524273996896475,0.629239636444247,0.00243848370649523,0.163955476203315,0.0912853881238687,0.240868627202108,0.346194102215035
A3886,2021,0.0,-1.71741706292223,836.549309422426,851.167403646686,-4284388,,86.33,-10.8805615773717,13.67,0,26.5777407253022,0.024979400667852,0.0102346155514116,0.0430200789279674,0.567110455787328,0.00112754239125721,0.0875167235501212,0.00794455736966453,0.105523646911142,0.170069496366008
A3891,2021,3.3619280106559,-3.36192945393494,830.076638897154,858.954068729545,-2329369,,89.88,-7.42609949531363,10.12,0,46.9612338474364,0.0304891265082003,0.0168340437829637,0.0671194277870096,0.878910483346579,0.00354020663246875,-0.411069228769764,-0.455969027360184,-0.464560787651287,-0.414816091330378
A3894,2021,6.69234332244206,-6.69234332244206,748.023264418852,801.674043753758,-4639934,,97.85,1.01166511819964,2.15000000000001,0,82.3426427678199,0.0982545892266025,0.0367138128197412,0.110743304243154,1.51399337947638,0.00737285585314475,0.0352643633861462,-0.0307822381250006,0.0875461263715983,0.0903374230606683
A3895,2021,7.8096858212887,-7.8096858212887,890.198076923077,965.60911507192,-4823290,,91.26,-5.79126664602044,8.73999999999999,0,90.4793664026678,0.117959617428268,0.0508324477506199,0.167375132837407,1.75646475380801,0.00797024442082891,-0.111970676705272,-0.0657346672041238,0.119048187640051,0.0446246581070017
A3896,2021,0.0,6.26393146728338,878.981386918219,827.168141420441,7975302,,84.3,-12.9761536079282,15.7,0,58.3076281784077,0.0537558685446009,0.0258215962441315,0.0889671361502347,0.782159624413146,0.00344287949921753,0.0807625796576743,0.0036776212832552,0.0238556487751217,0.142323779178239
A3899,2021,11.1217108880239,-11.1217117351025,802.681439150525,903.124322959699,-13129492,,90.59,-8.89983909895414,9.41,0,64.3351396415173,0.0634269485642158,0.0280845692647523,0.0899337330388135,1.10181971179131,0.00347112653834017,0.125260180309451,0.0549145275894712,0.184458908570291,0.224560192489744
A3908,2021,0.0,-0.869437786423822,701.051076070479,707.199737816546,-989664,,92.06,-4.9654175699391,7.94,0,61.5423092955398,0.059004125491701,0.0223544085196201,0.0845246090377051,0.804950590041255,0.00537273337810611,0.400747495964931,0.315086322252912,0.466757541668707,0.596800818341885
A3919,2021,4.36169892337647,-4.36169892337647,734.761609212593,768.271289787881,-10754999,,86.0,-11.2212243212553,14.0,0,23.2763651521467,0.0212622114051989,0.00916066659906027,0.0336003785958152,0.305851333536153,0.0019943886691681,-0.0442367962294946,-0.112278301237442,0.0329965610251212,0.00861473167639998
A3922,2021,3.71324696646942,-3.71324568010352,727.761851981488,755.827587212694,-2886617,,100.0,2.89124395513942,0.0,0,61.0254272613589,0.0591362126245847,0.0194905869324474,0.110077519379845,0.924695459579181,0.00365448504983389,0.0386403246010566,-0.0561931039660641,0.0550538849911018,-0.00582253044820737
A4502,2021,0.0,1.12016818510973,824.146548235244,815.016987240931,1714422,,88.19,-9.54871794871795,11.81,0,37.8324301792413,0.0423676440293895,0.012909428002472,0.0554830735425393,0.56362013321431,0.00212868227700336,0.15306306333203,0.0359981477471006,0.126592344446384,0.187762815139805
A4510,2021,6.9875195460766,-6.9875195460766,780.547236689815,839.185486593364,-4863691,,72.01,-25.6632600392278,27.99,0,85.9441433930805,0.10722964763062,0.0481470230862697,0.142466585662211,1.5996354799514,0.00592345078979344,0.140263576035143,0.105622005223576,0.149940763122627,0.235544592342792
A4513,2021,6.36640784756671,-6.36640784756671,772.254771017209,824.762516597672,-8067080,,74.62,-22.9689274285124,25.38,0,57.4239266360984,0.0578796104103465,0.0257863643621268,0.0791154398850391,0.724892224173719,0.00351269359731758,0.104370569424241,0.0447557687604718,0.16155133242755,0.173713762280598
A4516,2021,2.7684046910105,-2.7684046910105,878.675537634409,903.693428912784,-4187995,,71.59,-26.2186952488921,28.41,0,52.6469362234264,0.0401947046242348,0.0200604764363154,0.0751530348845785,0.838631167490228,0.00383509108341323,0.229640634886131,0.161176955546055,0.133065838885102,0.154608850924967
A4527,2021,3.24707905054408,-3.24707905054408,749.257824566458,774.40331228643,-25137240,,95.8,-1.58208341894391,4.2,0,2.55106294289287,0.00695966425740266,0.00269293541618093,0.0101888552110049,0.10729773840056,0.00053625553742131,0.0465375282079167,-0.041291975297571,0.0773225738456088,0.14238596528664
A4529,2021,0.0,3.47418673268402,978.40781751915,945.557388188782,2127131,,80.89,-17.0358974358974,19.11,0,97.865777407253,0.200756732695304,0.0738927220120187,0.251279768528823,2.52259069663922,0.0244825283774761,0.29579345648787,0.145761862002451,0.276434677331697,0.353199232516494
A4542,2021,4.13891047753443,-4.13891047753443,763.993307248764,796.979578528281,-1922176,,80.47,-16.9299060596676,19.53,0,27.1696540225094,0.0318410836706038,0.0108614850912695,0.0294044767489882,0.468530602130999,0.00161063847361031,-0.739257500329761,-0.793971204674982,-0.778138995226901,-0.808594987810876
A4546,2021,4.68701236347892,-4.68701331583587,806.117968296926,845.758795669824,-4921488,,98.99,0.876388464282074,1.01000000000001,0,65.5356398499375,0.0786755771567436,0.0257189145402997,0.0855609558525719,0.889023896314297,0.00486026731470231,0.0557425697323857,-0.0792806580140454,0.123057537395326,0.114878651449255
A4548,2021,8.75944733159496,-8.75944779584585,684.287526809838,749.98179020083,-18867918,,96.96,-1.19229593396515,3.04000000000001,0,7.46977907461442,0.0104402332966645,0.0043795014425372,0.0179538803213018,0.230079495215758,0.000664189792233131,-0.544020905616116,-0.525705938797803,-0.487603736996934,-0.432353802364548
A4551,2021,0.0,-1.06475264243063,833.746379681534,842.719255219758,-1767154,,85.45,-11.7889955610612,14.55,0,49.1204668611922,0.0402570154733805,0.0189483346446368,0.0699580382900603,0.665814319433517,0.0038027799632835,0.13522016829746,0.12267172630967,0.14566414453165,0.214974946472455
A4553,2021,5.07352397065248,-5.07352397065248,1103.8092648162,1162.80442610653,-4718433,,87.13,-11.3451363451363,12.87,0,89.1788245102126,0.0816436874831035,0.0446066504460665,0.169910786699108,2.1941065152744,0.0097323600973236,0.0504926198356854,-0.0122813115513844,-0.0259944102634964,0.0174801377803719
A4556,2021,7.21230482183995,-7.21230514800209,723.125442288921,779.333340959004,-22112637,,100.0,1.90563538163661,0.0,0,16.3984993747395,0.0167579226812676,0.00685802776395111,0.0246391239422598,0.30407610198551,0.00129970687461977,0.0117711550325562,-0.0823119093331708,-0.0236208690016701,-0.00643414597411273
A4557,2021,3.81838978986543,-3.81838922873386,799.455803063376,831.194026230854,-6804802,,82.47,-14.8652833694642,17.53,0,51.1963318049187,0.0531662974562677,0.0185623710946452,0.0666106485371629,0.65953708654801,0.00374302956229471,0.547104619952988,0.487237149542715,0.536769578162923,0.82816045685636
A4558,2021,8.65572990142849,-8.65572990142849,790.462512085379,865.366279934553,-16114497,,100.0,0.623867981485213,0.0,0,35.7148812005002,0.0299286877421528,0.0125779100454826,0.0520523330900107,0.676174967712954,0.00218990398113313,0.0378365838323331,-0.108708413852125,0.0904438986379277,0.0914552370031709
A4559,2021,0.0,-1.45145131281373,920.230750229707,933.784172865612,-8614447,,86.0,-11.2212243212553,14.0,0,13.9558149228845,0.0138502389803505,0.00637280934678704,0.0228783855549655,0.235687732342007,0.00142326075411577,0.188965571852909,0.152021228197688,0.21920465194128,0.392846631384255
A4563,2021,2.24324580435215,-2.24324529877124,915.040192515191,936.037816836088,-4436966,,91.17,-6.49230769230769,8.83,0,48.7786577740725,0.0332673036588208,0.0192845490561641,0.0692728967606619,0.614600326264274,0.0046026567233745,0.128716666913633,0.128178153920243,0.152187495495327,0.252388541127818
A4565,2021,0.0,-0.931940153962105,978.289313466314,987.492149323079,-919032,,86.27,-10.9425002580778,13.73,0,82.7094622759483,0.0779028069741561,0.0379621614937554,0.117472486707061,1.53604550513169,0.0106343514282181,0.0306950073750822,-0.0426633092392953,0.123481340631565,0.0545911913442927
A4566,2021,3.45240354428977,-3.45240293121219,766.103463708893,793.498219497957,-5631266,,89.74,-7.95897435897436,10.26,0,43.1012922050854,0.0417727967396842,0.0156011207335711,0.0603667855323484,0.573038716250637,0.00299286805909322,0.0632511265242045,-0.00651599194768653,0.154162634846961,0.223766906709028
A4568,2021,0.0,2.16973361276432,860.307053674862,842.037091860814,1703272,,96.39,-3.61,3.61,0,75.9733222175906,0.0863756613756614,0.0317460317460317,0.0903439153439153,1.13703703703704,0.0104497354497355,0.0485195519179893,-0.0289963754530684,0.133535318970966,0.103587858973079
A4573,2021,0.0,-0.433184803233848,858.067421298866,861.800610578067,-564951,,100.0,1.43016533116949,0.0,0,43.0762817840767,0.0341182123978856,0.0149653326010846,0.059655385460287,0.549323814100364,0.00391295393698085,-0.142898851494551,-0.232813782795616,-0.0382448119367363,-0.019147241147746
A4575,2021,1.74078328150627,-1.74078391067655,834.255838675214,849.035715811966,-2766793,,88.37,-10.0834350834351,11.63,0,51.37140475198,0.0387443824050116,0.0185891325071497,0.0682963366471469,0.689772572518044,0.00524308865586273,0.100933270524919,0.0431311766601971,0.131488131575341,0.132224071939949
A4577,2021,18.933013063677,-18.933013063677,852.347031819235,1051.41077031609,-37811759,,81.84,-15.5156395168783,18.16,0,49.6040016673614,0.0321790372773621,0.0184731510295968,0.05866384162087,1.09229954313713,0.00370787260809111,0.2423462952765,0.208312015072261,0.212823335319694,0.30971784064422
A4582,2021,0.0,3.29089920863845,911.991717775331,882.93520993867,4434488,,93.77,-3.82564102564103,6.23,0,63.7098791162985,0.0542946150422786,0.0286604361370717,0.0951490876724522,1.03115264797508,0.00373831775700935,0.133857001818882,0.118108671138887,0.18273803904645,0.280535552400261
A4585,2021,6.65677358640764,-6.65677458848209,905.353296788741,969.91859108934,-6642994,,93.06,-5.76202531645569,6.94,0,77.4989578991246,0.0802074538656374,0.0413701604149077,0.101797129417441,1.34627909781691,0.00578941020383548,0.127374933514714,0.0716246386628968,0.0960969504018787,0.132047454766713
A4588,2021,2.70424268926053,-2.70424268926053,697.588429269254,716.977233695117,-5509290,,86.91,-10.2818209972128,13.09,0,26.1609003751563,0.0257546617610168,0.01036875992976,0.0465758006522285,0.348900409733255,0.00154695208629484,0.0389176079030953,0.0272881438359303,0.156926593204559,0.172017410886416
A4592,2021,0.0,2.1691511193554,1156.69731898118,1132.1395022945,3189471,,90.42,-6.66804293971923,9.58,0,24.668611921634,0.0188489814424977,0.00919778475888202,0.0351070376008032,0.472779091232957,0.00178126113288208,-0.703915056382943,-0.711456161027884,-0.633013834582637,-0.558695159171321
A4597,2021,5.3383080990267,-5.3383080990267,922.374267509999,974.390219514464,-6710682,,87.72,-9.4456488076804,12.28,0,66.3776573572322,0.0558497352382855,0.0227794984513937,0.085722849435508,1.26935757817964,0.00569487461284844,0.12653002541615,0.0421378206422729,0.141042083863653,0.220670667922049
A4600,2021,4.19203843080751,-4.19203843080751,612.42879906601,639.225372333712,-1698474,,75.4,-22.1637245793331,24.6,0,79.9499791579825,0.0990601503759398,0.0280075187969925,0.139661654135338,1.84642857142857,0.00451127819548872,0.0464714285714285,-0.039378478664193,0.0501599778492209,0.184097684017427
A4601,2021,14.1861136551999,-14.1861136551999,844.7324964993,984.377392145096,-8377018,,61.73,-36.2754206668731,38.27,0,90.4460191746561,0.107628233231039,0.0523893029373082,0.135686102586585,1.86650591845682,0.0124945199473915,0.203654447252716,0.174413118312124,0.260389448381147,0.301909456488172
A4604,2021,3.98934733182882,-3.98934723166694,824.444178389704,858.70073228127,-39828999,,90.31,-6.77196242386704,9.69,0,2.02584410170905,0.00621690509109036,0.00246418930993294,0.00903849590399067,0.092896174863388,0.000517291649031724,-0.0377800042002339,-0.0852381683904496,0.00106967927247226,0.0450248563744057
A4613,2021,5.16408979009823,-5.16408979009823,766.83139822746,808.587587265435,-10120197,,87.55,-9.62114173634769,12.45,0,29.9124635264694,0.034521484375,0.0109375,0.0478515625,0.444482421875,0.00146484375,0.119149951720506,-0.018201388888889,0.0570130077251118,0.197593566062577
A4614,2021,3.41983009969773,-3.41983009969773,762.884242577491,789.897391322671,-5127852,,99.67,1.56934678487721,0.329999999999998,0,31.8716131721551,0.0279855247285887,0.0106755126658625,0.0452955367913148,0.579433051869723,0.00211097708082027,-0.01621552070768,-0.00661214787483148,0.0572146998301203,0.0840092231494849
A4617,2021,5.05524735982133,-5.05524735982133,877.154038697079,923.857311020984,-32335104,,100.0,2.23903486351089,0.0,0,6.80283451438099,0.0117318610997836,0.00395244518334954,0.0175193701182597,0.123890335330468,0.000878321151855453,-0.00895833380217854,-0.0804827528284875,0.015626141975945,0.090396524641974
A4618,2021,4.33435699122928,-4.33435699122928,695.300712634539,726.802946979401,-8558149,,87.37,-11.2454286875254,12.63,0,27.511463109629,0.0269234751993373,0.0126333229781506,0.0423526975251113,0.517396707051879,0.00108729419074247,0.25158224853757,0.211888978399791,0.249689965960471,0.306297982658032
A4620,2021,2.99858645764014,-2.99858699220823,907.432914266283,935.484222475596,-5609364,,81.86,-15.5037159372419,18.14,0,42.0008336807003,0.0379438533521343,0.0204460966542751,0.0612101012690681,0.612741956159467,0.00198692475323676,0.0753339664285147,0.0356041174675993,0.131884708728672,0.253077552269963
A4626,2021,0.0,-1.28578221817041,772.589500720798,782.652710097257,-3964985,,97.78,-0.356669723835722,2.22,0,19.5414756148395,0.0233383121732636,0.00793502613890963,0.0334826985312422,0.252271595718198,0.00127582773213841,0.0540442116876726,0.0421545929798356,0.190611696681228,0.110475680378593
A4627,2021,3.80774590384336,-3.80774590384336,921.563784629133,958.043652566776,-2939110,,85.99,-12.3713441353307,14.01,0,89.4956231763235,0.094582593250444,0.0510657193605684,0.173919478981646,1.73475429248076,0.00843694493783304,0.156698599423463,0.10956388280536,0.0630832712409462,0.201332697410258
A4629,2021,6.60197904985696,-6.60197904985696,942.050433363016,1008.64067972692,-22434254,,81.7,-15.6601631051925,18.3,0,34.51438099208,0.0288840614691447,0.0122294633518384,0.0438892911738676,0.45120283208625,0.00313782283369539,0.259192586562482,0.179870046745238,0.228067814912406,0.392307174809415
A4630,2021,0.0,-0.0864910774861563,873.618795369825,874.375051773374,-138767,,85.65,-11.5825332920409,14.35,0,55.6815339724885,0.0472749793559042,0.0193366363886595,0.0664051747866777,0.720685383980182,0.00667492430498211,0.127740576179612,0.0338339406258482,0.147916688170933,0.167128192716194
A4638,2021,2.26921381521583,-2.26921381521583,766.286562906537,784.078991708594,-4540699,,91.0,-6.05966759574688,9.0,0,78.2159233013756,0.0881922420102464,0.031837033422786,0.119053427665284,1.19663332520127,0.00719687728714321,2.06969625340738,1.56469011288784,1.84375918281991,1.81011015111831
A4641,2021,4.4752767846219,-4.4752767846219,904.661623951906,947.044485972684,-64296497,,82.12,-15.2265923402498,17.88,0,1.8174239266361,0.0050808423751751,0.00230299864669152,0.0102883101054947,0.0831532879064872,0.000490673251185134,0.0813469580296902,0.0398038889812199,0.123102420634413,0.235183441155409
A4649,2021,6.20202295540877,-6.20202170799221,683.704209856338,728.911456628478,-4971893,,97.29,-2.10303884081303,2.70999999999999,0,69.545644018341,0.0714692158871059,0.0273130761351997,0.107317628314556,1.01911915329464,0.00500739729145328,0.0990190664518892,0.0386902190004377,0.178726279649845,0.262600851736716
A4650,2021,0.0,-2.46827984373484,971.403144282526,995.986887882368,-1498035,,87.02,-10.748717948718,12.98,0,96.6736140058358,0.131023761936487,0.0630690650677326,0.214301576726627,3.07328447701532,0.0162114146124806,0.333344014255471,0.168849315379366,0.25683648017104,0.367114832434435
A4652,2021,0.0,1.35909886750614,730.76190341445,720.963299377476,1038848,,73.97,-23.6399298028285,26.03,0,60.2667778240934,0.070569451836083,0.0238424693986163,0.0650345928685471,0.784779137839276,0.00500266098988824,0.023778500774702,-0.0381359948092472,0.0157520777629659,0.204571547156423
A4654,2021,5.50891520205002,-5.50891520205002,750.89887927091,794.676959076674,-4976517,,63.87,-34.0662743883555,36.13,0,61.325552313464,0.0650205761316872,0.021490626428898,0.0807498856881573,0.912665752171925,0.00438957475994513,-0.172123766538342,-0.237525452580708,-0.0449925250939306,0.0758701366018484
A4657,2021,0.0,-3.10598612214602,785.73996293319,810.927250803859,-2255975,,84.01,-13.97706328077,15.99,0,79.3830762817841,0.0791974656810982,0.037090813093981,0.131071805702218,1.16723864836325,0.007259767687434,0.0370699716556438,-0.0387297606476594,0.0931329073253848,0.106696784797909
A4664,2021,5.27241071722595,-5.27241216983636,671.485347419581,708.859333168582,-3629612,,100.0,0.0,0.0,0,61.2088370154231,0.0521642619311876,0.0186212849919842,0.10482180293501,1.25268220495745,0.0034529535084474,0.0501626164405497,-0.102963931903998,0.0150137249419984,0.077919760041982
A4665,2021,0.0,0.258702139826196,870.160907409641,867.915591203313,223391,,82.0,-18.0,18.0,0,83.7098791162985,0.0884812516859995,0.0476126247639601,0.14283787429188,1.3964121931481,0.00633935797140545,0.146246965200971,0.087482842749292,0.181393213611314,0.27752838808412
A4671,2021,0.0,-0.885447731529439,829.699076821629,837.111259479064,-449623,,91.34,-5.77676913554776,8.66,0,67.102959566486,0.0557245274820769,0.0304149467738431,0.0953725830979796,1.18542255051054,0.00412774277645014,-0.475442297165924,-0.5040401421233,-0.417600253393842,-0.41420606614789
A4678,2021,0.0,2.4059434185554,924.347945033832,902.631150279843,3119661,,86.13,-13.87,13.87,0,55.3147144643602,0.044642183847372,0.0234522283387377,0.0933564587889299,0.907548450343111,0.00271472739612397,-0.0121782202645283,-0.0641779151899053,-0.0355736796220696,0.0271784633844487
A4681,2021,0.0,-1.3263415046974,870.345452513253,882.044373123842,-732680,,61.73,-37.4315832150821,38.27,0,92.5302209253856,0.113488182559087,0.0517522412387938,0.192950285248574,2.64119804400978,0.00713121434392828,0.109166338531603,0.0230869205502457,0.0895046310217389,0.0828038050669964
A4690,2021,0.0,1.0232925353373,797.830900757976,789.749453551913,916921,,98.43,-0.485289657264169,1.56999999999999,0,66.7278032513547,0.0550942549371634,0.026032315978456,0.0839317773788151,1.18076750448833,0.00594703770197487,0.132426479197565,0.0385466142459984,0.274738154251788,0.177410912636048
A4692,2021,0.0,1.86969933093098,839.944101388645,824.527908598245,7384788,,95.12,-2.44102564102564,4.88,0,13.3639016256774,0.0140862721507883,0.00636639346316766,0.0226332806977968,0.18966338321177,0.00145374338922726,0.0549904277435597,-0.0111281686529584,0.0757562651933304,0.152420831856316
A4701,2021,8.76008077534261,-8.76008220863755,713.968842530283,782.518068640646,-6111849,,87.55,-9.62114173634769,12.45,0,78.3201333889121,0.0890077056140903,0.0305079415002359,0.145620380562982,1.87576662997327,0.0036169208995125,0.291654790454474,0.105726855350013,0.263205479987435,0.362669304260646
A4707,2021,5.5675714000172,-5.5675714000172,774.362881712331,820.017967548567,-5818832,,90.58,-8.27341772151899,9.42,0,53.4305960817007,0.0432942421303236,0.0231020192222908,0.0757428798165947,0.902918613878847,0.00299797196014461,-0.040024748087334,-0.104501656350545,0.0784861221330668,0.0641073102275817
A4709,2021,7.14316687713137,-7.14316687713137,918.870704870112,989.556367547295,-15379221,,93.55,-4.05128205128205,6.45,0,38.7744893705711,0.032161106101593,0.0132852419597235,0.0539825668770664,0.725037571385633,0.00252479711451758,0.0563641571159116,0.00784402498638628,0.191809266255023,0.163802520865745
A4710,2021,7.74631377238098,-7.74631377238098,932.108456506966,1010.37529731566,-3685429,,77.57,-19.9236089604625,22.43,0,96.8320133388912,0.182302771855011,0.095682302771855,0.273720682302772,2.90565031982942,0.0087953091684435,0.284301753606933,0.0914458025487182,0.125100834321162,0.430199676905561
A4711,2021,0.0,-1.4026851000053,889.768630158,902.426836938181,-1650377,,91.21,-6.2107969151671,8.79000000000001,0,63.0095873280534,0.0554568778369844,0.0242747187685021,0.0905861456483126,0.964772054470101,0.00463785277284389,0.0740445235273362,-0.117910302943896,0.0987681731465035,0.276547953915586
A4723,2021,9.17112066670643,-9.17112066670643,975.122294265162,1073.58177423612,-11935652,,83.21,-15.2043207989402,16.79,0,68.9037098791163,0.0568758886857607,0.0285395084298192,0.102478163721308,1.34034125533211,0.0041641275644932,-0.0228567559463355,-0.054734051940873,0.166749449492893,0.169756395381531
A4733,2021,9.86922135599569,-9.86922135599569,953.807456532305,1058.24832635655,-26646208,,99.34,1.88717948717949,0.659999999999997,0,23.9433097123802,0.0203587637778258,0.00803976658742165,0.037821482602118,0.440976874864923,0.00164253295872055,-0.00494786970033458,-0.0556161468775038,0.0134698234248334,0.0750301358337312
A4737,2021,5.77311629139441,-5.77311629139441,685.357413816052,727.348063356848,-7571418,,98.99,-1.01000000000001,1.01000000000001,0,33.7223843268028,0.0274820844639254,0.0144020037570445,0.0509983997773603,0.752522090029917,0.0013219230501635,0.089566757664758,0.00653259745744198,0.0976989539646187,0.233980603952683
A4742,2021,4.56288102681689,-4.56288102681689,723.938329979879,758.550067069081,-5160610,,100.0,0.0,0.0,0,53.6473530637766,0.0452964701790993,0.0186924013215093,0.0762476091114589,1.21039819161885,0.00269518344635716,0.0559261575521739,0.014205617553507,0.139937658672341,0.181267510236754
A4744,2021,10.6893143176973,-10.6893143176973,716.036693124899,801.736866820165,-16972748,,91.71,-6.85557586837294,8.29000000000001,0,43.5181325552313,0.0559069429298437,0.0168665939658306,0.0544529262086514,0.655398037077426,0.00203562340966921,0.153360232642675,0.104628042905033,0.266442946250538,0.289370292894667
A4749,2021,0.0,3.23865381180818,1077.80952897764,1043.99804645105,1869234,,82.12,-15.2265923402498,17.88,0,95.5231346394331,0.146521570151574,0.0656820831713953,0.167120093276331,2.54488923435678,0.0157403808783521,0.00300872762006189,-0.177724572905929,-0.119532539600353,-0.0888493849419436
A4752,2021,0.0,3.08302936917588,753.033241874209,730.511362037428,1280504,,94.88,-5.12,5.12,0,77.3155481450604,0.067377461868799,0.0339108544350659,0.150007404116689,1.68947134606841,0.00399822301199467,-0.310508824331814,-0.292204280557964,-0.196878174207671,-0.190506741793996
A4754,2021,4.90668354281392,-4.90668354281392,782.781095637684,823.171516991014,-2714721,,86.54,-13.46,13.46,0,73.2555231346394,0.0650310692093422,0.0335333190486394,0.112813370473538,1.17838011570602,0.00535676023141204,-0.32548329881199,-0.324388057584787,-0.28368710353056,-0.239629737638647
A4756,2021,3.61489668698818,-3.61489668698818,804.496173212487,834.668580060423,-2396896,,100.0,0.0,0.0,0,49.8707794914548,0.0370894927856953,0.0171727007170045,0.08037532088165,0.960697530317783,0.00292112950340798,-0.353861994101834,-0.471240563969442,-0.438327505899168,-0.310771212128856
A4757,2021,6.53084554832783,-6.53084396566806,715.233674853461,765.208230392869,-4126499,,94.53,-2.41560854753794,5.47,0,59.7415589829095,0.069211525989067,0.0271472250532753,0.0761604743815436,0.868711201704809,0.00315018993792273,-0.322554039358791,-0.308147942253381,-0.342180942122726,-0.305880497722647
A4764,2021,0.0,-2.55306733657867,770.847830018083,791.043708559373,-2680397,,91.52,-8.48,8.48,0,93.6473530637766,0.107500472321935,0.0534668430001889,0.220479879085585,2.66332892499528,0.0085017948233516,1.5296919657034,1.57105775470474,1.04444877224096,1.28538656296773
A4765,2021,0.0,-0.973077799217264,884.614210650608,893.306780611642,-588939,,95.05,-3.13869356975441,4.95,0,94.7144643601501,0.126046400382684,0.062903611576178,0.244199952164554,2.27433628318584,0.00908873475245157,0.476468831038655,0.286789097677901,0.299160527606967,0.508482417856752
A4768,2021,10.3283154839715,-10.3283154839715,734.960435252771,819.612611516626,-6262568,,100.0,0.0,0.0,0,77.5156315131305,0.0896934116112198,0.0290280495759948,0.144161774298761,1.3016960208741,0.00489236790606654,0.0821132731568889,-0.0727568619895968,0.0616425411679913,0.0999472011780434
A4771,2021,3.83038311287613,-3.83038333433392,879.868004733076,914.912667055687,-17296223,,82.43,-17.57,17.57,0,13.8224260108378,0.01426735218509,0.00696658097686375,0.0258354755784062,0.270822622107969,0.000951156812339332,0.0988800150197858,0.0651617434848673,0.203659349976082,0.215774914261175
A4775,2021,7.75230941504606,-7.75231062733583,850.475701895565,921.947972550072,-6394767,,94.34,-5.66,5.66,0,44.9020425177157,0.0352486118909477,0.0147857009170878,0.059766672905359,1.0157838916963,0.00268263771913407,-0.459231172306778,-0.434655456216377,-0.341074935054149,-0.321734683131877
A4776,2021,0.0,-2.72147073463426,731.127797672337,751.581878543718,-1644999,,76.1,-23.9,23.9,0,93.3222175906628,0.139820293666448,0.0611439842209073,0.185185185185185,2.20425158886697,0.00745123822046899,0.501723731013672,0.458316662806124,0.530711237031029,0.481039512065765
A4777,2021,4.33728094342191,-4.33728094342191,1080.47850012568,1129.46664153111,-5457083,,95.05,-4.95,4.95,0,12.688620258441,0.013412017167382,0.00572246065808298,0.0229664827304312,0.322654812998161,0.000919681177191907,-0.722089831774985,-0.794102316709363,-0.801852035653485,-0.744978637336611
A4778,2021,6.13213468319595,-6.13213468319595,858.808011379122,914.911624420823,-6587013,,98.41,-1.59,1.59,0,70.1959149645686,0.055486670799752,0.0263484190948543,0.100537301095268,1.26524075222153,0.00640628228972928,0.271385449894084,0.125733329362684,0.100659333131989,0.24042491036078
A4779,2021,0.0,-1.70465149767937,801.477649509591,815.37698550473,-3843222,,91.97,-5.05832559099825,8.03,0,39.4164235097957,0.0350903614457831,0.0130522088353414,0.0536646586345381,0.465512048192771,0.0036144578313253,0.255515696325675,0.222556894243641,0.268637328735403,0.413189787722318
A4794,2021,4.23304220278943,-4.23304220278943,923.795834727334,964.628986840638,-2929207,,86.01,-13.99,13.99,0,95.3063776573572,0.139772938767914,0.0593709287176624,0.194863204913456,2.44314163409641,0.0109808300763075,0.223371344003789,0.228094850775729,0.229799653808381,0.281509613831288
A4795,2021,4.75244948748515,-4.75245012784055,2034.99285831555,2136.53040004378,-7421582,,79.57,-20.43,20.43,0,98.7244685285536,0.209111488398415,0.0956423316355405,0.224533106960951,3.44835880022637,0.0376344086021505,-0.09794753836066,-0.147060846278072,-0.000335374224033358,0.00635110706339304
A4796,2021,0.0,-1.6565334910453,826.870156878702,840.798261675483,-1232303,,98.47,-0.283544303797469,1.53,0,82.1092121717382,0.0804717826216781,0.0347865034338609,0.149746192893401,1.88399522245446,0.0053747387279785,0.0826979074263372,-0.0135350391620919,0.180579362158487,0.144122984666369
A4799,2021,3.35987380192567,-3.3598731265785,726.410001421378,751.664991471735,-4975031,,92.96,-4.03633735934759,7.04000000000001,0,44.6852855356398,0.0393351433679889,0.0144361300576121,0.0658234554003046,0.63843454075889,0.00344348056420105,0.0655539827209658,-0.0405525869402434,0.21022418257482,0.215475639877841
A4803,2021,3.68002925126449,-3.68002904719198,814.588631735183,845.711043802423,-18032948,,88.84,-8.28946010116651,11.16,0,10.5377240516882,0.0122331547043837,0.00575419485197224,0.0245102345603092,0.236646753931301,0.000812615303522797,0.0662055503631198,0.0406041139605977,0.154540619740615,0.201499163192418
A4806,2021,0.0,-0.347621568176203,962.134990973248,965.491246785929,-490792,,85.8,-14.2,14.2,0,63.9099624843685,0.0615656789031402,0.0288367978770456,0.108889871738169,0.867049977885891,0.00344980097302079,0.0626619874131253,0.0812468274759296,0.197130187006285,0.185819461127191
A4807,2021,0.0,2.68345646462382,2040.0703607877,1986.75661204542,2967230,,82.23,-17.77,17.77,0,99.5248020008337,0.264408493427705,0.121334681496461,0.259605662285136,5.07507583417594,0.0621840242669363,0.215388099621105,0.107776088150761,0.245143975820355,0.471945063176605
A4809,2021,6.1642287398519,-6.1642287398519,915.204517223257,975.325832497253,-5033597,,86.64,-13.36,13.36,0,89.1538140892038,0.108962264150943,0.0484276729559748,0.158805031446541,1.82044025157233,0.00723270440251572,0.131294221698113,0.145355505809615,0.200492593120995,0.297403635131751
A4814,2021,3.71659820585094,-3.71659820585094,780.391225015738,810.514803666981,-6124967,,95.47,-2.71068990115153,4.53,0,42.4426844518549,0.0299793449395102,0.0154617881380938,0.0596046031277663,0.634582472705813,0.00354086751254057,0.118876697478107,0.105419992455113,0.149493844080318,0.150273798857485
A4818,2021,2.33568773411519,-2.33568773411519,811.614989042963,831.025141336574,-12648354,,89.61,-10.39,10.39,0,9.45393914130888,0.00995613864844933,0.00508481155144975,0.0194853083879983,0.206206575321197,0.00112564530528277,0.185632011023561,0.0957163558665713,0.19199868636012,0.221836837636803
A4824,2021,4.65134864046328,-4.65134864046328,911.467584295765,955.931280935313,-37513843,,90.59,-9.41,9.41,0,4.41850771154648,0.00838830045099969,0.00311439526376871,0.0130011311718647,0.147948465572711,0.000705146097457067,0.136348031038317,0.0328627462502388,0.120780165659536,0.144034456109464
A4825,2021,0.335643182540227,-0.335643182540227,795.045901720879,797.723405948473,-538339,,77.81,-22.19,22.19,0,41.725719049604,0.0381944444444444,0.0155651340996169,0.0652538314176245,0.522689176245211,0.00281369731800766,0.0490949453551913,-0.0719081073342333,0.10089970433545,0.107728414794629
A4830,2021,5.13827489438812,-5.13827540226697,1002.06131032855,1056.33891285221,-10117128,,86.88,-13.12,13.12,0,45.8607753230513,0.032967032967033,0.0168926817862988,0.0752864157119476,0.763677811550152,0.00292260930558803,-0.0227539635936583,-0.0172508382525117,0.0321245494482303,0.0788043314148364
A4832,2021,3.2479391537436,-3.24793776287284,908.170439709645,938.657449475168,-2335183,,80.88,-16.5066584081759,19.12,0,93.1388078365986,0.146751935375295,0.0545270952541232,0.190171659373948,1.62218108381016,0.0117805452709525,0.102020710000594,0.119120414813725,0.214020618825218,0.168301926644765
A4839,2021,0.0,-3.94160905724507,1008.29576097311,1049.66963435187,-2258517,,84.54,-15.46,15.46,0,96.8570237598999,0.15321906354515,0.076505016722408,0.207775919732441,2.67642140468227,0.0127508361204013,-0.0606556333330328,0.0741398798464017,-0.0191701466285615,0.178519524766679
A4842,2021,6.16526767811444,-6.16526767811444,715.820639228102,762.85254032866,-6239252,,100.0,0.0,0.0,0,49.5039599833264,0.0396244293220777,0.0189508140236024,0.0739943147557929,0.800327332242226,0.00318718235851495,0.0404942188968385,-0.0730033228720164,0.015683464348273,0.00988536990776634
A4856,2021,8.56557366210731,-8.56557366210731,711.03635288902,777.646212009261,-5408987,,91.15,-8.84999999999999,8.84999999999999,0,51.3880783659858,0.0402624923097956,0.0169526283409666,0.0715018114703671,0.888167338847495,0.00403308496821382,-0.376530239221083,-0.485567551644301,-0.361225594432884,-0.388302454842005
A4862,2021,7.06431930647483,-7.06431930647483,977.318739770867,1051.60766293172,-7080923,,91.08,-7.76708860759494,8.92,0,76.7403084618591,0.0610422357638159,0.0335154444210969,0.105904601807102,1.46154654339147,0.00808993486026476,-0.0987760619479741,-0.132856107372077,-0.0966411801292946,-0.0622070767516011
A4868,2021,4.5907700049572,-4.59077017244781,765.953049616781,802.808125588275,-27409120,,97.02,-2.98,2.98,0,5.72738641100459,0.01003300330033,0.0035973597359736,0.0158910891089109,0.166683168316832,0.00070957095709571,0.0432808381509293,-0.0512920440980269,0.107320115385962,0.160012070111605
A4873,2021,0.0,-1.28898744401539,940.076963266618,952.352669600514,-2443553,,91.16,-7.30119991864959,8.84,0,42.3092955398083,0.0308775431010588,0.0129164587837463,0.0542158656244803,0.772936415544099,0.00371417484339487,0.0142508613076508,-0.0561311968952244,0.0208988980846812,0.0337158379067575
A4876,2021,0.0,1.08481344948703,927.516379279946,917.56253746606,1129124,,86.33,-13.67,13.67,0,73.9641517298874,0.0701111111111111,0.032,0.119555555555556,1.14233333333333,0.00544444444444444,0.0900663377192982,0.0999854545454545,0.144512665606783,0.189640701754386
A4884,2021,3.67040070354727,-3.67040070354727,787.260106382979,817.25670212766,-2537712,,93.19,-4.11564975820558,6.81,0,77.7240516882034,0.0659828112004436,0.032436928195176,0.131549764347103,1.60438037149986,0.00540615469919601,0.0406684987989424,0.0208943918571032,0.0503186571709558,0.146385461862887
A4885,2021,6.37702931394447,-6.37702931394447,861.831090385578,920.533800701052,-5627007,,85.73,-14.27,14.27,0,58.0575239683201,0.0487053534260261,0.0238115061193906,0.0839230705186912,0.935559070851719,0.00349679460494547,-0.312617732920324,-0.337260240830342,-0.331013708892352,-0.300232267950621
A4888,2021,8.75165822482579,-8.75165822482579,914.564282202557,1002.28044083907,-8563904,,80.25,-19.75,19.75,0,74.2309295539808,0.0725673446948873,0.0319956019791094,0.112919186366135,1.33073117097306,0.00472787245739417,-0.0789268074296364,-0.126455645295188,-0.0754992052739448,-0.016369914052595
A4889,2021,11.0622701561096,-11.0622701561096,709.691550798878,797.964544456641,-28950011,,94.19,-5.81,5.81,0,18.7661525635682,0.0186965062438614,0.00841868949066929,0.034200926055844,0.349410691735653,0.000912024694822506,0.132983404977231,0.0458308353635982,0.0625786363787026,0.146885041848118
A4893,2021,2.54286463718907,-2.54286463718907,854.625449087061,876.924450842397,-5437121,,95.26,-1.66202126561371,4.73999999999999,0,36.8653605669029,0.0322071842881856,0.0130253383535158,0.0504731861198738,0.533733591126488,0.00279841253688817,0.152143974562753,0.00631882131212176,0.164869262953718,0.173414952825762
A4894,2021,4.53989961092994,-4.53989961092994,789.281107590161,826.817805945375,-9950228,,95.86,-4.14,4.14,0,25.9191329720717,0.0216880385931637,0.0109677153341855,0.0372325073186822,0.47466292829753,0.00152558446377768,-0.116072375418843,-0.143898121087785,-0.0236237930819963,0.0267991094503001
A4895,2021,5.594479810553,-5.594479810553,758.102143392626,803.027346145982,-2636750,,93.92,-6.08,6.08,0,71.879949979158,0.0709917256265739,0.0332174121597314,0.112963185034177,1.44477755126514,0.00335771675260823,-0.321834902266459,-0.36036865010533,-0.389089046145258,-0.313660946581169
A4901,2021,0.0,-1.68314824053788,898.595793099207,913.979421653648,-3001469,,94.14,-5.86,5.86,0,40.7919966652772,0.0413462750535737,0.0144333795537628,0.0704021177360393,0.538320937854532,0.00220597504096811,0.0471169565359104,-0.0302796770056663,0.0997060093701258,0.176431687841997
A4911,2021,0.0,-1.29564457884334,1112.40416435142,1127.00615854788,-946034,,94.3,-5.7,5.7,0,62.3843268028345,0.0477670786261278,0.0228978694366518,0.0922738645841231,1.06270376829176,0.00470088710288877,-0.681611780861155,-0.719032733889812,-0.56414937367007,-0.507720756037865
A4922,2021,7.74107434831248,-7.74107529068013,795.556647163985,862.308605558264,-8214496,,91.21,-7.05186996840925,8.79000000000001,0,65.9608170070863,0.0605647517039922,0.0278481012658228,0.0951314508276534,0.927263875365141,0.00496592015579357,0.018182833974492,-0.035195005131714,0.040951400314124,0.153159607845845
A4923,2021,3.67599331084921,-3.67599331084921,762.999102705688,792.117280968158,-2531185,,91.87,-6.37929277489044,8.13,0,81.4422676115048,0.111300026157468,0.0345278577033743,0.119539628563955,1.2806696311797,0.00706251634841747,0.0822246838720777,0.0126307741022005,0.0366712267589408,0.0599082855780784
A4924,2021,0.0,-1.33799068380783,966.290613786591,979.394825306893,-1387736,,93.15,-3.84019820377826,6.84999999999999,0,74.9395581492288,0.077321911632101,0.0268259693417493,0.127592425608656,1.29486023444545,0.00541027953110911,0.0579315816330096,-0.00945950024712223,0.0742823699333518,0.115959520313571
A4928,2021,0.0,0.237472918400128,809.283952150337,807.366674945155,185278,,91.56,-8.44,8.44,0,63.4431012922051,0.0624793752062479,0.0219997800022,0.0936090639093609,0.89440105598944,0.004949950500495,-0.0192077806317452,-0.0961008757259367,0.0124559606245377,0.0214550022521455
A1001,2022,7.16651795154898,-7.16651795154898,1017.03735985742,1095.55015864494,-84231357,16.2966799109924,89.41,-10.59,10.59,5,4.91871613172155,0.00710742479197781,0.00316033710262428,0.0167617879240452,0.209569020695541,0.000493385961169191,0.273396991337059,0.192167164497546,0.192850267857862,0.228323053912636
A1006,2022,0.0,1.14747977155781,1090.92415945104,1078.54803887838,5179852,,83.28,-10.268290054951,16.72,5,26.8611921634014,0.0182363804247461,0.0085740667458119,0.0366046695686585,0.442982456140351,0.00260519720353515,0.274646245399386,0.19618519984171,0.21867345837381,0.277975640856527
A1023,2022,0.0,2.629210335464,819.233442121179,798.245878968913,2276479,,70.63,-13.9183424741012,29.37,5,89.3872446852855,0.122834039276088,0.0413939160569888,0.184828648440508,1.81440123219099,0.00693107431651906,0.951312620415743,0.619738559476719,0.665688882568998,0.727679579373066
A1026,2022,0.0,0.855004665119203,982.422771130155,974.094220105595,3766937,-100.0,83.32,-10.5336626221411,16.68,5,14.0892038349312,0.0122827519331659,0.0060667843556528,0.0249633257912927,0.290907282627614,0.00131778512643278,-0.0434933819980236,-0.0853473234043611,-0.0536348705750568,-0.00117546454393608
A1027,2022,4.82391710362923,-4.82391784007162,1025.69561904762,1077.68211904762,-6550299,-3.71445387558886,78.6,-14.9074374797012,21.4,5,87.0696123384744,0.0878844946641557,0.0438166980539862,0.148775894538606,1.77602008788449,0.00853735091023227,0.402412148896101,0.345249501657471,0.341211947841427,0.360755132975059
A1032,2022,5.08304759157269,-5.08304759157269,1228.77383724153,1294.57784522424,-4748154,-29.4362019479911,72.99,-17.8225624859266,27.01,5,90.3709879116298,0.0899617922889892,0.0448072247308093,0.162209100382077,2.13667940257034,0.0116359847169156,0.0585915010444075,-0.0166940061811811,0.0726209089710667,0.131511972850846
A1033,2022,4.75334433488188,-4.75334425135318,967.538388893414,1015.82400063129,-56906718,-26.687435677914,79.22,-11.5453327378294,20.78,5,3.15131304710296,0.00607835957524716,0.00298163937856358,0.0108385206883925,0.117800910184652,0.000690484908719987,0.0436500884688362,-0.00397018147113423,0.0656224547347409,0.0850894942389471
A1037,2022,5.16591629275013,-5.16591629275013,969.552498960931,1022.36712905237,-6099456,-52.079600839326,88.33,-11.67,11.67,5,89.0621092121717,0.0986832147722113,0.0481307703950356,0.136975934614802,2.1938852731951,0.00832450431360678,0.629034749515886,0.580923325193933,0.569227192064631,0.573098323070238
A1041,2022,7.7708139319247,-7.77081344990462,941.202255868406,1020.50369419357,-16121348,-20.5383764568799,85.86,-9.07550566557239,14.14,5,59.6081700708629,0.0429966477189914,0.0224457076227955,0.0845357819559831,0.981343827430404,0.00488267016469902,0.282405297548298,0.246730271599275,0.260802804527413,0.313872185427807
A1051,2022,8.91608712204944,-8.91608712204944,807.017196962849,886.015072765073,-10487442,-2.00002354815795,90.15,-9.84999999999999,9.84999999999999,5,53.0471029595665,0.040456149877817,0.0174676441306906,0.0995565209521224,1.0571997465834,0.0026246719160105,0.0125936337065372,-0.0841490662662102,-0.0181496980815842,0.00492134242092135
A1052,2022,0.0,1.27687523973601,851.929700886082,841.188769765506,877620,-136.425833861142,84.64,-10.7078805781201,15.36,5,89.8040850354314,0.102568244225489,0.0439347439832014,0.157648198998546,1.88047165239864,0.0101760620255209,0.0727913593415544,0.0570730451647296,0.115731220040289,0.102080684785525
A1059,2022,4.46484866914231,-4.46484866914231,984.274890382727,1030.27511515001,-13302713,22.2075123367668,77.0,-5.9943840800879,23.0,5,27.9699874947895,0.0189367163956992,0.00918932996019197,0.035083150414822,0.496372632910451,0.00264146731649243,-0.0609960320577035,-0.124689080194995,-0.0892969866380703,-0.0563963818674165
A1061,2022,1.58534613665469,-1.58534613665469,803.211902672906,816.15071652664,-5839856,-41.0193600644763,75.47,-12.6605716930911,24.53,5,12.4218424343476,0.012704442854676,0.00589584823741273,0.0247674963613489,0.254656239978291,0.00106075930631275,-0.0880925483777237,-0.116515362926025,-0.0537314267868506,-0.00154868902137783
A1063,2022,5.69798722205348,-5.69798647835403,751.120989716615,796.505781442517,-7661679,-34.3450322084402,82.81,-8.94997251236943,17.19,5,72.3384743643185,0.0733621474067334,0.0341219290263876,0.1073703366697,1.02638762511374,0.00523202911737944,0.683619395950939,0.672568980986833,0.524893981423603,0.758423627787353
A1066,2022,3.97230166254684,-3.97230166254684,962.865352242592,1002.69543987086,-13817854,-3.6318846951477,88.04,-10.7823267126064,11.96,5,24.6602751146311,0.0279104852904199,0.00862099931750422,0.0364237221164553,0.304931930026222,0.00186788318545925,0.0492745510351623,0.00497213818164134,0.0304596256058544,0.064721745588194
A1070,2022,14.4681946987429,-14.4681950324849,1608.06914012499,1880.08325176317,-43351433,-23.4352911380646,70.63,-16.3845152125015,29.37,5,69.0454355981659,0.0578064966818023,0.0311299336360461,0.0600331819769473,1.15460181627663,0.021611945511701,-0.319992841070845,-0.266956296772468,-0.22002712502696,-0.333917552351014
A1080,2022,0.0,2.49506911009169,914.102373500261,891.850097216294,1876935,,79.15,-6.69574443003653,20.85,5,87.6698624426844,0.145642795513374,0.0388265746333046,0.160138050043141,1.39102674719586,0.0088006902502157,0.1659717649926,0.113926502438767,0.228332538447197,0.241025748349763
A1083,2022,7.07151998891543,-7.07152098529907,891.914945298753,959.786445183995,-7097187,616.148900981917,80.91,-14.4624167459562,19.09,5,87.4864526886202,0.128226477935054,0.0417985012489592,0.141715237302248,1.640632805995,0.00732722731057452,0.477996731119129,0.287039363545691,0.337744387708475,0.304019617583728
A1095,2022,3.60788188006613,-3.60788188006613,869.35491838097,901.89419564294,-10724295,-8.67023811510913,80.9,-7.69055225924235,19.1,5,28.1367236348479,0.0241867585151167,0.0120933792575584,0.0385380788365863,0.419058553386912,0.00199004975124378,0.047774956810222,0.0219835732579704,0.0884663484747047,0.0648373594032623
A1131,2022,0.0,-0.892188167913352,907.46598628018,915.635174972538,-1457612,,87.71,-10.4360257326662,12.29,5,52.4718632763651,0.04114277211517,0.018971802693252,0.083847927981549,0.983557770999182,0.00290156982367383,0.145602768877271,0.110597378921118,0.105489492553241,0.185109164598528
A1161,2022,4.30023309005341,-4.30023309005341,1256.25269311321,1312.70193614509,-20268891,72.7146900560318,85.94,-9.35555321168654,14.06,5,22.1508962067528,0.0153426612636032,0.0078752198180289,0.0347376201034738,0.403726074878304,0.00188597497260239,-0.168327698678377,-0.229927034656664,-0.215972766581737,-0.208363237824721
A1175,2022,0.0,-2.13358972842539,974.97164730176,996.227045210159,-8934664,-100.0,85.05,-10.1046401014692,14.95,5,19.2080033347228,0.018140589569161,0.00803099017384732,0.0359977324263039,0.353741496598639,0.00100781053162006,0.114818793014282,0.0536238007479313,0.131307485104879,0.200918637296188
A1196,2022,5.67898399666063,-5.67898328714682,910.655809014934,965.485573366215,-8004049,-2.55310725081193,92.8,0.880530492444834,7.2,5,56.8653605669029,0.0493063532738358,0.0225324732703013,0.0932225854908545,0.967570911018821,0.00273924184854643,0.0826927573577847,0.0462119745542578,0.0986093086189994,0.172753622023004
A1199,2022,0.0,-0.518157531928478,1001.77438441881,1006.99219029877,-873899,-100.0,70.63,-19.8843012704174,29.37,4,50.5460608586911,0.0375045871559633,0.0179816513761468,0.0703853211009174,0.864073394495413,0.00396330275229358,0.0837505650844303,-0.0158042813455658,0.0699913376783318,0.030816292345755
A1204,2022,2.77470311195613,-2.77470311195613,881.117977868516,906.264116511914,-10789504,-14.8720208867429,86.3,0.337170096500398,13.7,5,20.0333472280117,0.0185046189376443,0.0085161662817552,0.0323325635103926,0.263683602771363,0.00158775981524249,0.0552649995764132,0.0573056998973569,0.0524973097446798,0.130091046801171
A1215,2022,4.98770295993065,-4.98770295993065,903.995872547565,951.451444402323,-34550124,-9.41367127637121,81.82,-13.0961232076474,18.18,5,9.79574822842851,0.011682164557387,0.00532075598375239,0.0185638994259626,0.166907247641747,0.00124206922018195,0.0423067733253293,0.0248113850483853,0.0427792834592142,0.118461114272669
A1216,2022,8.48560824267103,-8.48560881130302,807.288549128193,882.143823110415,-14922848,-1.414452526506,84.69,-15.31,15.31,5,46.2442684451855,0.0383720930232558,0.0170542635658915,0.0607235142118863,0.760658914728682,0.00342377260981912,0.0915677763618987,0.151717400894939,0.116524699627814,0.0789302049219971
A1225,2022,10.4671852904303,-10.4671859955254,802.30856521849,896.105605681502,-14845070,-9.78698219745979,92.5,-7.5,7.5,5,55.122967903293,0.0450697601504938,0.0190468725505565,0.0786173381407744,0.970058002821759,0.00384072738673773,0.0373910412301271,-0.0375126357498473,0.0517999834936023,0.0656568065145672
A1241,2022,0.0,-0.749311978601609,828.280772276022,834.534035771565,-1232068,,80.26,-12.0727432077125,19.74,5,54.8395164651938,0.0476156984104656,0.0213110142073428,0.0812350541567028,0.776972851315234,0.00358700239133493,0.186346209713862,0.186120482272412,0.224173999207833,0.257114377190295
A1242,2022,3.89204224105285,-3.89204224105285,919.521390760346,956.758849320928,-13928299,-31.5361785778116,80.28,-12.9189716889033,19.72,5,26.0275114631096,0.0231633130556855,0.0102948058025269,0.0400093589143659,0.436242395882078,0.00159881453751365,0.244828393009859,0.17973932670869,0.216141264613573,0.237194164048399
A1247,2022,0.0,1.5875879641714,1088.23683350207,1071.23011315701,6450581,-100.0,73.62,-15.1060885608856,26.38,5,15.331388078366,0.0138191275082226,0.00637413630453074,0.0257770072155223,0.300833737028633,0.00132582035134239,-0.268350113434002,-0.330652158426553,-0.217644169820551,-0.212031292003647
A1251,2022,3.88403293846545,-3.88403397088976,794.725705115072,826.840469849075,-3762052,-11.6249235948859,94.33,-2.16760008297034,5.67,5,69.545644018341,0.0514071720381298,0.0230367680435769,0.125056740807989,1.20710394916024,0.005901044030867,0.130263093324827,0.0607779700065947,0.15098151511059,0.211114983896418
A1252,2022,11.1645928838406,-11.1645928838406,670.600791556728,754.880079155673,-9582555,-4.23357619006026,87.9,-12.1,12.1,5,16.9237182159233,0.0160165743655126,0.00589664926889517,0.037053269054544,0.352643531614805,0.000956213394955974,-0.538732394792609,-0.514167375454072,-0.644807328367143,-0.555595285706577
A1262,2022,4.41253163150859,-4.41253163150859,750.315352106739,784.951589275552,-19718964,-11.0387934999507,80.59,-7.61206007107647,19.41,5,10.662776156732,0.0121387787124613,0.00520856034520333,0.0229045896351828,0.210173037527786,0.00108965697598396,0.0192921742571722,-0.0154990898108305,0.0481698117765967,0.085576869192787
A1290,2022,0.0,-1.0817038318853,917.896821920475,927.934323050289,-5774735,-100.0,86.47,-13.53,13.53,5,11.17132138391,0.0167115423129131,0.00473975833908187,0.0238545584013885,0.195887758962149,0.000912347849306838,0.123704730866747,0.0718784625028393,0.0659985048719971,0.139102682706943
A1297,2022,0.0,0.203517923916057,933.918247068462,932.021416431288,1241028,,74.55,-15.6387914450605,25.45,5,3.20967069612338,0.00782649466812537,0.00302961083927434,0.0137294268986162,0.112540424866853,0.00049291287464384,-0.324816230545045,-0.416323525869557,-0.352135039109853,-0.345095526363644
A1392,2022,15.6797919782969,-15.6797930107405,873.444098648186,1035.86569558522,-15187069,-16.684401850501,86.8,-12.6760563380282,13.2,5,76.1567319716548,0.0494995200877554,0.0305772658713835,0.121623474564651,1.94940353763883,0.00630741807212395,0.168788668253909,0.162234417901563,0.136702264856827,0.196578426524951
A1401,2022,10.0423717051217,-10.0423717051217,740.365409077768,823.015705406187,-11435495,4.9317243825813,86.06,-13.7675350701403,13.94,5,58.9162150896207,0.0523641642472003,0.0217751970136873,0.0883450850269598,1.116134384073,0.00300705101617586,0.167812018897911,0.072940263110317,0.168424682073876,0.239195657373292
A1403,2022,4.52744099800667,-4.52744099800667,855.0761909715,895.625088412731,-11695113,3.7572814595115,88.96,-11.0222044408882,11.04,5,32.796998749479,0.0260090896818611,0.0113846015389461,0.0483283085092022,0.421905233316834,0.00287989920352788,0.132479113231037,0.0647038832240094,0.0899067371850927,0.153496420078127
A1459,2022,7.15662512486229,-7.1566255699486,793.02135796837,854.149650243309,-16079186,19.6108507715774,90.31,-9.29998995681429,9.69,5,30.8461859107962,0.0284040723350844,0.0107851796755149,0.0489981869741063,0.386546418111664,0.00232439217144717,0.0661254547689204,0.0190135279624378,0.0651285336276141,0.169978495067984
A1484,2022,0.0,1.56917526188698,1103.94697191102,1086.89173567138,6302592,,77.5,-9.44145828464594,22.5,5,30.5043768236765,0.0224791726515369,0.0105214018960069,0.0412596954898018,0.460212582591209,0.00272910083309394,0.169334665209593,0.102063167984804,0.143291907139101,0.177564710480487
A1488,2022,0.0,-1.995507724015,865.98942544371,883.622174180593,-2177715,-100.0,80.11,-8.94521482155036,19.89,5,70.462692788662,0.0598998459167951,0.025231124807396,0.116236517719569,1.20406394453005,0.00548921417565485,0.0139625233152218,0.0263981680542276,-0.0103636705715352,0.0855773506078039
A1490,2022,0.0,-1.47725613169289,977.134061313845,991.785270028569,-7241272,-100.0,76.53,-15.1175687666371,23.47,5,15.8149228845352,0.0146599142213284,0.00693014126826431,0.02861712181056,0.248612760183188,0.00133271947466621,-0.00527530966416632,-0.00198696358041145,0.00182112842823386,0.047691907565808
A1494,2022,2.27051360582645,-2.27051360582645,744.272275062862,761.563682081557,-1265316,98.893391472198,92.44,-7.56,7.56,5,84.6602751146311,0.0847902097902098,0.0312937062937063,0.147727272727273,1.61171328671329,0.0138111888111888,0.00986464707167837,0.0427815354044862,0.0956775498748742,0.105326268823201
A1501,2022,3.35833096688512,-3.35833096688512,902.000763565968,933.345597805116,-19170626,-21.8264671932463,82.3,-9.93652878091486,17.7,5,10.5877448937057,0.0112825723418217,0.00554602993162719,0.0195804491860884,0.221163819563515,0.00114307487140408,0.080900121326368,0.0507974257443974,0.0860445506979147,0.153707229673255
A1515,2022,0.0,1.4397981873473,864.121238137439,851.856227613456,1328595,,87.11,-11.4285714285714,12.89,5,75.6565235514798,0.066049468011607,0.0248721846068813,0.153516650545806,1.94776841232555,0.00414536410114688,0.239560390313465,0.10601581500649,0.277891231780125,0.33506243205876
A1522,2022,3.6897485709113,-3.6897485709113,1043.55435405439,1083.53403565013,-10326272,-29.023999854835,85.15,-6.79728546409807,14.85,5,43.3680700291788,0.0358211984372622,0.0140544928712771,0.0545436095184941,0.646506672078746,0.00390684458876655,0.0798536066717518,0.0577234425222654,0.081732712206384,0.163524926933664
A1535,2022,4.88575939416444,-4.88575939416444,926.145853199199,973.719442325419,-23947403,-21.1660272411942,88.29,-11.71,11.71,5,8.96206752813672,0.0132221087277267,0.00523966254303333,0.0217720273900049,0.208470472515416,0.000662051223848977,-0.20195537135154,-0.182924296077464,-0.198008127193994,-0.135139199852342
A1539,2022,0.0,0.884690239721373,850.985404350682,843.52284011437,1545109,,70.63,-15.8866261760152,29.37,5,28.7036265110463,0.0258505742182459,0.011828465740462,0.0520452492580326,0.482558389608155,0.00133339068347026,-0.202100523145589,-0.303452737590681,-0.211173618730544,-0.264546494104755
A1540,2022,0.0,-2.91010976746945,1061.08051854449,1092.88466183575,-3265395,-100.0,73.26,-5.14048944710605,26.74,5,90.4126719466444,0.0985153323158041,0.0446787845150548,0.176911336200916,1.93076175940058,0.00915776328569446,0.219822262364717,0.22916939006691,0.211025409679011,0.284934968196125
A1552,2022,6.80850803896992,-6.80850790880967,861.632244702462,924.582518605166,-52308656,37.022323424417,79.28,-14.7984954325631,20.72,5,6.59441433930804,0.00912315529799874,0.00423314405827142,0.0167282175544105,0.147546966003474,0.000905017005561475,0.0255552139045797,0.017806574510634,0.0408554612751188,0.0666318165494561
A1557,2022,12.4741831760113,-12.4741831760113,988.984319353638,1129.93440705895,-10606776,11.7472585417554,78.79,2.68473869412225,21.21,5,89.9958315964986,0.101689612015019,0.0455256570713392,0.185075093867334,2.12468710888611,0.00688360450563204,-0.0635894905342397,-0.0790600145342969,-0.0238891677784045,0.0618535348966629
A1596,2022,4.90160924594994,-4.90160924594994,755.356867946117,794.289852811151,-2994258,1.36234967065153,87.87,6.79387457462324,12.13,5,87.1529804085035,0.138809693513899,0.0477548111190306,0.147719173200285,1.64985744832502,0.00570206699928724,0.047857863051328,0.108915161093723,0.187015759577351,0.248987046227741
A1617,2022,3.11198038102706,-3.11198038102706,820.372704477396,846.72254392611,-2921354,-43.6387840108657,92.85,-5.34203282699563,7.15000000000001,5,72.997082117549,0.0686800894854586,0.0275167785234899,0.110738255033557,1.14519015659955,0.00671140939597315,0.0419299618327621,0.0419160523709979,0.0116083618723842,0.115715090790658
A1622,2022,5.89573332753081,-5.89573221280462,769.601949093826,817.818327681144,-5288951,-49.474005195369,70.63,-17.699836867863,29.37,5,71.8966235931638,0.0887907775324994,0.0327446651949963,0.095168015697817,1.31714495952907,0.00367917586460633,0.0821819965661025,0.0689963733837907,0.171322314919271,0.169261870287292
A1628,2022,0.0,3.55613974049548,958.150481256332,925.247391084093,2598028,-294.303554641137,82.79,-6.95661946504832,17.21,5,93.1471446436015,0.112380952380952,0.0564502164502165,0.19012987012987,2.01835497835498,0.00987012987012987,0.159038662486938,0.122182550581342,0.174043118597574,0.171399387129724
A1638,2022,4.00485994429847,-4.00485994429847,957.887438230412,997.849930397095,-33415517,-39.7221964116113,88.84,-3.32970620239391,11.16,5,6.16923718215923,0.00773038680302407,0.00357441738415058,0.0191912171458561,0.191004382916554,0.000709209798442575,0.0624478951114798,0.0124755192886037,-0.0163062523275368,0.0184792093986276
A1652,2022,0.0,-2.56208308002054,872.724372840619,895.672239747634,-3055279,,84.69,-12.9956852270392,15.31,5,55.8065860775323,0.0558160106147722,0.022202565236621,0.0796107916850951,0.660415745245467,0.00380362671384343,-0.0201287377042756,0.0482445161715301,-0.0185758513931888,0.0211349523076649
A1675,2022,4.73065758134094,-4.73065758134094,1084.80089518615,1138.66734843095,-5451716,-65.3035795817094,74.65,-6.1478501382952,25.35,5,80.6669445602334,0.12396694214876,0.0443394988849534,0.080676898858717,1.40522104158468,0.00760855306309852,0.193535605117174,0.0966549372307837,0.161583285771359,0.200051084610969
A1694,2022,6.77757286992843,-6.77757286992843,828.44749205442,888.678312246153,-27820134,36.1733781251199,80.94,-18.2259042230754,19.06,5,5.9191329720717,0.0105118346326149,0.00343927475395958,0.017954777946312,0.165067550883629,0.000670217644361353,-0.335614077431888,-0.306905107043675,-0.305312147270745,-0.268680044516935
A1702,2022,5.90999486223837,-5.90999486223837,941.941145301086,1001.10648726392,-6252830,-34.8461700530977,87.56,-10.3328213005632,12.44,5,87.4614422676115,0.0874835309617918,0.0408432147562582,0.159156785243742,1.95797101449275,0.00816864295125165,0.250758859059254,0.203030743673466,0.208907089500679,0.21674809691114
A1722,2022,0.0,-1.62970413831577,956.847968056465,972.700101870043,-1742847,-100.0,83.36,-12.6022226881946,16.64,5,84.2017507294706,0.0738934276307767,0.0403609315937081,0.151444945738325,1.7405194488477,0.00719424460431655,0.22647026078474,0.204517443848708,0.18703581884343,0.178877309137239
A1736,2022,4.57691670993016,-4.57691670993016,823.318893245354,862.808939785152,-4955369,,78.58,-20.7623273167289,21.42,5,66.094205919133,0.0495710200190658,0.0232602478551001,0.111534795042898,1.37769304099142,0.00390848427073403,0.107615718673869,0.0810329414256964,0.0359197619650019,0.0769338428103273
A1737,2022,15.2340567841979,-15.2340567841979,748.868012113991,883.453877469963,-5421657,,70.63,14.4176251417463,29.37,5,98.6577740725302,0.247740345110929,0.100246507806081,0.320049301561216,4.17255546425637,0.0123253903040263,0.409600573792181,0.46316315958701,0.372723313750356,0.337989421346205
A1749,2022,2.55633492955131,-2.55633492955131,1099.2520824523,1128.08983699204,-9001186,,75.75,-11.0184423822389,24.25,5,35.7815756565236,0.0296265465965417,0.0108592833629725,0.0436641567974573,0.451360248212191,0.00385939687464528,0.044195262225807,-0.0226269219575172,-0.0320445695236784,0.0674326902806979
A1769,2022,7.93997594869441,-7.93997594869441,988.817687156183,1074.10105237981,-4278837,,90.75,-9.25,9.25,5,96.6652771988328,0.158911772184083,0.0742435799644038,0.197559115179252,3.36918382913806,0.0101703534197813,0.0397654452295034,-0.0536207078317922,-0.0214270517800459,0.129951656038926
A2000,2022,4.59622926434407,-4.59622926434407,910.146455430215,953.994216803067,-9515315,-35.872636691728,83.26,-7.84726065301604,16.74,5,43.7432263443101,0.0381089340284019,0.0133021750853856,0.0618371382347654,0.629216849421775,0.00371502187069327,0.12608163883925,0.0236448265706931,0.0774318251058968,0.128418575012611
A2019,2022,3.51125989978877,-3.51125949059499,804.345991949789,833.616427889207,-8580921,46.9019516001519,89.87,-10.13,10.13,5,24.3017924135056,0.0188235294117647,0.00941176470588235,0.0433849329205366,0.371847265221878,0.00165118679050568,-0.0194907813871817,0.00405856665810413,0.0202413173147444,0.057778354539631
A2021,2022,3.84449957342661,-3.84449957342661,999.786643107908,1039.76022034368,-6922784,35.8602866009475,83.28,-15.5888911412933,16.72,5,52.0466861192163,0.047055181487501,0.0186518071356706,0.0684157572943271,0.886076929030261,0.00348270257719991,0.109641142528781,0.089809233125499,0.0791444928071498,0.207061380527785
A2024,2022,0.0,-0.464272681724659,917.119810258011,921.39760764035,-3782206,,78.96,-12.9917355371901,21.04,5,3.6348478532722,0.00663525216505349,0.0032603158430973,0.0130922058074376,0.133036169128884,0.000624044829342843,-0.0414142269235763,-0.0935214679110718,-0.0559595583889945,-0.000393127786326763
A2029,2022,0.0,0.566298996810064,851.549878844962,846.754715386287,2382640,-116.524666913152,80.51,-10.5444444444444,19.49,5,11.162984576907,0.0119077589245255,0.00516086803282816,0.0291526106439756,0.273249081113741,0.000730074014400081,0.00625423222005175,-0.0668294208064827,0.0237445441256473,0.0326109058469623
A2032,2022,0.0,-1.45177041495037,849.066269556909,861.574351088817,-2513524,,74.33,-20.2553374101491,25.67,5,46.2442684451855,0.0394554226422576,0.016258013350076,0.0741524023527857,0.593483576762937,0.00343665322847135,0.143115064995235,0.188893849608615,0.114178921129164,0.197450462680568
A2033,2022,3.43482267158794,-3.43482267158794,1024.70779087296,1061.15663971495,-3191607,-62.0118013586738,80.64,-14.5219419122324,19.36,5,88.9453939141309,0.0940739594615504,0.0436329877765743,0.181494661921708,2.02336376295838,0.00711743772241993,0.129042240445613,0.0439013501825016,0.10265014027687,0.21836848945971
A2035,2022,4.48240244941613,-4.48240244941613,797.433962565479,834.855548102721,-4686380,,88.87,-11.13,11.13,5,76.3901625677366,0.0668979875086745,0.0284524635669674,0.127133934767523,1.39070090215128,0.00652324774462179,0.430629913197802,0.381069347836612,0.585639092630918,0.677332165908806
A2057,2022,9.22848077677343,-9.22848077677343,723.630136345929,797.199542916504,-56655800,-2.61667055988221,88.01,-9.01478341776078,11.99,5,4.16006669445602,0.00755907582081704,0.00299076478127978,0.0141814835507937,0.170867979097512,0.000591579846846551,0.0975196624455507,0.0374720531817847,0.0843999761256762,0.112587661212941
A2067,2022,11.5143077148329,-11.5143077148329,740.313137657987,836.647279960408,-10122021,14.6183111714234,79.82,-15.0308707685757,20.18,4,73.0054189245519,0.0662792306627923,0.033208800332088,0.140722291407223,1.50477376504774,0.0030441400304414,0.253436163463087,0.378086519942003,0.234151282011801,0.395429652957694
A2070,2022,3.27890845012431,-3.27890845012431,898.786677199767,929.256135138109,-7752527,1.55142263190505,82.54,-12.9692113032476,17.46,5,83.6181742392664,0.102655351765672,0.0329865863673693,0.120175198467013,1.47851081303039,0.00999178757185875,2.19149768839816,1.77545472518782,1.96247068311125,1.65978573392076
A2083,2022,6.6268375057771,-6.6268375057771,982.405179982441,1052.12799239099,-4764857,-13.4517932000675,72.98,-10.58564077432,27.02,5,85.7899124635265,0.0806658130601793,0.039265898420828,0.18807796272585,1.73068715322236,0.00682885189927443,-0.207945163141861,-0.226230825236625,-0.215515493664329,-0.132709313584036
A2097,2022,5.6968901918413,-5.6968901918413,813.66586034759,862.819754303792,-9570853,-38.7758147768194,84.52,-11.0315789473684,15.48,5,42.74280950396,0.0456228510975932,0.0151414969584766,0.0589791060565988,0.536696641100238,0.00284316318434277,0.0636154912493502,0.019443691486478,0.0559524310043001,0.107633072771264
A2098,2022,2.54544434792537,-2.54544434792537,874.088087112484,896.918652251714,-21995971,1.33538430721192,80.17,-10.8330552774997,19.83,5,2.86786160900375,0.00626720011100576,0.00285608565944358,0.0113665271385953,0.131102425938346,0.000566591891954395,-0.0594865508180947,-0.0640549006540939,-0.0378591890939716,-0.0322541204916204
A2100,2022,9.77013389144107,-9.77013389144107,971.429485334101,1076.61634360106,-13153827,-13.5194357663966,74.72,-13.2776230269266,25.28,5,77.8491037932472,0.103691275167785,0.0328859060402685,0.105145413870246,1.47863534675615,0.00480984340044743,0.141042004776652,0.127315877781703,0.155693313473776,0.342794556301268
A2107,2022,11.1232361415004,-11.1232361415004,1147.48919292785,1291.10145679333,-13288730,7.88434731850519,98.35,-1.65000000000001,1.65000000000001,5,88.0867027928304,0.0727194492254733,0.0393000573723465,0.177567412507172,2.24541021227768,0.0101835915088927,0.15616427418067,0.105995410212278,0.118209645238518,0.101546514756879
A2120,2022,5.20818283284822,-5.20818350808524,828.159811694747,873.661717164567,-7713119,,83.8,-10.9930961232077,16.2,5,33.7307211338058,0.0283240223463687,0.0127932960893855,0.0520670391061453,0.67463687150838,0.00167597765363128,-0.298061158482799,-0.335595218534341,-0.157985470319193,-0.15846796977871
A2141,2022,6.74962134706405,-6.74962063111498,725.627445736952,778.149591077238,-9427515,145.724838171148,84.18,-11.3988001263025,15.82,5,34.8561900791997,0.0320980851356936,0.0135004821600771,0.0577214492354319,0.678261468521835,0.00137760022041604,0.0437459944776199,0.00467767239021863,0.0525402060534918,0.104088794966228
A2142,2022,5.83181658880697,-5.83181658880697,982.201782945736,1043.02934108527,-3138702,,81.23,-13.7868817660794,18.77,5,98.8411838265944,0.209717868338558,0.090282131661442,0.246394984326019,4.30376175548589,0.0210031347962382,0.245561925215192,0.256353288492559,0.366879056694685,0.32107036484025
A2147,2022,9.09439535694617,-9.09439535694617,816.434186509583,898.112046793329,-11813559,7.09840339094144,79.15,-7.26420620972465,20.85,5,64.7019591496457,0.089817337773741,0.0297709153294984,0.0916338682006257,1.01685336562721,0.00262387728327783,0.193570421374753,0.124855305537444,0.19712186129173,0.307056820617919
A2148,2022,2.80504975285784,-2.80504975285784,812.115805056554,835.553496340652,-7045370,2.54285651492819,82.87,-12.1115706861809,17.13,5,85.0437682367653,0.0923679060665362,0.034703196347032,0.129549902152642,1.95107632093933,0.00821917808219178,3.04513294924254,2.5922110268312,2.73144463578641,2.61383635737604
A2164,2022,3.02461151763697,-3.02461151763697,770.063799907562,794.081686043067,-8106613,-43.3852527989741,75.89,-15.8647450110865,24.11,5,24.4435181325552,0.020878909998081,0.0104394549990405,0.0415659182498561,0.401573594319708,0.00138169257340242,0.231155349090197,0.21334938329757,0.148338805147462,0.196647474527842
A2171,2022,4.38745115472635,-4.38745163372838,754.889251947659,789.529475833901,-9159568,-30.6283970781965,86.77,-10.4078471863707,13.23,5,30.6127553147145,0.0258775549837355,0.0101956595620721,0.0460746710686022,0.559304753119386,0.00203913191241443,0.15194328094265,0.182428202369788,0.091803706146853,0.188823626459778
A2187,2022,0.0,0.319553035033158,888.71061475812,885.879759101168,230794,-100.0,87.23,-9.01220402628559,12.77,5,90.1959149645686,0.117184887997325,0.0534938147776663,0.138415245737212,1.7246740220662,0.0106987629555333,0.169095637377134,0.101324174543834,0.151930328934109,0.158119679234749
A2189,2022,4.05139850750072,-4.05139748656117,745.66543685931,777.15090926402,-3968303,,71.96,4.6234370456528,28.04,5,55.8566069195498,0.0472536726864415,0.0192757555909048,0.101431645924956,1.02517076822307,0.00271357724337981,0.0448533141593573,0.00723015408593784,0.0147364601495574,0.130930548991304
A2193,2022,3.58526747318709,-3.58526747318709,851.241019545695,882.895173005811,-8628669,9.5145093570659,77.21,-16.1307842711275,22.79,5,31.1213005418925,0.031805340380935,0.0109815000455664,0.0475257450104803,0.421397976852274,0.00209605395060603,0.0593696658259823,0.0265668931485027,0.0265390286516086,0.0893994184238848
A2198,2022,0.0,-1.37499544147142,1028.83812773169,1043.1818303452,-1286458,-100.0,73.17,-13.9378969654199,26.83,5,51.6548561900792,0.0415572008598042,0.020181514210652,0.0609027943635061,0.741401958442799,0.00465727251015047,-0.580838705497738,-0.600961277221129,-0.548832581224436,-0.531700118237814
A2202,2022,7.24097273817613,-7.24097273817613,851.768028723296,918.258905754881,-5203842,10.1781535748857,78.73,-17.4824441882402,21.27,5,87.1196331804919,0.107560137457045,0.0446735395189003,0.159278350515464,1.5893470790378,0.00652920962199313,0.0677430996877403,0.0672557682866962,0.110176892951112,0.220697299720159
A2205,2022,5.95917340431576,-5.95917340431576,900.210179229602,957.254643347546,-9471891,-0.266195031531492,79.55,-12.3126102292769,20.45,5,56.5402250937891,0.0505058130756455,0.0208364789370376,0.099803714328854,0.866299260154009,0.0029442850671901,0.0953745070967186,0.0638906238073403,0.0572396245149955,-0.0036190511050847
A2207,2022,3.13763635047968,-3.13763635047968,754.608153555902,779.051971399666,-3575935,-44.4791197482635,82.02,-6.94349897889721,17.98,5,51.779908295123,0.0452943704340352,0.0198538891276321,0.078899871078642,0.709926944563816,0.00343790287924366,0.0497788402306533,0.0127144868408514,0.0615380082396029,0.0628379318449998
A2217,2022,0.0,-2.86137937720365,825.962518029302,850.292615577317,-2564003,-100.0,87.77,-12.23,12.23,5,47.5823259691538,0.051666236114699,0.0184276242142427,0.0676827693102558,0.715405149401533,0.00241109101868596,-0.186858628029952,-0.302450879959142,-0.23307030980905,-0.20001335116734
A2246,2022,4.46525850638706,-4.46525994634154,937.244547098378,981.051025597559,-3100973,-7.94620518830678,80.03,-6.11215391834819,19.97,4,96.1317215506461,0.135222150676111,0.0607426486370466,0.212062674393647,2.62567074479502,0.0133075767332046,0.194124950356852,0.105928655277586,0.287624218434269,0.252209926174296
A2247,2022,8.14202985788721,-8.14203106534565,880.25862029066,958.28225955753,-6743115,61.9622586039344,81.67,-16.9767205448816,18.33,5,80.1667361400584,0.0908563134978229,0.0428156748911466,0.119303338171263,1.33875181422351,0.00537010159651669,0.107186412540306,0.133670921198668,0.0715370711311109,0.188413058795898
A2251,2022,7.1944272252003,-7.1944272252003,811.815954291761,874.749144926564,-33782285,-23.5451464794469,84.62,-7.35712721699146,15.38,5,10.9212171738224,0.0150165567163796,0.0054932361321457,0.0238211361244449,0.268193136021768,0.000616063865287368,0.197389717636022,0.0825063079263152,0.156902946351179,0.224817106039993
A2266,2022,5.89243533022067,-5.89243533022067,801.445800475654,851.627393916635,-4810809,-4.65697145541134,94.93,-5.06999999999999,5.06999999999999,5,76.3151313047103,0.085822722820764,0.0253428011753183,0.117531831537708,1.24718413320274,0.00734573947110676,0.0142570009098865,-0.0171668029630192,0.0391900333913965,0.0491193320164807
A2272,2022,0.0,-0.757129322486919,920.087803865492,927.107204360595,-1826083,-100.0,84.98,-10.1216287678477,15.02,5,41.8924551896624,0.0356339733610102,0.0182782678890619,0.0567952488035519,0.54777143516116,0.00288300755347979,0.25407290339828,0.286540810282378,0.270203972923178,0.266732714827367
A2284,2022,8.229511363816,-8.229511363816,853.120856117567,929.624401913876,-5372385,0.312174060144901,86.03,-13.97,13.97,5,87.8032513547311,0.0856840620592384,0.0426657263751763,0.178596614950635,1.88381523272214,0.00740479548660085,0.0623371423107266,-0.0433722959864684,0.0619484386754634,0.0196559909181603
A2286,2022,9.35758698773022,-9.35758783195655,1100.66255586993,1214.29089268873,-11084217,35.6078069620602,77.37,-11.1914600550964,22.63,5,80.3167986661109,0.0873253493013972,0.0422904191616766,0.144960079840319,1.56449600798403,0.00399201596806387,0.0739300521498606,0.0610457326088564,0.0236468165568413,0.0237884352927507
A2299,2022,3.13507127839467,-3.13507170657195,822.019047411412,848.624018923868,-7321901,,84.81,-9.78619295819594,15.19,5,31.2546894539391,0.0323636703769526,0.0110840894210083,0.055654288654008,0.499438780282481,0.00144981760359181,0.180013380643928,0.114923275357039,0.125712922555126,0.165639685836548
A2308,2022,1.34454229519004,-1.34454286150363,718.246623293093,728.035370901775,-2374202,14.3765512271074,73.25,-12.3699007058261,26.75,5,32.2300958732805,0.0316000216438504,0.0108219252204967,0.0512959255451545,0.535522969536281,0.00183972728748444,0.12844458916167,0.0366481163823688,0.137571230716479,0.193087741218254
A2309,2022,7.4100962784868,-7.4100962784868,715.307313149645,772.554333030853,-16654761,-8.52616483069189,81.99,-14.7181194091949,18.01,5,19.3997498957899,0.0201904761904762,0.00816931216931217,0.0407619047619048,0.396486772486772,0.000592592592592593,0.0641258799171843,-0.00473967722208914,0.0309336456638044,0.104169406757116
A2311,2022,0.0,-1.97896974152404,1047.5016506358,1068.64990897729,-3113362,-100.0,81.28,-8.51997749015193,18.72,5,69.8624426844519,0.0518778708457174,0.0271097901468072,0.0915968657119697,1.20922273259479,0.00855624605962352,0.257782054417511,0.150805901456852,0.16095981244897,0.206992855590166
A2337,2022,0.0,-2.0023941420813,1036.31221244536,1057.48727570738,-1472768,-100.0,78.36,3.70566437268396,21.64,5,94.5810754481034,0.134926906361122,0.0612406163571711,0.227973133148953,2.04820229158435,0.00948241801659423,0.104571114786813,-0.0112796311806029,0.182761829433388,0.137119001489958
A2342,2022,3.29861537712029,-3.29861537712029,866.143593734516,895.688926391634,-40546360,-39.8379550463565,84.94,-11.373121869783,15.06,5,0.741975823259691,0.00466824505776744,0.00153098359421405,0.00824890614150304,0.0778877446018188,0.000267712978223222,-0.0204223095478899,-0.0379871109807277,-0.0224540991930204,0.030996070114285
A2366,2022,8.03196575032463,-8.03196575032463,1187.43821735292,1291.14232683201,-5168198,70.7775964767235,85.24,-7.61894440229761,14.76,5,95.0395998332638,0.126671761559037,0.0546427206725258,0.169850974398166,2.67290790982041,0.0235001910584639,-0.221793157167632,-0.253515727128291,-0.226763266266081,-0.2256958324088
A2419,2022,0.0,-1.77535165970672,866.116057043557,881.770585772881,-8900351,-100.0,86.08,-11.5404377761792,13.92,5,9.56231763234681,0.0123201988079944,0.00499126002990544,0.0227239222458564,0.217088221047533,0.000863466925004739,-0.0139886835743774,-0.0502774740687155,0.00345588536693235,0.0617719054106814
A2452,2022,3.77385910480159,-3.77385910480159,1043.58066054309,1084.50848265823,-3261620,-22.1653813230993,74.68,-9.08205502800097,25.32,5,91.5881617340559,0.15459443280455,0.0442981143370248,0.132744687219395,3.2424423825202,0.00897934750074828,-0.0440766962243822,-0.0448578658695389,-0.00415946620188356,0.0132844457747181
A2490,2022,4.29250656012447,-4.29250584883409,994.756498403123,1039.37158445706,-6034815,-50.3248573514415,78.31,-15.6505816458423,21.69,5,75.631513130471,0.0665335295354215,0.0257515240697919,0.107315535001051,1.54950599117091,0.00798822787471095,0.23349661993959,0.165747708091141,0.177194280007984,0.290993287654053
A2500,2022,0.0,2.23231647334504,891.493723121287,872.0273137445,12529204,,88.48,-8.36785418392709,11.52,5,8.28678616090038,0.0116417154982771,0.00523682519905776,0.0211419783129246,0.189654836762902,0.000739774563435669,0.0637394420197458,0.0213903868242257,0.0600590688427497,0.0861792612950442
A2506,2022,0.0,4.07945074665382,883.768718733204,849.128922561707,10053993,,88.7,-10.0223168999797,11.3,5,34.1642350979575,0.0275534222550422,0.012645959292934,0.0531684127936493,0.469654313010569,0.00258457562191351,0.149025213935701,0.0583661502359639,0.135839302948369,0.1712061932969
A2528,2022,0.0,-2.23898214462924,977.237554322103,999.618841702164,-2080654,,84.08,-10.6007442849548,15.92,5,83.5014589412255,0.0840702124851524,0.0349742642206678,0.133430117460736,1.58070476441864,0.00884254982182922,-0.0408071632953227,0.00350231450930923,0.057488757336025,0.0634599999674128
A2530,2022,5.59071021979554,-5.59071021979554,707.34385841903,749.231203905682,-16129979,-10.6948904399835,87.01,-5.63930159418717,12.99,5,13.197165485619,0.015631852640812,0.00532548085959526,0.0301359563937097,0.309786354238456,0.000657853517950003,0.0407181561071709,-0.0505851067532666,0.0392059489349845,0.0853679468845602
A2542,2022,8.9368226968048,-8.9368226968048,844.63553558788,927.526976986167,-124593794,29.2931339643208,86.74,-12.8065942903096,13.26,5,1.05877448937057,0.00472008962404033,0.00203466341559854,0.00917657912946061,0.0848710006919503,0.000238887607499423,0.0482783441986592,0.0487978193870022,0.0658483862715371,0.113798399804241
A2543,2022,6.38769458101922,-6.38769458101922,793.893903868699,848.065754085925,-9426552,11.6546352201064,81.58,-12.8511911120607,18.42,5,57.4406002501042,0.0537565459014641,0.0185957037512023,0.0874211820027787,1.1131773004168,0.00309928395853372,0.516583019683135,0.481628022506509,0.648675726007969,0.586601452092983
A2550,2022,0.0,-1.61404213166902,860.951466428465,875.075554563049,-8348692,-100.0,86.36,-7.36887268046767,13.64,5,17.1488120050021,0.0162539256346942,0.00709610912665116,0.0271378227411119,0.247428859108671,0.00155826720686597,0.28719593072953,0.280366825496641,0.267323566806169,0.274313510564051
A2551,2022,15.5103425945814,-15.5103425945814,803.698170312285,951.238524327051,-12869650,-2.73622457705545,88.54,-9.18974358974358,11.46,5,81.4672780325136,0.0849814585908529,0.0316749072929543,0.165018541409147,2.2296044499382,0.00417181705809642,0.158968522508273,0.0098460575108973,0.119731570167248,0.180629702266821
A2557,2022,7.52112408153939,-7.52112462518494,845.000650731203,913.722887855667,-13834611,-28.9872219592996,91.5,-8.5,8.5,5,43.8516048353481,0.0348837209302326,0.015979454986446,0.0699101155657012,0.896846911114282,0.00214010557854187,0.237228968975859,0.186156357754947,0.176532982550296,0.259733725811175
A2559,2022,0.0,-1.55783600294804,877.29547468705,891.178575384956,-1503873,,85.9,1.39282341831918,14.1,5,71.0962901208837,0.075881646467955,0.028169014084507,0.13778796811879,1.17054263565891,0.00349383120427994,0.0147905520981184,-0.0511877233550557,-0.0360802433777573,0.134864952744817
A2569,2022,0.0,-1.31192673421014,888.109331191129,899.915564061368,-1499061,-100.0,78.67,-19.8635020882143,21.33,5,70.0125052105044,0.0661827497865073,0.0278608027327071,0.100021349274125,1.41022630230572,0.00405636208368915,0.0707640298028032,0.083805712186668,0.124207376229702,0.0777249456919687
A2571,2022,5.09343165772905,-5.09343165772905,1142.68081791762,1204.00604286593,-26335014,-29.8963531375565,81.07,-11.9187309865276,18.93,5,15.3647353063777,0.0134333745874587,0.00662644389438944,0.0329775165016502,0.298447813531353,0.00103135313531353,-0.064733963060703,-0.128184113218307,-0.0546775132737649,-0.0326775364524157
A2575,2022,0.0,0.567763468390915,834.881747600853,830.168354955275,2546137,,90.07,-5.71548204752435,9.93000000000001,5,10.3793247186328,0.0121504161575173,0.00516450326239827,0.0223410877734996,0.248564775321052,0.000922232725428262,0.0378807091969658,0.0196722757022823,0.0549063755871111,0.128738953099731
A2587,2022,0.0,0.964103073502591,841.46563224098,833.430503144654,1941930,,81.1,1.31168019987507,18.9,5,45.7774072530221,0.0396635284942343,0.0148181159823965,0.0711380981560916,0.493287282045568,0.00412233301765918,0.201238291539667,0.174948251517583,0.18412465558972,0.151705222559232
A2591,2022,3.74715581555195,-3.74715581555195,741.936123217785,770.819947716062,-13678455,-11.6692769578459,84.6,-12.4404885116953,15.4,5,13.605669028762,0.0149831115216952,0.00583157712405093,0.0269060885129478,0.285718409884812,0.000952683391552874,0.163963608449172,0.133681574500225,0.147642883225874,0.28084665509647
A2592,2022,0.0,0.669291820239899,954.351075172609,948.006147571542,3403876,-126.118886699447,84.81,-3.72346463843796,15.19,5,16.3818257607336,0.0145788997333725,0.00648222890829481,0.0279591986497395,0.304860448619163,0.00136982950514909,0.123731537034741,0.085372754959654,0.118789296992965,0.140459794557713
A2597,2022,5.36896371647143,-5.36896371647143,894.401515151515,945.146064417763,-5325133,47.1418174061245,81.81,-14.7990002082899,18.19,5,70.4793664026678,0.0628686010851616,0.0292521821184242,0.1138240150979,1.13765038924275,0.00471809389006841,0.0050930831622269,-0.0928711609020593,0.0108466423417814,0.176585120604184
A2598,2022,0.0,-0.40139328810297,970.71639070443,974.628484023239,-2154781,-100.0,80.1,-7.53780445573127,19.9,5,13.2888703626511,0.0145152354570637,0.00609418282548476,0.0237340720221607,0.217662049861496,0.00128531855955679,0.00946864769579451,-0.0150598884163708,0.021751696527169,0.0638612361495843
A2599,2022,0.0,2.068536651707,882.576021166322,864.689599869523,1974017,,88.84,-10.2172814552804,11.16,5,74.3976656940392,0.0629700303064317,0.0304186777416096,0.128746211696038,1.17207318442025,0.00628577842631047,0.0453707016755457,-0.000855074322915772,0.0386931082205657,0.0705957585609937
A2600,2022,6.58261352791946,-6.58261394248665,744.128994121921,796.563707813222,-15878280,4.48851834291413,86.66,-13.34,13.34,5,26.3026260942059,0.0248751973375432,0.00921619661219439,0.0444596151384563,0.38669624951999,0.0017493706532406,0.114965550289347,0.091881321637209,0.0929972957702668,0.160225840764162
A2602,2022,0.0,3.23265852469901,862.466154309825,835.458629696604,2688329,,70.63,-16.5031327580092,29.37,5,83.3347228011672,0.105467703028679,0.039667649423747,0.137496649691772,1.40927365317609,0.00603055481104262,0.111632270168856,0.0379910156781744,0.102927158514547,0.167384553933721
A2612,2022,0.0,-1.54553291505754,994.486124370194,1010.09751392204,-2354822,,82.13,-6.70226059297967,17.87,5,62.5844101709045,0.0712333447215579,0.0216091561325589,0.0939528527502562,0.75486846600615,0.00469764263751281,0.131988802970901,-0.0469224821534533,0.0792421084733053,0.170453279554728
A2616,2022,3.24685701166763,-3.24685701166763,823.286999529773,850.914992631355,-42068261,-30.9447134014915,88.19,-11.81,11.81,5,1.07544810337641,0.00502839416606209,0.00214311326812265,0.00803875949599313,0.074925574762965,0.000316880561045372,0.0669697447114596,0.0499517354394396,0.0707547309491909,0.109934878876031
A2619,2022,0.0,2.07076390918348,948.88278122498,929.632291249666,9232843,,73.87,-15.9326277455332,26.13,5,28.3451438099208,0.0276842499064721,0.00914872632044349,0.0303710505730708,0.311804917865524,0.00319695269190219,0.435128534710607,0.305915334198162,0.418579278002193,0.39365114730711
A2620,2022,0.0,5.31907837867152,977.671458445591,928.294733961118,46184618,,81.81,-13.902336350242,18.19,5,3.30137557315548,0.00663703561716045,0.00315079488684693,0.0144121910603683,0.12464209126523,0.000515148973895125,-0.0455159073520508,-0.0517688870649779,-0.0422562652050862,-0.0299027250505481
A2628,2022,0.0,2.19001747434513,984.472158511723,963.374097434591,1986931,,77.77,-12.4211711711712,22.23,5,89.7290537724052,0.115697588400651,0.042905755289244,0.175617694925285,1.44178132859891,0.0121319721852345,0.0966119248409528,0.0792447676602138,0.174496560810069,0.148539724811363
A2631,2022,0.0,-0.249350184574514,1060.79562540859,1063.44733329701,-584097,,80.19,-9.76707550354451,19.81,5,51.4214255939975,0.0378847196289827,0.0164428115400831,0.0689634403421069,0.768053966150696,0.00560139733783051,0.19486583077252,0.147620717223444,0.138528515114445,0.217204722038186
A2634,2022,4.35638764030579,-4.35638764030579,964.997162485066,1008.95097819594,-2354518,-39.5110464393358,83.06,-13.7397445217572,16.94,5,87.9866611087953,0.0859470468431772,0.0356415478615071,0.177393075356415,2.40448065173116,0.00794297352342159,-0.0799337719233981,-0.101108081052159,-0.0402716711974336,-0.100133308646547
A2643,2022,16.9207026416553,-16.9207026416553,811.951017510648,977.320515854236,-12579327,20.1273666500568,80.11,-3.16692856279464,19.89,5,87.102959566486,0.0919131411456383,0.0415574691126919,0.168663421939349,1.66211156870086,0.00767502807937102,0.133535801015956,0.00546868971509079,0.156545031173958,0.210823818429819
A2645,2022,2.7847454162616,-2.7847458500873,779.838929257496,802.177534870124,-6419043,-26.3150282265892,90.58,-8.08726534753932,9.42,5,29.645685702376,0.0245776440638741,0.0105531127053923,0.0495255727840778,0.501041425595927,0.00185142328164777,0.186565049906309,0.175371334154992,0.154424899193694,0.188315997883293
A2660,2022,4.29078765188951,-4.2907886642863,773.728581483664,808.416003732076,-4238248,-32.9561028853455,91.25,-8.75,8.75,4,65.8190912880367,0.0567898671096346,0.0240863787375415,0.0980066445182724,1.1780523255814,0.00446428571428571,0.163449551127362,0.114761401389308,0.10797420830129,0.116223327164485
A2666,2022,6.13195659389241,-6.13195659389241,1028.82935030877,1096.03791980374,-9533670,-34.8533692237593,75.63,-7.2252208047105,24.37,5,70.6127553147145,0.0884257206208426,0.0303325942350333,0.0985365853658537,0.812860310421286,0.0060310421286031,0.0298329492206699,0.018640899012296,0.0489980054028409,0.114642081923211
A2671,2022,10.1984972413669,-10.1984972413669,1856.00556955948,2066.78676029288,-35120362,32.3473033290166,70.63,11.403785488959,29.37,5,83.9099624843685,0.114576094510076,0.0596768589298124,0.0984190410006949,1.17416608756081,0.0146803335649757,0.195258506590843,0.222143342537529,0.0581059271665235,0.253714114031788
A2683,2022,13.7943275244656,-13.7943275244656,1015.76424793903,1178.30325867164,-20899266,62.6780043985318,86.04,-11.5906288532676,13.96,5,92.4135056273447,0.0882352941176471,0.0470235998591053,0.220500176118352,3.27967594223318,0.0095103909827404,1.2298140954495,1.25945234300589,1.26808620892142,1.41333951696439
A2684,2022,2.59997367588665,-2.59997367588665,781.083280025958,801.933335651045,-8995965,,81.0,-10.9694438338096,19.0,5,25.6773655689871,0.0252689152233364,0.00988149498632634,0.0394530537830447,0.348003646308113,0.00182315405651778,0.320557916940493,0.377089737338619,0.37954477431182,0.375882200552251
A2695,2022,5.71548659213101,-5.71548659213101,1036.96222633364,1099.82242984891,-20385564,-25.7904409884331,80.57,-0.995330548046206,19.43,5,29.3622342642768,0.0252510002264664,0.00943609873933721,0.0434060542009512,0.434626707933872,0.00241564127727033,0.079759938481414,0.0282684210910808,0.0554215816257423,0.155712920966212
A2704,2022,6.18841934200559,-6.18841934200559,989.708711596656,1054.99630712417,-5091649,-26.7283417100758,86.79,-3.95086321381141,13.21,5,82.5927469779075,0.0766590389016018,0.0341614906832298,0.173586139261196,2.08564890487087,0.004903563255966,0.0532919531110155,-0.00885925022182778,0.0565618701968823,0.0754397703131706
A2706,2022,5.70522028232758,-5.70522028232758,797.751708959089,846.018953909891,-5592243,,83.47,-16.53,16.53,5,66.3776573572322,0.0581908142411531,0.0246316015919114,0.121759707432505,1.0946541895235,0.00376465526513929,0.0178121585114726,0.0664489388784945,0.107965845460679,0.170906349861391
A2710,2022,6.70051808866319,-6.70051808866319,989.46358738563,1060.52420347406,-12240049,-30.3547812247029,83.96,-8.76887971313703,16.04,5,54.3476448520217,0.0496586902707974,0.0222788988072913,0.0881404245743005,0.847573325331933,0.0026254594554047,0.144142600557024,0.162877503563124,0.13046529565272,0.239145596806571
A2714,2022,0.0,2.017280481065,954.00937344295,935.144878342468,1817330,-100.0,81.42,-0.731528895391361,18.58,5,75.5231346394331,0.0819692932368989,0.0285496764370004,0.103540159878188,1.31988326354524,0.00659814744321787,-0.0783620642775572,-0.108183648108019,0.124604419416382,0.0468770824963396
A2729,2022,0.0,-0.621677327366984,911.683579753409,917.386765277404,-5341672,-100.0,80.45,-11.1147939454204,19.55,5,5.38557732388495,0.0083142717623172,0.00372664422113136,0.0143540055000129,0.12919889999743,0.000860983320054486,-0.0212108215375265,-0.0494499735178967,0.0418538427212936,0.0297283853690284
A2735,2022,0.0,2.17418136946236,879.191900850618,860.483430419134,9211078,,80.8,-10.4014193834553,19.2,5,15.6148395164652,0.0149700598802395,0.00728204607733685,0.031056531005785,0.247970161372171,0.001116411245306,0.0589768738385299,-0.036209456428859,0.047782466626035,0.0881455257355716
A2754,2022,7.03602551497471,-7.03602551497471,811.527481075186,872.948349692071,-7659428,2.37271154508264,83.03,-3.77795804844131,16.97,5,58.8495206335973,0.0550856199711162,0.0222818238085414,0.0886115122756344,1.11450381679389,0.00278522797606767,-0.00443519523506249,-0.0587288088684477,0.0938726543371873,0.0682724310538198
A2762,2022,0.0,-1.15169241516861,790.555434870062,799.766282484512,-915853,,73.59,-12.1628073525901,26.41,5,66.8195081283868,0.0674426193843141,0.0280648319373436,0.112476884586098,1.10094637223975,0.00326335255085391,-0.0431000955163921,-0.0146389939286892,-0.0354787861727058,-0.00958186431412427
A2765,2022,0.0,-0.249178085280921,917.322262745402,919.613738651354,-354363,-100.0,74.1,-20.0647249190939,25.9,5,60.1750729470613,0.044521110563496,0.0200427139806144,0.104238541153277,1.07409232791194,0.00402497125020536,0.133880537216942,0.0762102294507419,0.0388642922396589,0.18146181164669
A2772,2022,15.3481779405841,-15.3481779405841,662.73578036407,782.89606087735,-16106284,1.02281127112693,92.65,-7.34999999999999,7.34999999999999,5,50.6377657357232,0.0409211854298559,0.0143132397467658,0.0918432883750803,1.29232039636664,0.00201853381044133,0.114852783540222,0.0248646664831637,-0.00570196807994495,0.0995600548227726
A2773,2022,5.05698956327508,-5.05698956327508,804.737220895942,847.600278518935,-3662734,80.5000455841298,97.68,-2.31999999999999,2.31999999999999,5,76.6569403918299,0.0657403257134319,0.0280890482593755,0.138801733154042,1.48573136112356,0.00582698341550874,0.0912281105019787,0.015340673375699,0.106220516788047,0.11307110561929
A2778,2022,0.0,-2.44249364904495,799.054993542833,819.060494092888,-1673020,,97.82,-2.18000000000001,2.18000000000001,5,30.6044185077116,0.0240694392672666,0.00953192395761223,0.0576175515203152,0.553277597316151,0.00175728207039778,-0.609907157549811,-0.644770170798933,-0.633897495661199,-0.593997253240569
A2783,2022,4.57666931885901,-4.57666983575481,884.241704027283,926.651482929072,-8854144,-29.4372468251458,85.81,-9.39710695808256,14.19,5,33.7974155898291,0.0320250209241884,0.0114532399453769,0.0517157834456632,0.379630853266376,0.00277520814061055,-0.245025319730313,-0.300829934843275,-0.248342143492841,-0.212126794756876
A2801,2022,7.97408464490055,-7.9740857678858,899.494775201967,977.436391376888,-7100793,65.3293633876353,79.89,-10.2258680750646,20.11,5,90.9712380158399,0.102815367864365,0.0444859231606782,0.179499144501478,1.83170010888163,0.0111992533831078,0.223470647063097,0.176784420334037,0.181400664907768,0.304074167516956
A2802,2022,6.76737493161766,-6.76737493161766,939.250858135544,1007.42723638495,-6514662,331.725913049932,80.99,-4.48166057318081,19.01,5,91.0379324718633,0.130234039165738,0.0555644005731571,0.15921031682853,1.95175927400096,0.0073236745741124,0.366342099969396,0.297534667929766,0.231818902977697,0.241715722728294
A2809,2022,9.45618090192436,-9.45618090192436,740.967848206839,818.352766194051,-5567071,-18.6971883489168,97.27,-2.73,2.73,5,86.5027094622759,0.0862443590172154,0.0431221795086077,0.158281798428882,1.89135885007521,0.00685274945679425,0.0340698646164133,0.0466294176279486,0.0611788775106134,0.0148656487498893
A2811,2022,7.55725812081988,-7.55725812081988,700.446498408367,757.708484376015,-17628675,-7.26260454060212,90.36,-9.64,9.64,5,14.922884535223,0.0142371951010326,0.00559195855775498,0.0340320422656009,0.356307248962229,0.000823355861264537,-0.0845733325388671,-0.165920367446488,-0.0920676924785486,-0.066211717300545
A2831,2022,7.68310384080291,-7.68310384080291,786.261269419625,851.698120421798,-13006752,105.099954034153,83.41,-15.9003831417625,16.59,5,44.668611921634,0.0524462090163934,0.0133837090163934,0.0536629098360656,0.578829405737705,0.00345799180327869,0.137066761973221,-0.00588450158053368,0.0568485754672998,0.148414003261744
A2833,2022,0.0,-2.98264616567999,774.395472389851,798.203044902991,-2935188,,95.76,-4.23999999999999,4.23999999999999,5,75.2897040433514,0.0658697863682604,0.0268311291963377,0.112538148524924,1.31434384537131,0.00851983723296033,0.160799631470854,0.148595922346558,0.320771583269255,0.415198210459077
A2840,2022,0.0,1.00151097825245,832.820951426663,824.562863822884,692292,,85.26,-13.6345218800648,14.74,5,85.9274697790746,0.0840297827077952,0.0384440054702933,0.141771767208631,1.9033581522565,0.00850934508433369,0.019152885410863,0.00212620229652527,0.0281342342583995,0.033838795114296
A2841,2022,0.0,0.222283347278928,817.682842319135,815.869300728056,299909,-100.0,87.84,-8.61423220973783,12.16,5,43.4764485202168,0.0393189277899344,0.0158643326039387,0.0707056892778993,0.731332056892779,0.00225656455142232,-0.000269107245229944,-0.0656992836970955,-0.0144252810444566,0.0591251129768813
A2844,2022,0.0,-0.458072842847154,1018.97981261796,1023.66896213415,-1252228,-100.0,85.09,-14.7394789579158,14.91,5,29.5206335973322,0.0297474769732493,0.0100039663302631,0.043232999867789,0.371380723634921,0.00233572782160328,0.0216054823498304,-0.06850097609341,-0.0228533194878766,-0.052111153637659
A2880,2022,5.47845908112077,-5.47845952146921,905.290825277932,957.761395650927,-12441192,1.25553800121169,84.86,-12.1895695364238,15.14,5,40.2501042100875,0.0340103670792341,0.012853062519835,0.0691314926478367,0.67147995345393,0.0024330900243309,0.0386566354228542,-0.0156447196534138,0.0834372366728894,0.144986725254488
A2909,2022,3.45055791034115,-3.45055907917548,812.415781502026,841.450529131752,-2952137,-45.9428221527536,91.09,-8.91,8.91,5,50.9378907878283,0.0394628869824692,0.0175307720999627,0.0871316672883252,1.07817978366281,0.00246176799701604,-0.277820644919089,-0.309124502311702,-0.351914209210059,-0.344927580360266
A2916,2022,7.31088841990683,-7.31088913303086,776.496176547901,837.742609983989,-10251918,-21.2238631232794,92.54,-7.45999999999999,7.45999999999999,5,34.2225927469779,0.0273179766176641,0.0114017826137284,0.0478064590809121,0.522340548674615,0.00283597638615581,-0.234822377831734,-0.280346309145258,-0.151690730764675,-0.150506627108734
A2918,2022,13.3976387157686,-13.3976380812215,783.173897075701,904.333184134417,-21113702,6.87759993897251,91.22,-8.78,8.78,5,43.8265944143393,0.0396193304535637,0.0164011879049676,0.0660097192224622,0.780102591792657,0.00229481641468683,0.0201275121394543,0.000748112419913946,0.0295964589669145,0.0856094479599051
A2920,2022,9.61415439953329,-9.61415439953329,733.642399795108,811.678415930337,-7312599,10.4720996197847,82.55,-14.4027374533389,17.45,5,69.4122551062943,0.0643268254147387,0.0303577474325697,0.100440130910732,1.18113079787834,0.00440130910732423,-0.104584349975589,-0.112121162168776,-0.119815783888541,-0.141863257897254
A2952,2022,6.49185135230407,-6.49185135230407,1057.6819412848,1131.1120544903,-5422667,52.2747988967472,74.93,8.24906096503902,25.07,2,95.7065443934973,0.121357202331391,0.0584929225645296,0.196502914238135,3.16569525395504,0.0122814321398834,0.285425513162439,0.245555174609394,0.429638848817737,0.141906453466933
A2973,2022,12.6604912965804,-12.6604917475302,2012.96033923672,2304.75346096283,-28075167,,91.21,11.8729302097387,8.79000000000001,1,82.7261358899542,0.0822142410993129,0.0407557776389756,0.0725327920049969,2.80605871330418,0.0490318550905684,-0.255988955830371,-0.288061383204125,-0.29959907968518,-0.261969636680121
A2975,2022,2.47664171815199,-2.47664171815199,804.471395854404,824.901244201862,-14058841,-21.3756118359704,88.92,-8.94941634241245,11.08,5,7.19466444351813,0.010483199111358,0.00414815329075257,0.020410996945293,0.177433351846709,0.000746320466537073,-0.00633134505796138,-0.0170247991260463,0.0198549659217589,0.0385883148400806
A3004,2022,0.0,-1.0303600748561,1055.23189152077,1066.21777377274,-1024060,-100.0,77.16,-3.75452164151179,22.84,5,89.0621092121717,0.108729743857815,0.0397281756403555,0.159696811291166,1.56547307893361,0.0135912179822269,0.0718434648318611,0.0496886679397321,0.0938737858375731,0.0548680528144347
A3016,2022,0.0,-1.21138382829743,839.387672922178,849.68056588955,-2988068,-100.0,80.98,-14.3793613871854,19.02,5,31.7048770320967,0.0278069475364389,0.0112991977149578,0.049775276179275,0.398916285126223,0.00247826269584576,0.0301771436470582,0.0315101551707878,0.0267669719942118,0.131732595234042
A3029,2022,4.5378197656493,-4.5378197656493,873.134734931851,914.639423474707,-30098038,-4.55497776017726,85.95,-11.8371114986152,14.05,5,5.1271363067945,0.0105440675829025,0.00394023452275879,0.0168169209431345,0.150769133778843,0.000472828142731055,-0.0271930563322397,-0.0841834136737049,-0.0322751435592956,-0.000724336760508331
A3030,2022,0.0,0.0521299303213081,1097.27969921005,1096.70798610106,474188,-100.0,73.33,-1.38515330823023,26.67,5,5.11879949979158,0.00721055362849261,0.0035096823532625,0.016892906890995,0.179157676235217,0.000628192172179281,-0.0189388864288339,-0.0845953777630278,-0.037389593748,-0.00713950808521039
A3047,2022,9.27016499199886,-9.27016499199886,822.255582922824,906.268134236453,-16372366,-18.4621727871045,89.71,-8.11226057564273,10.29,5,34.614422676115,0.0316340707491717,0.0123436999038153,0.0503900822913327,0.673773645399166,0.00187025756118414,-0.140907510089383,-0.185115095780647,-0.105161596231398,-0.119122781042796
A3053,2022,1.55786517978551,-1.55786517978551,921.206470632137,935.784735179242,-7032030,-63.7317553894758,86.7,4.33212996389893,13.3,5,22.4927052938724,0.0203433847929592,0.00908959746068388,0.0364665993363151,0.37325061318713,0.0014427932477276,0.402646721308027,0.473284472286734,0.426871602309375,0.434293437888315
A3094,2022,4.33277812369766,-4.33277749099455,794.522405784308,830.506400151334,-6848042,224.214372151069,85.05,2.10084033613445,14.95,5,46.6110879533139,0.0420022106426654,0.0165798199905258,0.0783199115742934,1.01744828675193,0.00165798199905258,0.316428969529705,0.276404685581306,0.275449559686896,0.319952686138915
A3103,2022,5.34420160371277,-5.34420160371277,893.424905994249,943.867064808671,-1824392,-28.9370503527065,81.89,-4.62380619613324,18.11,5,97.9991663192997,0.19981807155852,0.0839902971497878,0.376288659793814,3.43056397816859,0.0112189205579139,-0.0485755644907105,-0.138956613573264,-0.130677666874044,-0.103451367099955
A3105,2022,0.0,-1.32229330395053,1030.02668016194,1043.82916329285,-1022764,,70.63,-11.5023180052625,29.37,5,96.1900791996665,0.148905109489051,0.0636861313868613,0.180109489051095,2.72518248175182,0.0147810218978102,0.0817518248175182,0.00578481154442097,0.218449194469446,0.12114525694608
A3151,2022,0.0,-1.67647859974526,969.094008870317,985.617678322704,-1803195,-100.0,89.24,-6.49622799664711,10.76,5,77.0154230929554,0.0968647065999756,0.0307429547395389,0.131267536903745,1.02366719531536,0.00622178845919239,0.138097728449843,0.0752939630821783,0.0836025461759839,0.186627217298866
A3195,2022,0.0,-3.46574362201007,799.935252081043,828.654285115962,-2194249,,83.2,-2.51903925014645,16.8,5,87.1196331804919,0.106711733462096,0.0354096249798809,0.151778528891035,1.60180267181716,0.00981812328987607,0.0888359085787864,-0.00241999005795726,0.0688197035694659,0.101908658436966
A3224,2022,4.66489301371224,-4.66489301371224,854.842523755406,896.671279635066,-10600076,12.7540631326747,86.7,-12.1046228710462,13.3,5,7.12796998749479,0.0111103881315678,0.00448970296385464,0.0166249145980414,0.146094283762241,0.000894687184826105,-0.609602035669802,-0.644893081682838,-0.640961354068311,-0.609036807927128
A3228,2022,5.1000509309345,-5.1000509309345,903.528549249612,952.085388994307,-3377808,,71.77,-5.17901968555952,28.23,5,93.6390162567737,0.112457672429157,0.0513277490643379,0.202103011940831,2.00142577080734,0.0130101586170023,0.0775489703666498,0.0551310685317974,0.0631600103885426,0.155415345385596
A3229,2022,5.02568227542066,-5.02568227542066,805.132623332109,847.737201615865,-34803680,102.444350122591,88.9,-11.0377264084859,11.1,5,5.27719883284702,0.00864701586669322,0.00308703445528779,0.0173936134900086,0.204540928101972,0.000514505742547965,0.127673573036669,0.0721932170597775,0.131122963488361,0.146244180379804
A3235,2022,0.0,-0.40335167262095,976.19128923423,980.144719353849,-464022,-100.0,82.91,-9.93917010645232,17.09,5,74.3809920800334,0.0628277742815188,0.0304174533249423,0.116215649255297,1.07929515418502,0.00870568491713866,0.0433250598430137,0.0330316353168776,0.0449995944450306,0.0743906099868226
A3236,2022,8.8594655520284,-8.8594655520284,746.897589446506,819.500998068954,-26769748,49.1776539244234,87.51,-3.0252659574468,12.49,5,16.7653188828679,0.0158142885207256,0.00717045380132277,0.0307772902887827,0.377840350992076,0.000884028550848013,0.0229680612375021,0.0106392821075385,0.0191837963815767,0.0267785248785407
A3247,2022,0.0,-0.150948019813027,862.546957831325,863.850923694779,-129875,,80.52,-13.3727810650888,19.48,5,79.5248020008337,0.0821063801565194,0.029977450590264,0.149754609364637,1.81085024539064,0.00464252553389044,0.153101447206618,0.0587780421242165,0.138209544622664,0.16164790441728
A3250,2022,5.93348382808167,-5.93348367959516,754.891670122355,802.508373490817,-39959747,3.29043367134281,80.54,-12.9203157098065,19.46,2,3.19299708211755,0.00704748834948681,0.00317351402350116,0.0140949766989736,0.148383223261,0.000271607056065414,0.0375831636729701,0.022734360394039,0.0364446616371873,0.094011104871611
A3253,2022,0.0,-0.0945979916640499,1234.35861861223,1235.52740272167,-131923,-100.0,79.24,-11.2455197132617,20.76,5,78.2159233013756,0.0765329125338143,0.0337015329125338,0.120153291253381,1.35561316501353,0.00642470694319206,0.069641270866355,0.0359366620107616,0.0766611019266421,0.126781512990335
A3266,2022,0.0,4.28150248369452,1840.30283744365,1764.74522673031,5698555,,74.99,-7.70461538461539,25.01,5,96.5819091288037,0.127846948071667,0.0727300334041907,0.171272395991497,3.84072274521713,0.0419070756149408,-0.0128770655645847,0.0460143248177085,0.0381894307208139,0.0481470387600382
A3272,2022,0.0,-0.436631988424617,963.473615916955,967.698898861015,-468905,-100.0,90.79,-1.14329268292683,9.20999999999999,5,65.7190496040017,0.0549599368017154,0.0195237557837716,0.114772599029455,1.32829251777452,0.00406274686829929,0.000530503035952438,-0.0446788704321715,0.0586047228868267,0.120820481335163
A3273,2022,2.44890885051605,-2.44890885051605,863.344649268808,885.017931727538,-8281708,-34.5470403818377,88.64,-9.0311986863711,11.36,5,17.5489787411421,0.0161771325680846,0.00689286518118388,0.0271494485707855,0.250365743866757,0.0017161827593968,-0.0651026635834504,-0.139256839355143,-0.0523717601391734,-0.0198187178690216
A3274,2022,5.67433938090292,-5.67433938090292,850.19351912728,901.338526067159,-8401488,-43.7189215159357,81.01,-9.80850590069026,18.99,5,66.8945393914131,0.0567576042646598,0.0266541235497021,0.106616494198808,1.26884080694052,0.00376293508936971,0.474297618176333,0.414218206480124,0.503823533005095,0.513976337227685
A3280,2022,6.48397730759806,-6.48397730759806,850.191875832501,909.140328421578,-11329421,13.3776899931419,86.38,6.60249290386276,13.62,1,43.4431012922051,0.0401925078043704,0.0174947970863684,0.0682882414151925,0.683077523413111,0.00221123829344433,0.0710868635520751,0.0377654449454657,0.0884657859898906,0.0839489340988337
A3281,2022,0.0,-1.2901108302944,834.092528667222,844.993886309831,-3296963,-100.0,88.16,-11.8311831183118,11.84,5,23.2930387661526,0.0227308853918296,0.00846447305674774,0.0433555873470037,0.442894611349547,0.00107296137339056,0.0266783235309703,0.0457358551432017,0.0130942902380317,0.0416500170700983
A3283,2022,4.00587092407138,-4.00587092407138,913.58052097783,951.704577948943,-25064890,-0.0123185045080221,85.02,-9.47614991482113,14.98,5,34.9645685702376,0.0267127093752481,0.0148051123283321,0.0440978010637453,0.413034849567357,0.00317535921251092,1.4805693580527,1.59981568668161,1.34040266191916,1.39448000463873
A3287,2022,0.0,2.77849200550601,1044.33424060673,1016.10192972162,5196665,,84.05,-9.40935546453978,15.95,5,45.6523551479783,0.0389914392723381,0.0151150347779561,0.0567817014446228,0.525749063670412,0.00501605136436597,0.0737696355446944,-0.0258423594156764,0.0181119666254827,0.146019103235617
A3289,2022,6.36881827354166,-6.36881850054525,772.85914242029,825.42923206068,-28056026,15.0728952262961,80.35,-11.6644678979771,19.65,5,11.5964985410588,0.014796271875908,0.00585592633155271,0.0213227241232874,0.184416977716189,0.00109519232918352,0.0562590616518981,-0.00596768065085716,-0.0129064066735134,0.0207823817643514
A3299,2022,0.0,-1.8922618451258,948.467448898947,966.761100334088,-4073923,-100.0,82.12,-16.5277495425899,17.88,5,30.8378491037932,0.0265513733468973,0.00925737538148525,0.0598677517802645,0.506866734486267,0.00183112919633774,0.0596567453155252,-0.00694582468437428,-0.0289632643133958,-0.0185285004079962
A3302,2022,4.96420662257825,-4.96420662257825,730.03524188864,768.168724587171,-9190932,-28.0218478136758,81.47,-4.0739432473802,18.53,5,33.9391413088787,0.0397591003570858,0.0144966156797953,0.0466343335287534,0.460374140595854,0.00165218781644726,0.0605066808393989,0.0361726901376849,0.106186698632339,0.0716825960240413
A3317,2022,4.05827991521818,-4.05827991521818,898.000297182598,935.985196418255,-13676387,12.3240910042497,80.8,-7.11576043223359,19.2,5,15.8149228845352,0.0176850114387065,0.00686322391589338,0.0280184047502763,0.241626609773025,0.00120813304886513,-0.213894691545258,-0.33357873665869,-0.25043788258583,-0.20692055082331
A3318,2022,2.09751231387955,-2.09751231387955,880.328106121627,899.18869982548,-6743643,-43.7693959576194,81.21,-12.5740122725805,18.79,5,18.6077532305127,0.0161967606478704,0.00779844031193761,0.0276611344397787,0.345830833833233,0.0013997200559888,-0.0130906334070609,-0.0668179617088631,0.00120244120627878,0.00880191158830654
A3319,2022,6.3973279605497,-6.3973279605497,790.201727536833,844.208514906274,-6246209,-38.832250170272,85.55,-13.2000811688312,14.45,5,85.0270946227595,0.0906933378538735,0.0332259705034752,0.165790812002034,2.25648414985591,0.00576368876080692,0.755225683204083,0.667874498502571,0.830947485798218,0.824077449857998
A3320,2022,0.0,-0.70991790729062,980.012492809894,987.019521138913,-1169445,,93.08,-1.49222139908985,6.92,5,39.391413088787,0.035830303030303,0.0140121212121212,0.0510060606060606,0.567127272727273,0.00300606060606061,-0.369205247410817,-0.325672727272727,-0.287350369615928,-0.294838677028737
A3323,2022,0.0,-1.33740689089914,859.163405656722,870.809674246714,-4689207,-100.0,84.38,-5.04163853252307,15.62,5,17.7907461442268,0.0179335457441966,0.0074343802154453,0.0280382339553937,0.313457745410408,0.00124412077074799,0.0113012779076126,-0.0726923443537685,0.0366102633309111,0.100312121526696
A3324,2022,0.0,-0.86849110564687,846.363152362673,853.778139566767,-649019,-100.0,85.05,-12.120272783633,14.95,5,87.5864943726553,0.120110764970578,0.0391138802353756,0.161993769470405,1.82156455520942,0.00640359986154379,0.232191166941486,0.15038968724528,0.291078793673839,0.241158145501191
A3325,2022,2.16656677146768,-2.16656677146768,763.51163827938,780.419957762157,-13306374,1.23974497066177,88.64,-9.021861849533,11.36,5,5.16882034180909,0.00892391767883373,0.00393284159651256,0.0151627627817352,0.16273119264606,0.000631781782572299,0.158889990684346,0.146309709959513,0.0898768734600966,0.167123410785182
A3327,2022,0.0,-1.75431005303811,1188.14224045818,1209.35813174054,-11913317,-100.0,81.75,-4.09432191459408,18.25,4,16.1984160066694,0.0134922106824926,0.00660701038575668,0.0292794881305638,0.304571587537092,0.00134458456973294,0.182311810255726,0.104173014253921,0.127898295917275,0.179091538366267
A3336,2022,0.0,-0.393054664030765,930.640516342142,934.312876680575,-760443,,86.13,-8.59598853868196,13.87,5,46.8195081283868,0.0331089011056891,0.0153190437951696,0.0764099079621966,0.646611896967076,0.00395330162455989,0.0580133286662412,0.0245946501141315,0.0691773566561777,0.140596342383792
A3361,2022,7.10046364915594,-7.10046364915594,919.185527783245,989.440382470642,-4283579,47.6463873058504,78.7,4.04547858276045,21.3,5,93.1471446436015,0.125,0.0591736694677871,0.171743697478992,2.20990896358543,0.00892857142857143,-0.170855091383812,-0.193937226365077,-0.122769730939251,-0.0900628499575013
A3365,2022,5.84207817695333,-5.84207863898851,902.890043773371,958.9103399082,-12644229,-3.06744901262669,83.72,-10.584214461177,16.28,5,44.5602334305961,0.0394912241724061,0.0157742723839147,0.0574316818484781,0.797378360364363,0.00294379026882915,0.103700498452878,0.00235908536841676,0.112025623199623,0.120573136813304
A3367,2022,9.49681762605763,-9.49681762605763,1039.58340184525,1148.67054900886,-9553416,-0.434741374009524,83.97,-13.2989158492514,16.03,5,73.4889537307211,0.0742489701597508,0.0315482769014368,0.0892193308550186,1.38269868381393,0.00592786094644831,-0.221452608870889,-0.262053446068316,-0.267126516488196,-0.17787540835868
A3378,2022,4.26224546168908,-4.26224546168908,931.047081170924,972.497303347919,-4887976,,82.09,-6.17213395816664,17.91,5,52.9470612755315,0.0457539485799278,0.0187690346341809,0.079467384375664,0.777179686946668,0.00375380692683618,-0.31250144847867,-0.352830514561068,-0.271523771115519,-0.279588573561208
A3379,2022,4.19088884780009,-4.19088940703429,968.971867788788,1011.35670897244,-7493979,6.71383506070987,70.63,-11.8777292576419,29.37,5,51.8966235931638,0.0431458632957384,0.0158201498751041,0.0721368556505942,0.832412383619711,0.00446597532359398,0.177242869998907,0.131524700290211,0.165076855728395,0.131911002295905
A3380,2022,2.30733569392937,-2.30733569392937,806.02782289683,825.06483841156,-8157285,24.2513118512144,86.07,-13.7747946303346,13.93,5,18.4410170904544,0.0167220078375064,0.00729905172155912,0.0247988273654611,0.27853061712884,0.00185467707678961,0.0936070620177234,0.128288047071139,0.0886352097675819,0.163622243844791
A3391,2022,0.0,-1.94364306726533,797.404365825713,813.210270877921,-2924535,-100.0,82.91,-12.7722251446607,17.09,5,44.5435598165902,0.0422175984965434,0.014497617289751,0.0609436874958051,0.68273038458957,0.00315457413249211,0.0619137866528591,0.0024159685680292,0.0651644035198399,0.0863476502864956
A3397,2022,0.0,1.04402317623853,1007.67081612664,997.259198962304,3146474,,83.29,-14.8102689986703,16.71,5,29.3538974572739,0.0263240857503153,0.00926071878940731,0.0324716267339218,0.336380832282472,0.00342843631778058,-0.00607829754731717,-0.0241759749270554,-0.00977032376367443,0.0260545140114016
A3442,2022,0.0,1.93992566159747,921.051498548984,903.523808332499,4203701,-219.45341924132,86.57,-4.19433377600709,13.43,5,32.0883701542309,0.0322056574923547,0.0126146788990826,0.0527522935779817,0.521550076452599,0.00148126911314985,-0.0895866044664755,-0.115379043940125,-0.0112217958659028,-0.014666037897625
A3452,2022,0.0,-2.47234521845291,1078.16540270429,1105.49710758377,-4649123,-100.0,70.63,-11.7455954017244,29.37,5,58.6744476865361,0.0459328782707622,0.0206911262798635,0.0853953356086462,0.949658703071672,0.00455062571103527,0.0269693209590767,0.00444080485296183,0.0193406115433103,0.179803978803664
A3454,2022,3.47754409175271,-3.47754409175271,900.940120239565,933.399499382801,-25559424,-12.667206688886,81.21,-10.3444468977699,18.79,5,1.05043768236765,0.00470188972610932,0.00202577442889607,0.00774428896065064,0.0789753019973687,0.000411135031694773,-0.486633441035662,-0.509486006458558,-0.519670002616986,-0.481985221907305
A3457,2022,11.6184368292382,-11.6184368292382,796.628438296517,901.35137885868,-23665709,699.082290010403,88.2,-11.8,11.8,5,21.1004585243852,0.0163785259326661,0.00775408474106896,0.0327174902084899,0.455038176998853,0.0013846579894766,-0.2810247077763,-0.320814307703207,-0.244997449405956,-0.197739875512653
A3458,2022,9.27110009601353,-9.27110009601353,763.585986653956,841.612746833719,-34377030,274.676747991334,86.0,-11.4315139031926,14.0,5,13.0137557315548,0.0144690913185452,0.005545546672672,0.0247156851705889,0.284765229140862,0.00101339939196036,0.0841483423681374,-0.0396002543058851,0.0499252247345618,0.0478480150556251
A3466,2022,8.47510705726463,-8.47510705726463,753.818407825269,823.621185000362,-7721304,-24.8304809598656,72.64,-15.3281268213078,27.36,5,74.6727803251355,0.12351727694688,0.036616812790098,0.0951521402784941,1.23027333677153,0.0038679731820526,0.164194538748812,0.159909897935131,0.231074643764653,0.269337813440171
A3473,2022,6.31395822637622,-6.31395822637622,1043.74510166709,1114.08816287609,-29654665,12.9819885892808,88.74,-7.05906996229578,11.26,5,14.8978741142143,0.0155528372069801,0.00689018149137479,0.0317797139076816,0.287490326285044,0.000798861622188382,-0.0847793569205757,-0.147679697276451,-0.0949979701863911,-0.0945230094965445
A3476,2022,0.0,-0.663092520528686,927.870393363057,934.064102564103,-1316956,-100.0,75.61,-11.6808784020558,24.39,5,48.0783659858274,0.0478486420506561,0.0204455294476655,0.059749771132133,0.584803173634422,0.00323466585291425,-0.00606085756673482,-0.0155588687956907,0.0880016204985634,0.132306090577824
A3477,2022,9.77538343816743,-9.77538343816743,802.584660903939,889.540672477021,-14606523,-4.15513241518646,70.63,-16.7197264473529,29.37,5,43.6932055022926,0.0569199457259159,0.0145861601085482,0.0635006784260516,0.517164179104478,0.00244233378561737,-0.112733407270189,-0.199305610982521,-0.109342497649547,-0.0798317840498243
A3486,2022,4.55310310735996,-4.55310310735996,869.680225859745,911.166579713925,-7633821,-8.06309423476809,77.5,-12.8919860627178,22.5,5,43.3180491871613,0.0489387940546505,0.0177192185370286,0.0595184007269423,0.599208152138638,0.00220678912182774,-0.0596147017117662,-0.069498297784942,-0.0188726316183791,0.0575378409582076
A3504,2022,2.38731970039948,-2.38731970039948,819.420916051365,839.461546938711,-15275530,-18.8762883750967,90.49,-9.51000000000001,9.51000000000001,5,4.84368486869529,0.00844050803209635,0.0035395678844275,0.0161282572833416,0.169130483527396,0.000560565049569967,-0.00347094853024487,-0.0553369224749977,0.0380712323100438,0.0682489826700475
A3507,2022,2.58063854338375,-2.58063854338375,745.836972657185,765.594191447589,-1650360,-19.2787737745522,86.47,-12.5151760420882,13.53,5,77.0320967069612,0.0863480720559774,0.0297751972606819,0.143367574810183,1.57748995087092,0.00387077564388864,0.111033141555746,0.0795059798521165,0.0586047959136707,0.0978896460436574
A3509,2022,6.02189848459107,-6.02189748579132,789.221909075658,839.793407146452,-6029134,15.0042574847421,92.66,-7.34,7.34,5,57.7573989162151,0.0427295918367347,0.0178571428571429,0.0964073129251701,1.01849489795918,0.00435799319727891,0.105516913796769,-0.0305425448868072,0.0843063449661905,0.0773978109241448
A3521,2022,0.0,-1.40128104196028,970.546048206051,984.339409743328,-6807686,-100.0,80.62,-11.2896126760563,19.38,5,12.3718215923301,0.0109722119486155,0.00515324111743965,0.0277880513844712,0.266341198806618,0.00113420617895801,0.066846584478979,0.0704426965614924,0.0890095601667546,0.129342653549326
A3527,2022,0.0,-0.409552891432892,887.45036185911,891.099887212745,-310633,-100.0,70.63,-10.4021311683369,29.37,5,74.7144643601501,0.0835876966424043,0.0294670110354543,0.106715191359474,0.965015261798544,0.00915707912655553,-0.145695198437213,-0.167292791735149,-0.127488431875453,-0.129964537571552
A3531,2022,0.0,-1.05485814840683,1328.83176375203,1342.99849278616,-1362896,,79.95,-12.9843273835437,20.05,5,83.9683201333889,0.0851165570830843,0.0455469216975493,0.169515839808727,1.29252839210998,0.00657501494321578,-0.0496108103968152,-0.0779048705826948,-0.0252845339529934,0.0126739849080203
A3539,2022,9.21704094327357,-9.21704094327357,1071.65470091725,1180.45799790203,-17840259,-18.2449994986621,86.31,-12.7035501163144,13.69,5,94.7894956231763,0.129743877360254,0.0641241353524023,0.225275752477099,2.64180220601982,0.00822583660497289,1.91103504146226,2.00065816936721,1.44315298430151,1.66738984562138
A3547,2022,3.78470165788812,-3.78470165788812,829.396541268707,862.021482612494,-18076697,45.6839333403234,81.97,-8.41340782122905,18.03,5,12.688620258441,0.0142403980008672,0.00618453182409457,0.0248522330495904,0.20427211940026,0.00114105753212077,0.0436855506254625,-0.0186996978903141,0.0691290601981651,0.0897456377955705
A3554,2022,12.2950273893908,-12.2950273893908,690.811270086792,787.653481352582,-18031245,246.845024646802,78.2,-15.7509157509157,21.8,5,45.3355564818674,0.0549517367180968,0.0163411111955613,0.0579159382838033,0.615033822299916,0.00266018089230068,0.155326757341451,0.213151585216886,0.159099330354124,0.239480963326196
A3555,2022,0.0,3.19606742348621,800.027403961946,775.249894629094,3292039,,81.69,-18.31,18.31,5,65.8524385160484,0.0618616866063613,0.0237330998930065,0.0996984729111954,1.03083357650034,0.00476607333916934,0.113711535131109,0.183661630699857,0.135208808336162,0.115011608154299
A3557,2022,10.9794339485972,-10.9794351427108,894.522366210703,1004.84912407007,-9194632,-24.7937634637448,89.03,-10.1433185304804,10.97,5,90.562734472697,0.0980006555227794,0.0432645034414946,0.173385775155687,2.28007210750574,0.00868567682726975,0.194060618606497,0.216485734417732,0.184552721920058,0.137076684094659
A3560,2022,2.87095265069128,-2.87095283941478,911.088989321777,938.019074577615,-15212482,-18.263412487045,80.76,-13.0210016155089,19.24,5,17.1404751979992,0.01611405993383,0.00764049222859591,0.0252302858638993,0.24799466831695,0.00157094232737486,0.174231048490888,0.127487558523272,0.178368932709406,0.178264361862296
A3563,2022,3.5297313968258,-3.5297313968258,856.311683962424,887.643101197138,-14781912,,80.64,-9.04579291676066,19.36,5,22.0425177157149,0.023388460546304,0.00942990627418384,0.034652755882943,0.28140674711227,0.00149044111324486,0.17288356484501,0.227636407535801,0.152597944521931,0.177534788499385
A3566,2022,3.74435862554877,-3.74435862554877,909.911132488176,945.30680954944,-37089431,18.739017112703,83.66,-6.82704087314847,16.34,5,9.55398082534389,0.0124569219130873,0.00500966630242918,0.0178532403126839,0.203732033285702,0.00105909052702362,0.594942636910116,0.596529456913937,0.547232986479458,0.562086971286441
A3578,2022,0.0,-0.255764818467983,998.625902728538,1001.18658578219,-390033,,87.68,-9.63619499123982,12.32,5,60.4918716131722,0.0548575812793709,0.0225376426584828,0.0712573127457562,0.7181356094754,0.0076723889901218,0.192306984895641,0.172419255180828,0.228642039502798,0.24582516622849
A3579,2022,7.38290135439469,-7.38290135439469,801.070293161552,864.927000387701,-8564717,7.00555335318259,78.27,-0.191277735271622,21.73,5,70.3876615256357,0.0594849125504517,0.0255621756678839,0.125696713434557,1.10724581971939,0.00547760907168941,0.150281777813838,0.11170598225657,0.169282551682129,0.15916845384327
A3588,2022,0.0,1.94753203109059,992.827415865602,973.861157877586,8381417,,77.47,-12.2053490480508,22.53,5,19.2330137557316,0.0186832014359142,0.00821299393543825,0.0359522449756602,0.34649587990536,0.000979032389654891,0.100844121726361,0.0998244169689058,0.0519420670564547,0.0392287075931408
A3591,2022,0.0,5.38802926491399,1052.36350036424,998.560754674437,12407774,-100.0,92.18,-7.36609385991358,7.81999999999999,5,42.3509795748228,0.0280082409933738,0.0129739963249624,0.0635892867086141,0.723871039590178,0.00361935519795089,0.180399946076003,0.176105006477017,0.14704433037962,0.105935666937688
A3596,2022,8.47022626841165,-8.47022626841165,986.929379049016,1078.26048160372,-5977438,-30.7759245259245,76.64,-10.8111253345747,23.36,5,89.3288870362651,0.0956443646160754,0.0472983086364317,0.184104176021554,1.84164047298309,0.00733423140248466,-0.159992971632729,-0.142973503976418,-0.136938723178402,-0.093768794204374
A3597,2022,0.0,6.19241201379535,1351.01545080216,1272.23351008041,8112334,,81.47,-0.936284046692602,18.53,5,86.3276365152147,0.0750943923926723,0.0345406236889945,0.159697944343448,2.07593343588309,0.0110474059572088,0.184531215296914,0.0817266126834388,0.220610169474635,0.335641384416307
A3599,2022,0.0,0.43436346682626,895.253731868751,891.38189456884,659854,,79.28,-10.3065957687521,20.72,5,50.6877865777407,0.0445341212077538,0.018880161418174,0.0718454997477841,0.69834978741803,0.00374720760971392,0.06477035251266,0.000507658436218392,0.0569015005233227,0.12497220222495
A3613,2022,8.6949187459871,-8.6949187459871,752.28644703543,823.926156905278,-6340974,34.9700514680528,87.65,-9.73223480947476,12.35,5,72.5969153814089,0.0709426627793975,0.0236012772455921,0.121060669165625,1.32569762598917,0.00513674857698181,0.0200254983642022,-0.0487266614017081,0.0513219749807683,0.0996841080857798
A3617,2022,0.0,3.1513824829304,777.984650537634,754.216406810036,2652536,,85.82,-14.18,14.18,5,57.7490621092122,0.0506248676127939,0.0185342088540563,0.112158441008261,1.04215208642237,0.00275365388688837,0.0848185917027264,0.0446554081377211,0.0155086340871778,0.0731208861901511
A3621,2022,5.5622591511406,-5.5622591511406,799.81230529595,846.920201718919,-8528602,,87.43,-12.57,12.57,5,33.9891621508962,0.0323972839222005,0.0114512602140638,0.0523650592703418,0.474853262746001,0.00235930486822419,-0.0282747066913744,-0.0348314924604473,-0.115651009128637,-0.0318239592994524
A3623,2022,0.0,2.85444340737323,827.60141000552,804.633599277435,3661804,,79.64,-17.3601743281104,20.36,5,53.5473113797415,0.0579799537393986,0.020585967617579,0.0727833461835004,0.749575944487278,0.0030840400925212,0.0911071747615438,0.0479125125178352,0.0198531488436232,0.0465362958809373
A3624,2022,0.0,3.48750984735438,1144.99889702431,1106.41264700755,11509661,,75.25,-13.6843312686396,24.75,5,31.3463943309712,0.0287116671010338,0.010598557901138,0.0519068716879507,0.410129441403875,0.00230214577360785,0.147404998601924,0.121056824462078,0.109313114796095,0.0743123310136465
A3630,2022,3.26949548568762,-3.26949560797947,858.425602757447,887.440428593754,-26735189,137.644066535604,86.37,-7.57624398073836,13.63,5,40.8503543142976,0.0365026026223891,0.012980167358503,0.0615404888976741,0.758054951571457,0.00243789945311985,4.2098305668453,3.15289637829171,3.8616059059021,4.00047405343577
A3631,2022,5.8996351574133,-5.89963489669133,884.821612438221,940.295621028477,-22628070,50.7164938929639,85.74,-10.5383973288815,14.26,5,15.4397665694039,0.0176443062016571,0.00597318946296347,0.0302237881582207,0.253103581161056,0.00112857496765669,-0.0510043411285958,-0.105547769933681,-0.0611635824065241,-0.0316993335775325
A3632,2022,0.0,-0.420339484135523,1072.33479151995,1076.86126460444,-1002650,-100.0,77.61,-15.4114441416894,22.39,5,39.9499791579825,0.0322647043688571,0.0161066227551073,0.0646837853136417,0.588637884011733,0.0023671074975557,-0.0879415345409906,-0.138225653807172,-0.0545839466655726,-0.0132247990871793
A3633,2022,2.39951105805886,-2.39951132104964,918.18955723136,940.763278605784,-9123937,-32.4466886687854,78.44,-12.6697840124694,21.56,5,21.9424760316799,0.0208145639814844,0.00922675448134456,0.0352604927149026,0.299885053900401,0.00155332567026003,0.055837566301741,0.0156063543812006,0.0845837415948994,0.145268963956943
A3644,2022,0.0,-2.00323552223227,967.228446265574,987.000388655695,-3561085,-100.0,82.87,-3.96337930235253,17.13,5,16.6069195498124,0.0197854781042501,0.00690878787064168,0.0257802629102933,0.267587838382752,0.00123659238151563,-0.639611358171493,-0.62016850860637,-0.580068395411258,-0.598614143132166
A3663,2022,6.22571140741966,-6.22571140741966,853.668677061881,910.344071785819,-4623352,-5.84749840800099,70.63,-14.6362098138748,29.37,5,55.6982075864944,0.0541734329327704,0.0207859694706073,0.0699577784995128,0.646638518999675,0.00500162390386489,-0.445375004402149,-0.486170834686587,-0.573384253478281,-0.437856999716681
A3664,2022,0.0,1.16656197121299,782.517865911969,773.494572381174,1396481,,75.97,-12.4668740638322,24.03,5,31.9633180491872,0.0288335517693316,0.0120667058345008,0.0474533375514078,0.438830388213495,0.00230487639535409,-0.405013892529489,-0.396805018807918,-0.393398122530606,-0.331141317595075
A3667,2022,0.0,-0.91854191815502,944.605441715294,953.362475686434,-774367,-100.0,76.39,-12.7071191863787,23.61,5,84.0933722384327,0.0958271482764308,0.0385947550717467,0.161141349167079,1.68893287151575,0.00511298037275276,0.184815865182917,0.115312745583142,0.148131580276713,0.210449135588384
A3669,2022,3.31662438037317,-3.31662438037317,790.785160417619,817.912237082762,-2847692,,79.27,-20.73,20.73,5,62.9512296790329,0.0485995901239387,0.0228359519859471,0.0984678442470967,1.21157411925442,0.00390358153605933,-0.0135749085749052,-0.0159167094922893,-0.137533534442377,-0.0667424686093151
A3671,2022,0.0,-0.972676311543579,921.973812994586,931.029718520061,-1043675,-100.0,73.25,3.56284462038738,26.75,5,75.2146727803251,0.0753814620815304,0.0340469141425643,0.115918925074015,1.05181052152129,0.00649054884992029,0.00971208065692895,0.0582089431235852,0.10933321422035,0.123395919688032
A3675,2022,3.97652722791199,-3.97652722791199,796.713376651505,829.706897335932,-30466217,,80.06,-17.276296755528,19.94,5,5.92746977907461,0.0105519480519481,0.00402531142327061,0.0160349854227405,0.166147627882322,0.00066260270341903,0.278696697003784,0.26427638375785,0.319543809014827,0.260359681593344
A3677,2022,0.0,-0.326464319065316,757.131955301925,759.611816847335,-1142006,,84.54,-2.39002424662278,15.46,5,11.9383076281784,0.0151452496640132,0.0061769874909542,0.0259743616251421,0.269383851959061,0.000568592990799132,0.0606096735514084,0.00871519979939783,-1.21200637515183e-05,0.0160979630239094
A3692,2022,10.2279882759121,-10.2279882759121,785.14803533618,874.602251032663,-10308346,97.8998895921552,82.84,-9.48426573426573,17.16,5,75.331388078366,0.0745222929936306,0.0312101910828025,0.10968152866242,1.32496815286624,0.00585987261146497,0.215004379656765,0.213406740761753,0.256782810349123,0.214846274215944
A3694,2022,5.22879765718886,-5.22879765718886,848.06084106823,894.850777560658,-6896088,,80.76,-18.6952582301419,19.24,5,57.2905377240517,0.0510561797752809,0.020314606741573,0.0949213483146067,0.940314606741573,0.00314606741573034,0.094366492146597,0.0617191489361704,0.187307905829136,0.162336989032901
A3696,2022,8.43651306444671,-8.4365138092282,722.140380865111,788.677245600432,-11327502,220.123358052045,86.12,-10.4595550010397,13.88,5,45.8774489370571,0.0348452547232228,0.0148496655149599,0.0907887965889877,0.885760494008675,0.00213188267293979,0.0677097813355555,0.0694020541154143,0.101146523703213,0.0724568336452697
A3698,2022,0.0,-1.10963704734846,855.090041714742,864.684905772019,-1297264,,76.84,-14.106863402638,23.16,5,54.1058774489371,0.0532231404958678,0.0232231404958678,0.0845454545454545,0.901239669421488,0.00214876033057851,0.0785343956239966,-0.10392080833239,-0.0360482859908961,0.0763543913713405
A3702,2022,2.58564414841524,-2.58564414841524,862.234614200698,885.120685409399,-13382859,-59.806732105428,79.95,-13.530175210902,20.05,5,9.137140475198,0.0102412380518889,0.00461372946580047,0.0218272851408946,0.205052344105599,0.000972400380684404,0.0640842862868827,0.0408659114280416,0.0518106029753493,0.0689885476540646
A3712,2022,0.0,2.88531927924644,1068.99473332547,1039.01580984947,9153045,,76.28,-6.73676488568285,23.72,5,73.0304293455606,0.0728786033292732,0.0292326431181486,0.127994315874949,1.11337799431588,0.0048721071863581,1.36210229873465,1.25383678440926,1.68000721943035,2.13432086506866
A3714,2022,6.15985938730515,-6.15985938730515,837.550022865729,892.528524997142,-13464675,76.2248775328602,83.89,-13.0403234166062,16.11,5,40.2167569820759,0.0397218219409811,0.014973999122862,0.0593321220474908,0.602343211578222,0.00231815049182382,0.190429756231254,0.131867955920334,0.280944316463471,0.345454754296932
A3715,2022,7.38176239789729,-7.38176350889738,806.204228076283,870.459488994623,-6644251,16.0802481969279,82.25,-7.40740740740741,17.75,5,47.611504793664,0.0468538819642589,0.0153176152575462,0.0735095359663613,0.818291034689893,0.0025529358762577,-0.380767023180953,-0.413369374780998,-0.349698990507903,-0.308480708054437
A3716,2022,0.0,-0.354930167225818,848.58402391939,851.606632765169,-385165,,80.42,-10.5649466192171,19.58,5,65.8274280950396,0.0453480077448283,0.0269030877407521,0.0959951085295017,1.07123203913176,0.00621624375827983,-0.234418928072605,0.0903965218284205,0.186421883973738,-0.0724549067563436
A3717,2022,0.0,-0.302900211850917,1243.85350022318,1247.63258195705,-609581,-100.0,76.75,-14.8546705125361,23.25,5,65.4355981659025,0.0561148704406668,0.0265720415910216,0.119244099686417,0.844363756395445,0.0044561808879353,0.0549595642845354,-0.0372469459123649,0.130246725101331,-0.0487363869526314
A3719,2022,2.9180226265319,-2.9180226265319,897.582712621148,924.561630186214,-4954948,,80.8,-11.7229323718999,19.2,5,96.0233430596082,0.15,0.0692307692307692,0.290512820512821,3.13717948717949,0.00820512820512821,3.68520408163265,3.32480376766091,2.84608555361119,2.80350617446426
A3720,2022,3.76353574930635,-3.76353574930635,764.107475276323,793.989556064572,-6575014,,79.95,-9.84438430311232,20.05,5,38.5160483534806,0.0331503231635277,0.016887900479533,0.0653276808673292,0.666828827576621,0.00152894572242685,0.312838716039835,0.279572492531887,0.263378113499165,0.429413313106621
A3722,2022,0.0,-2.24954486675789,807.17653489334,825.752201146369,-2514848,,73.73,-14.8810898175941,26.27,5,54.3476448520217,0.0532195500387898,0.0214895267649341,0.0778898370830101,0.852521334367727,0.00287044220325834,-0.139795181178186,-0.127896255532424,-0.0986650084962332,-0.180267591445411
A3723,2022,0.0,-2.04209691474264,820.189317810458,837.287540849673,-5022774,,81.37,-4.97489197711081,18.63,5,59.1246352646936,0.0468889995022399,0.0234942757590841,0.089497262319562,0.922946739671478,0.0039820806371329,1.30028598760488,1.19519034573427,1.45450691875696,1.50961395370318
A3724,2022,7.92288824074982,-7.92288738747368,753.646350150855,818.4947689686,-9285256,1.1552293790668,76.43,-11.508625680213,23.57,5,59.4747811588162,0.0523888581442538,0.0201992252351965,0.0835639180962922,1.03283527024534,0.004058291828076,0.0264431122778928,0.0256049170483579,0.152294571722059,0.026863718563294
A3730,2022,8.64699625566245,-8.64699625566245,771.482552693208,844.507045277127,-7483550,56.096428505873,86.43,5.01822600243015,13.57,5,72.3301375573156,0.0710751779896223,0.0355979244599976,0.114034029202365,1.02630626282129,0.00470616628454205,0.0556209044023903,0.0482974996151012,0.0737051922692376,0.0713428046074791
A3731,2022,9.98094752753532,-9.98094607383612,877.311104499603,974.583786693868,-6865895,3.71940771181943,79.57,-15.9234995773457,20.43,5,84.0350145894123,0.101551956815115,0.0369433198380567,0.167172739541161,1.51433873144399,0.00539811066126856,0.00729951093845654,-0.025557814854487,0.00784571377614585,0.00955857698265572
A3738,2022,0.0,-0.533791859944577,1013.32330801639,1018.76137329932,-1125549,,71.04,-21.9169048142449,28.96,5,49.8124218424343,0.0505709624796085,0.0233822729744426,0.077215878194671,0.679309407286569,0.00210712343665035,0.166106899529796,0.129684717824052,0.22636891949746,0.24121105974062
A3739,2022,0.0,4.06473350416652,1138.92964280016,1094.4434338599,15612524,,81.13,-11.9300911854103,18.87,5,16.8570237599,0.0158438576349024,0.00767955096313305,0.029417017476719,0.245516009695114,0.00132669983416252,-0.293644115258604,-0.348996674006408,-0.256537459148549,-0.304502754143797
A3747,2022,4.4628383527579,-4.4628383527579,914.206375901984,956.911802841251,-13635672,,78.84,1.41497298687935,21.16,5,32.3468111713214,0.0270142924454217,0.0117794879849223,0.0473535416993875,0.503337521595728,0.00235589759698445,0.119620394685017,0.0882938066069838,0.0961536073513775,0.162345975587917
A3759,2022,0.0,0.052239900355307,831.131826564399,830.697870824427,124245,,86.87,-10.8293984808048,13.13,5,30.7961650687787,0.0315543071161049,0.010440074906367,0.0497659176029963,0.453885767790262,0.00187265917602996,0.128716961743847,0.0690547089742972,0.119072081606682,0.17212737225063
A3762,2022,5.51405008371902,-5.5140495283174,762.850875304922,807.369636963696,-9928040,,76.25,-16.1719437115215,23.75,5,40.8837015423093,0.0342108609945313,0.0159608292000509,0.0647335622535928,0.707427190639705,0.00216202467251685,0.236915643428736,0.181737250413328,0.245436425809803,0.310466798388636
A3764,2022,5.06747111764321,-5.06747111764321,814.661758637913,858.148169261841,-8009675,-20.3718853431897,87.74,-7.76831703984022,12.26,5,40.1333889120467,0.0324600168350168,0.0139414983164983,0.0587647306397306,0.772569444444444,0.00242003367003367,-0.0545943104351548,-0.100890514033896,-0.159829360721427,-0.121733348988096
A3769,2022,0.0,3.28782916048003,1169.47602696172,1132.24959462037,9366766,-237.636859684907,80.65,-16.6322100475501,19.35,5,38.7411421425594,0.0295694806189674,0.011797150298759,0.0681272662274654,0.616209590929983,0.00270670547980185,0.154586349382696,0.134691043414581,0.137384040723582,0.257475808325259
A3770,2022,9.73452799839997,-9.73452799839997,981.414006171771,1087.25294889543,-14679438,-28.8752045400676,70.63,-8.77034358047017,29.37,5,65.6023343059608,0.0478208890338007,0.0239104445169003,0.0812955113574611,1.5242908379524,0.00499945658080643,0.259029237933185,0.141970734406339,0.30850813317393,0.301403767686338
A3783,2022,8.46813380652779,-8.46813380652779,890.999085577824,973.43048124301,-10907652,4.61447214953633,84.96,2.63348634935974,15.04,4,51.4047519799917,0.0440190543401553,0.0197600564573042,0.0919195483415667,1.03369795342272,0.00185250529287227,0.0133572279935115,-0.0315815886458087,-0.00196240851130583,-0.00138240437196471
A3791,2022,0.0,2.89675436968331,853.20806209314,829.188507761642,2878023,,82.99,-12.7523128679563,17.01,5,54.4643601500625,0.0410934744268078,0.0194003527336861,0.0961199294532628,0.947442680776014,0.00308641975308642,-0.108003604018097,-0.135211955152431,-0.0825123491854814,-0.136908726986665
A3797,2022,0.0,6.48243423938638,938.413397196591,881.28469629734,9732674,,80.86,-17.1346587415454,19.14,5,55.0896206752814,0.0414134953629677,0.0187879756955548,0.112328110009594,0.99136552606332,0.00271826031339942,0.202346408319126,0.180234030751293,0.111635445345624,0.202656242689445
A3799,2022,0.0,0.684624721632075,1536.11043978176,1525.66535757443,1140979,-100.0,84.09,-5.16521935265591,15.91,5,74.0225093789079,0.0672720171841437,0.0286076938098028,0.156805311462605,1.4182776801406,0.00380785002929115,-0.109916900541773,-0.168000521563468,-0.0936126283122816,-0.106759230135111
A3822,2022,2.60649471896629,-2.60649447471055,1066.22972553801,1094.76470714072,-10671170,-46.3365029038472,81.62,-9.22033144255366,18.38,5,26.094205919133,0.0233099446768317,0.0109971663743085,0.0377479422480097,0.370698961003913,0.00185535015517474,0.0682810528070357,0.0416890361366226,0.126190526489174,0.124643281278179
A3825,2022,0.0,-0.169413834695676,889.117391431704,890.626235490053,-721149,,82.01,-6.96539988655701,17.99,5,20.9587328053356,0.0207297087490296,0.00764785371323424,0.032258991978379,0.285989477013312,0.00178258244443806,0.129471367667718,0.0725576251563606,0.17611511409016,0.225995602582879
A3832,2022,4.58887206774927,-4.58887094740222,848.70165630232,889.52060910468,-4095937,,77.31,-12.3270582898617,22.69,5,81.1004585243852,0.0839309428950863,0.0353253652058433,0.115670650730412,1.39362549800797,0.00889774236387782,0.146781935439072,0.153869936918991,0.102924135372197,0.102893935470584
A3834,2022,2.61083391142183,-2.61083385578397,983.75100993411,1010.12366044633,-46925490,-31.7062624301852,70.63,-20.8006279434851,29.37,5,3.20133388912047,0.00645733475500992,0.00290978664886249,0.010473238931351,0.115793564588295,0.000697551593905392,0.505462618661329,0.452708535129238,0.436659892599668,0.568626716185784
A3835,2022,0.0,1.86947904026642,915.967147886005,899.157585290042,1795463,,87.09,-5.48079010201866,12.91,3,77.2321800750313,0.0814737934613389,0.0343798650752465,0.135443694862481,1.27906071613908,0.00480020757654385,0.122597887924733,0.0851602093431528,0.17831913003042,0.17617983216677
A3840,2022,0.0,-0.116510318997345,975.72086843382,976.859009982505,-309661,-100.0,85.0,-7.84908933217692,15.0,4,32.9470612755315,0.0269647058823529,0.0139764705882353,0.0616,0.506447058823529,0.00155294117647059,0.0878483567092319,0.0633842874062376,0.114606306028527,0.128155735056543
A3864,2022,7.78569285826107,-7.78569285826107,809.807049575405,878.179400438029,-33590789,131.128015146889,70.63,-17.2272354388843,29.37,5,13.5139641517299,0.0138799385317008,0.00557676101720121,0.0300401526793238,0.288975363109106,0.000917067367273088,0.0641546131579813,0.0378098763874305,0.0280622472236632,0.0520734737760459
A3873,2022,0.0,-2.32304844521461,1026.68789255893,1051.10558449716,-5287114,-100.0,79.93,-10.7824533988168,20.07,5,38.1825760733639,0.0339700395388985,0.0133095728685192,0.0564682296597427,0.648549312245921,0.00233892075513727,0.100458516050061,0.00484490727849854,0.030687316378844,0.0770747737636339
A3891,2022,5.89085143316391,-5.89085143316391,959.95423018568,1020.04347590492,-9980343,328.457117982217,78.14,-13.0618602581219,21.86,5,33.805752396832,0.0241603161162856,0.0115156646909399,0.0551510019757268,0.663279706463449,0.00208862545865086,-0.207575982546186,-0.315929978595284,-0.245338724442203,-0.178315373147433
A3894,2022,13.8598567334981,-13.8598582333662,720.13004062594,835.998206941519,-9240718,99.1562164461822,86.68,-11.4154317833418,13.32,5,57.3405585660692,0.0502315639472747,0.0190594941218383,0.079622372639829,0.939169932312077,0.00427502671891699,-0.488761142429422,-0.480863123222389,-0.379673686131379,-0.281018629668066
A3896,2022,0.0,4.5047007412533,901.913836724048,863.03661971831,5962210,,82.82,-1.75563463819692,17.18,5,64.9437265527303,0.0604824713641097,0.0282887886150642,0.103175980562305,0.892745574453315,0.00407844498438042,0.125132436729726,0.0955476318197595,0.141385398310661,0.159708910805853
A3899,2022,10.2202887921031,-10.2202887921031,833.647145962624,928.547368605589,-10826597,-17.5398574095523,84.99,-6.18169775913457,15.01,5,48.8953730721134,0.047600407108745,0.0203554372504502,0.0739841853910593,0.808267439129414,0.00211383386831598,-0.249523929713368,-0.275209206217117,-0.266424960018775,-0.177347777178011
A3908,2022,0.0,0.911293108345122,811.296331830247,803.969810355304,916372,,82.19,-10.7212687377797,17.81,5,64.6769487286369,0.0648288397455317,0.0239321417752196,0.0871453095021711,0.836009290114107,0.00615974957083712,0.0987170677523196,0.0705781704854687,0.0385846043932462,0.0310051770046867
A3919,2022,9.64158112900513,-9.64158112900513,778.833234740673,861.937652818623,-29501736,174.307194263802,75.59,-12.1046511627907,24.41,5,24.6602751146311,0.021933216168717,0.00931458699472759,0.0349033391915641,0.32066783831283,0.0021792618629174,0.0315585594899148,0.0168023138930861,0.0484434859425769,0.0387781522173463
A3922,2022,6.36836361465067,-6.36836361465067,782.018650793651,835.207715023994,-5763567,99.6650405422539,87.37,-12.63,12.63,5,63.9766569403918,0.0644254553631662,0.0202383629413087,0.122891837193614,0.951877670339555,0.00371036653923994,0.0894416890063495,0.038366007727375,0.0293958518761891,0.116411760420857
A4502,2022,0.0,2.00747759047721,868.215180022431,851.128956945684,2985920,,83.35,-5.48815058396644,16.65,3,35.2480200083368,0.039434232824925,0.0116021379220441,0.0547516621040282,0.542302177030374,0.00189023595359145,-0.0692370621890058,-0.101266305538683,-0.0378232694818059,-0.013182604924552
A4510,2022,0.0,-1.73813410542401,869.169932158769,884.5445018226,-1214714,-100.0,75.22,4.45771420636022,24.78,5,89.8374322634431,0.117227319062181,0.0502888209310228,0.164967720013592,1.84522595990486,0.00696568127760788,0.0932360746535449,0.0444845331541132,0.153529027726319,0.157939731950412
A4513,2022,0.0,-1.10799339389278,854.450549523658,864.023877002501,-1438986,-100.0,71.2,-4.58322165639239,28.8,5,64.6769487286369,0.0664567733151804,0.0280803267528931,0.0885806671204901,0.820371000680735,0.00476514635806671,0.148189713856482,0.0889602876369638,0.131714444331155,0.119638179970999
A4516,2022,2.72942588209722,-2.72942527201737,979.909328367382,1007.40571453155,-4473882,6.82636918143407,74.39,3.91116077664478,25.61,5,54.9729053772405,0.040957687095317,0.0204035536816744,0.0802589971389851,0.882246649600964,0.00406565276313808,0.0189821638998216,0.0171021484184699,0.0520079431834901,0.0679408657580951
A4527,2022,2.73424353577162,-2.73424353577162,822.07276074454,845.182097614051,-23787827,-5.36818282357172,83.58,-12.7557411273486,16.42,5,1.69237182159233,0.00579152464572082,0.00223652469455323,0.00956138723129963,0.0907110976550673,0.000449258235587112,-0.167844247722058,-0.169484466239064,-0.154585185044364,-0.0615837566351465
A4542,2022,0.0,-2.13478766501248,845.271055312354,863.709417416921,-5357598,-100.0,79.57,-1.11842922828384,20.43,5,41.1588161734056,0.0479603416353103,0.0146329809472615,0.0418682434450218,0.744370781819268,0.00232933166099265,0.506240872058889,0.347235743942931,0.588734606520207,0.423873099406963
A4546,2022,5.07842190142322,-5.07842288119485,817.481166464156,861.21742945862,-5183272,5.31920535399159,83.46,-15.6884533791292,16.54,5,71.7132138390996,0.0865269786125285,0.0286613831288677,0.097383563131039,0.987297796113343,0.00607968733036587,0.0997946470750728,0.114408739294083,0.1105413478833,0.138177597020285
A4548,2022,6.84796538381678,-6.84796538381678,726.087458574621,779.464948421511,-30860089,63.5585369598562,82.73,-14.6761551155115,17.27,5,7.06961233847436,0.00958660223426526,0.00395202785983996,0.0180971572789701,0.231389274744194,0.000665192808091875,-0.0817636003088155,-0.0976078186766371,0.00569272601718846,0.00798027808497325
A4551,2022,0.0,-2.3237613995479,905.137189658187,926.670808200018,-3941169,,84.19,-1.47454651843184,15.81,5,53.5806586077532,0.0426284050738199,0.019061481943578,0.0765925001732862,0.737714008456367,0.00471338462604838,0.0589062446024453,0.00597135848945279,0.107987597929739,0.0948348759540403
A4556,2022,5.85371020617642,-5.85371048296092,783.84059003005,832.577251903471,-21148982,-4.35793814902936,87.63,-12.37,12.37,5,13.9724885368904,0.0145271122320303,0.006078184110971,0.023858764186633,0.277250945775536,0.00121059268600252,-0.13311974829261,-0.113712524915592,-0.0882185611918034,-0.0316715706879641
A4557,2022,0.0,-2.7303727573307,912.036475441143,937.637473582359,-4021712,-100.0,72.82,-11.7012246877653,27.18,5,55.4647769904127,0.0567095806018482,0.0195877102914462,0.0763762735960825,0.691493562909723,0.00418608324776874,0.0666452868660843,0.0552375120383617,0.0484528876593908,0.14660756610816
A4558,2022,11.8276091333513,-11.8276091333513,808.75069721302,917.238025717334,-23184610,43.8742394503533,76.98,-23.02,23.02,5,96.7319716548562,0.148967282032535,0.0676293182233595,0.217144946079327,2.53134710290623,0.0157192469384025,3.97740774055801,4.37683271535629,2.74362735057774,3.17166595979152
A4559,2022,0.0,0.902000510105203,1049.73528766153,1040.35131350682,5301007,,70.63,-17.8720930232558,29.37,3,15.5731554814506,0.0141290118719812,0.00638739674084774,0.0264749695300862,0.258068884575453,0.00148964022931431,0.0201276593152086,0.00228900525135801,0.0949610402333869,0.157204448123314
A4563,2022,0.0,1.34862735832766,1060.57699254253,1046.46409150936,2906806,-165.513356308487,79.91,-12.3505539102775,20.09,5,47.619841600667,0.0317585007294355,0.0172259005723263,0.0723824486589608,0.600774323869375,0.00460105487599596,-0.0453539290367226,-0.106751186031996,-0.0224959242682766,0.0448884346361679
A4565,2022,3.2254635029937,-3.2254635029937,1061.15651663163,1096.52451465315,-3432252,,79.11,-8.29952474788454,20.89,5,83.2180075031263,0.0802540415704388,0.037066974595843,0.122748267898383,1.50484988452656,0.0112009237875289,0.0301816415557756,-0.0235810307603194,-0.0203090471609819,0.0449107815728698
A4566,2022,4.21147921197004,-4.21147921197004,772.814601375446,806.79249978774,-6403067,13.7056190019049,91.08,1.49320258524627,8.92,5,49.6373488953731,0.0456276496371344,0.0168858230940576,0.0707767478623267,0.659840482862686,0.00388014658331537,0.0922814175328648,0.0823467994656367,0.151476268793824,0.172445198765799
A4568,2022,0.0,1.69234134574736,948.217592592593,932.437566137566,1431564,,89.15,-7.51115260919182,10.85,5,80.3584827011255,0.0947152686283121,0.0332308593178158,0.104230712926365,1.29131898697116,0.0112721417069243,0.0965504300613163,0.0467720685111989,0.135687708411119,0.153710380268404
A4573,2022,4.19765804408932,-4.19765804408932,888.512957369397,927.443880002746,-6805281,,88.66,-11.34,11.34,5,40.6419341392247,0.0324953623744643,0.0136250239877183,0.0561632444188575,0.533550821979147,0.00371010042858057,-0.0475655056160541,-0.0895608971142554,-0.0287134686615558,-0.0585385714044905
A4575,2022,3.70386640776072,-3.70386640776072,893.818103409143,928.197291070861,-6058713,118.97970646149,76.9,-12.9795179359511,23.1,5,53.2638599416424,0.0413360016562004,0.0182872127527431,0.0767372852115106,0.721275274308191,0.00510661790076599,0.0668901938892075,-0.0162417344806415,0.045671142990138,0.123592991641321
A4577,2022,9.38904709862312,-9.38904709862312,1092.05007283321,1205.20758017171,-20508214,-45.7623381128606,77.49,-5.31524926686218,22.51,5,53.805752396832,0.0341737102885456,0.0185077236957155,0.0716992130574177,1.2163363450889,0.00393471291168755,0.0619867211685276,0.00187150887595591,0.113555665871224,0.222204531383949
A4582,2022,0.0,1.48458181172882,948.129995549622,934.260139445186,1869934,,78.09,-16.7217660232484,21.91,5,69.0954564401834,0.0615174299384826,0.0310516551118055,0.112977248315594,1.18015818767698,0.00380822185333464,0.133030041571888,0.083432749009735,0.144503861765293,0.18737079964986
A4585,2022,5.27132560427719,-5.27132560427719,959.004442568247,1012.36974832147,-5309421,-20.0748668559488,80.24,-13.7760584569095,19.76,5,83.4264276781992,0.0850736707238949,0.0427930813581038,0.141575912876361,1.47572069186419,0.00653427290198591,0.0606703819125006,0.0343948616327652,0.0961476667484318,0.390765276845867
A4588,2022,0.0,2.20703798883034,791.762337291301,774.665182428854,4907157,-189.070569891946,76.67,-11.7823035323898,23.33,5,32.0967069612338,0.0293737122047055,0.0125065887201112,0.0563036082227227,0.405050553452489,0.00201255450668456,0.140520208623616,0.20617979438556,0.160934588073893,0.208859696114077
A4592,2022,2.87642105764542,-2.87642105764542,1125.62205687081,1158.95858567866,-12351984,,70.63,-21.8867507188675,29.37,5,22.3009587328053,0.0194494995450409,0.00867265696087352,0.0309656505914468,0.354526842584167,0.00181983621474067,0.0318594457942084,-0.0570928557010853,-0.25012157018281,-0.117964581815404
A4597,2022,6.57872485218652,-6.57872485218652,961.222807806308,1028.9121041063,-8130026,21.1505179354349,71.6,-18.3766529867761,28.4,5,79.699874947895,0.0721184803605924,0.0294913071474565,0.116806181584031,1.62936252414681,0.00914359304571797,0.291294937261484,0.294642514205669,0.28361192476863,0.362602647406254
A4600,2022,0.0,3.32334350314079,740.994768170426,717.161043233083,1521545,-100.0,70.63,-6.32625994694962,29.37,4,84.4852021675698,0.113370922271446,0.0308095046314942,0.154853000402739,2.04470398711236,0.00543697140555779,0.144465477199415,0.10004405798355,0.107383203851957,0.108772492789461
A4604,2022,3.07540643413491,-3.07540643413491,906.12820132991,934.879547071973,-36683152,-7.8983855984333,81.32,-9.95460081939985,18.68,5,0.917048770320967,0.00488344935317045,0.00184266800127394,0.00761332787357629,0.0764290155754736,0.000318485827380682,-0.214488675374974,-0.252221412597521,-0.177264126452255,-0.157677565554368
A4613,2022,3.44827001517538,-3.44827001517538,848.021297200521,878.30771891276,-7443191,-26.4521135309915,79.94,-8.69217589948601,20.06,5,70.762817840767,0.0796888945556547,0.0257554507203876,0.112711972459518,1.20617110799439,0.00420757363253857,1.30838551697286,1.35478406586401,1.71365311344887,1.35545019997034
A4614,2022,0.0,-0.540732819313944,841.536017289907,846.111218335344,-910282,-100.0,81.36,-18.3706230560851,18.64,5,42.7761567319717,0.0390997954080473,0.0137910131090399,0.0628173069637039,0.731681442752141,0.00272789270288702,0.397143551434103,0.291836143208373,0.262754066912719,0.38683215640241
A4617,2022,0.0,-0.491059583314572,973.395145184395,978.198683563893,-3675168,-100.0,86.89,-13.11,13.11,5,6.53605669028762,0.0118810958563708,0.0037584643101199,0.0187767907063428,0.119556439088029,0.000807603901348077,0.0127204673936984,-0.0490787004578394,-0.0349817137138193,0.0717731619113735
A4618,2022,3.75553974882608,-3.75553974882608,760.265765765766,789.931975078527,-6875678,-19.6592861376917,79.73,-8.74442028156118,20.27,5,28.9537307211338,0.029683199309191,0.0124669437098602,0.0460359436558908,0.537697663122673,0.00107938906578876,0.102502522034067,-0.0131698737203268,0.0392367322677172,0.0869660339485014
A4620,2022,0.0,-2.47038325864198,954.532554587019,978.710453787976,-4526683,-100.0,78.12,-4.56877595895431,21.88,5,46.3776573572322,0.0408216840585417,0.0225109929776203,0.0677954978014045,0.701975454485791,0.00216578066548533,0.0758444504752834,0.100992201996337,0.145629815992397,0.107586760939804
A4626,2022,0.0,-2.33370158292041,841.443744295079,861.549744315824,-7753517,,82.89,-15.2280629985682,17.11,5,12.8386827844935,0.0171282711896753,0.00562990529354231,0.0257401178463227,0.201054414465994,0.000978076767098452,-0.266087836064792,-0.290499464653821,-0.203023971471669,-0.231241238745887
A4627,2022,0.0,3.09599819135698,1012.07251578843,981.679729129663,2464004,-183.835072521954,77.45,-9.93138737062448,22.55,5,92.388495206336,0.107956477388643,0.0533832029921795,0.18701122067324,1.98673920435226,0.00918055083304998,0.141399000371947,0.04538237511642,0.145256831450843,0.0752747292497124
A4629,2022,0.0,-0.498477722940619,1058.6712962963,1063.97497452195,-1582066,-100.0,72.02,-11.8482252141983,27.98,5,35.5564818674448,0.0292114548289161,0.0122261426109789,0.0505046360876344,0.469434643472553,0.00307704931484369,0.0113347411381551,-0.000271536106204541,0.0404071297646857,0.150727996211196
A4638,2022,0.0,1.26839003205712,843.985911197853,833.414958933073,1039928,-122.902354901745,86.34,-5.12087912087912,13.66,5,85.0521050437682,0.0979658988932097,0.036643733173796,0.164373317379599,1.46066407418486,0.00702961411905474,0.110822184130751,0.150978255014481,0.220644656490063,0.380668499874953
A4641,2022,0.0,-1.1435318700899,1048.41310598806,1060.54072719886,-18388918,-100.0,80.86,-1.53433999025816,19.14,5,1.70070862859525,0.00495320703035837,0.00214562885186031,0.0105227117096553,0.0807349920109564,0.000479342615841132,-0.0251209022819439,-0.068332560706142,-0.0290823845504502,0.0227832949976297
A4649,2022,3.97456358557206,-3.97456358557206,766.67337164751,798.406547551307,-3346073,-32.7002345585002,82.8,-14.8936170212766,17.2,5,70.0875364735306,0.0726262949909217,0.0260600234967425,0.111502723486062,0.989319662501335,0.00555377549930578,0.0161898950401738,-0.0458773897255154,-0.0292404383697117,0.0389972760042716
A4650,2022,0.0,-0.508205984466834,1133.07184099489,1138.85959360426,-312747,,73.69,-15.3183176281315,26.31,5,97.0654439349729,0.135057471264368,0.0654761904761905,0.220443349753695,3.07840722495895,0.0197044334975369,0.0307860900058445,0.0381664989939639,0.00166686422358182,0.0286594859491054
A4652,2022,0.0,1.78163023339089,803.333111584176,789.271216959376,1585338,,74.22,0.337974854670813,25.78,5,61.8340975406419,0.0708709942481512,0.0233155299917831,0.0763147082990961,0.813681183237469,0.00482744453574363,0.00427298787538515,-0.022100873782134,0.0368282539693507,0.173447928756151
A4654,2022,0.0,-0.352087406631878,809.498254839201,812.35846669715,-375317,-100.0,73.0,14.2946610302176,27.0,4,60.3668195081284,0.0648551410717667,0.0205453512592312,0.081518651770498,0.948305245218709,0.00397651959856088,-0.00254434933928414,-0.0439854637459862,0.0390498854174929,0.00952033647836426
A4657,2022,3.87938555405286,-3.87938555405286,805.306505191834,837.808320133756,-2954805,,70.63,-15.9266753957862,29.37,4,82.8261775739892,0.0830050647158132,0.0370005627462015,0.159679234665166,1.32203151378728,0.00731570061902082,0.0480772838116676,-0.00243322645828363,0.132614581980374,0.218257685622657
A4671,2022,8.79841426480298,-8.79841426480298,808.382920559056,886.36936961402,-8615319,,83.61,-8.46288592073572,16.39,5,70.3709879116298,0.0568955568378534,0.0298903635314484,0.111482977495672,1.28863242931333,0.00450086555106751,0.0210146125716933,-0.0172475476053087,0.0870658979436004,0.168920604584463
A4678,2022,0.0,1.60535921252727,1031.45435236156,1015.15742905261,2593362,,80.7,-6.30442354580285,19.3,5,52.9303876615256,0.0419153553988063,0.0196690179055887,0.0790151926207271,0.88415626695605,0.00345903418339664,-0.0610818784736989,-0.16131560628292,-0.0257751345156479,-0.153618360788803
A4690,2022,0.0,-0.15418135245574,846.77262866547,848.080210203471,-139838,,91.23,-7.31484303565986,8.77,5,73.7724051688203,0.0638747359264322,0.029949049335156,0.101652789859575,1.37280974276128,0.00646203554119548,0.159371988953898,0.150456584805646,0.16264187280134,0.211135913407129
A4692,2022,0.0,3.68855307323759,928.2069871586,895.18752036494,15808532,-114.068866973568,85.8,-9.79814970563499,14.2,5,12.2467694872864,0.0133439314015945,0.0055880723559024,0.0229303658742202,0.17927595924561,0.0013970180889756,-0.0526995887376924,-0.122254634710874,-0.0547676825661277,0.0131260324294168
A4701,2022,8.07354432508434,-8.07354432508434,780.617890653667,849.176534570425,-5231573,-14.4027632886158,79.48,-9.21758994860079,20.52,5,81.3088786994581,0.104493392070485,0.0311894273127753,0.166343612334802,2.16493392070485,0.00352422907488987,0.173981413738889,0.0223379808347335,0.154159523957253,0.142309968506484
A4707,2022,4.51365882807024,-4.51365966631671,837.022087999295,876.588300561385,-5384645,-7.46177239693464,81.06,-10.5100463678516,18.94,5,48.8036681950813,0.0377945753668297,0.0200088928412628,0.0679561286497703,0.828516377649326,0.00303838743145102,-0.127029981191007,-0.133889871325339,-0.0824019297928709,-0.102805058187375
A4709,2022,13.4114552280782,-13.4114552280782,929.616356076545,1073.60200881675,-28742416,86.8912346080468,80.34,-14.1207910208445,19.66,5,32.8136723634848,0.0277175830267601,0.0109862419996976,0.0496900670261553,0.612407398074888,0.00206621982563121,-0.13816449785018,-0.173049159887014,-0.15534391286164,-0.0795164087081362
A4711,2022,5.02382217443183,-5.02382217443183,917.548524768107,966.082807052168,-5902157,,74.44,-18.3861418704089,25.56,5,71.0379324718633,0.06339562077267,0.0280866674309297,0.107646451908747,1.11463945890175,0.00596125186289121,0.143151638630316,0.157033690020495,0.155339703028575,0.188332400482835
A4723,2022,7.92557540999478,-7.92557540999478,1130.68559990521,1228.01267011985,-11499388,-3.65513337687795,71.19,-14.4453791611585,28.81,5,68.4785327219675,0.0550942658982124,0.0265702842629677,0.100322360066426,1.32841652827977,0.00468887369346488,-0.031324746368216,-0.068999932906834,-0.00889678431138814,-0.0210367123746011
A4733,2022,8.61722336913613,-8.61722336913613,1061.75707081622,1161.87875873496,-27795783,4.31421611660466,85.5,-13.9319508757802,14.5,5,25.4189245518966,0.0222241589681018,0.0080181279414328,0.0395241415373889,0.45049677531811,0.00183022485619662,0.0916261522866985,-0.00269145201587122,0.0215882078988911,0.045018302248562
A4737,2022,6.59172056039519,-6.59172056039519,697.935376516153,747.187915999907,-8494881,12.1966981614276,82.33,-16.8299828265481,17.67,5,26.9695706544394,0.0232999052038118,0.0108766152771541,0.041311180960934,0.593374245372449,0.00119742553509954,-0.152178386090159,-0.244784582712386,-0.211485944088553,-0.189951427078439
A4744,2022,15.3573566399866,-15.3573566399866,705.601017811705,833.623561129286,-21131401,24.5019427614197,82.11,-10.4677788681714,17.89,5,52.7136306794498,0.0627088830255057,0.019349164467898,0.0678100263852243,0.830606860158311,0.00281442392260334,0.121665391438012,0.147188608861796,0.267331931389636,0.245296278943605
A4749,2022,0.0,-0.25925309613656,1031.39927451742,1034.08015934707,-165550,,70.63,-13.9917194349732,29.37,5,81.3005418924552,0.0914457982665494,0.036301972114056,0.114181635472931,1.46413767114684,0.00703429217434996,-0.375888490875778,-0.447307844677715,-0.424675285910076,-0.316768957972441
A4754,2022,0.0,0.385504756820661,881.577610527819,878.192138061567,379200,-100.0,82.62,-4.52969724982667,17.38,5,77.3238849520634,0.0678303655107779,0.0337394564198688,0.132146204311153,1.31103561387067,0.00609184629803187,0.0430455217093916,0.00614724032925021,0.112574454029347,0.171370057967996
A4756,2022,1.62744203403989,-1.62744203403989,762.529661267003,775.144691806084,-1710144,-28.6517228949441,88.09,-11.91,11.91,5,14.4060025010421,0.0143852978453739,0.00586185044359949,0.0291191381495564,0.323130544993663,0.000950570342205323,-0.61214627742437,-0.658652966694106,-0.663650072164986,-0.637710458507116
A4757,2022,0.0,1.65706956352553,801.019279471262,787.962197720745,1691101,-100.0,82.89,-12.3135512535703,17.11,5,58.3909962484369,0.0669107551487414,0.0241647597254005,0.0786270022883295,0.892906178489703,0.00292906178489703,-0.0332425966260158,-0.109862622128849,0.0278515768386689,0.0323859315060103
A4764,2022,0.0,-0.511108151289579,903.886280622205,908.529850746269,-294941,,80.14,-12.4344405594406,19.86,5,91.879949979158,0.137418013117901,0.0526315789473684,0.218365061590146,2.19964805631099,0.0060790273556231,0.278301482307646,-0.0156220941045194,-0.174098236358511,-0.00959188432164489
A4768,2022,7.82022072214373,-7.82021904195666,745.580669710807,808.833197434225,-4654374,-25.6794497081708,91.23,-8.77,8.77,5,76.1817423926636,0.0922144224633057,0.0271218889597958,0.137045309508615,1.27536694320357,0.00478621569878749,0.0281069791727099,-0.0656661623513046,-0.0202267482179512,-0.0493644367569815
A4771,2022,0.0,-0.812487170948892,950.192802056555,957.976236075407,-3633307,-100.0,76.1,-7.67924299405558,23.9,5,15.2646936223426,0.0151058222620697,0.00711821120982422,0.0282826636237672,0.288423397723259,0.0010052435677996,0.0587684432333547,0.0217653729231073,0.0649900494954704,0.0947220049398457
A4775,2022,0.0,-0.438545604183742,1212.31381662404,1217.65378376692,-1027132,-100.0,78.67,-16.6101335594658,21.33,5,22.9512296790329,0.018037336024218,0.00769424823410696,0.0307769929364278,0.501387487386478,0.00170282542885974,-0.488282373217363,-0.479615590951475,-0.506403388077763,-0.485047578519831
A4776,2022,4.53097666059082,-4.53097666059082,752.710150485791,788.433906786471,-1956090,,73.08,-3.96846254927726,26.92,5,54.4226761150479,0.0469381643958676,0.0237310974696811,0.0740380296451565,0.826021859559814,0.00336876777960773,-0.66429648254178,-0.611881728479732,-0.625259719112007,-0.600194639916155
A4777,2022,6.79694421396989,-6.79694440770749,1024.16463996185,1098.85307241638,-35083248,542.893776766818,85.09,-10.4786954234613,14.91,5,21.1921634014173,0.01908687820424,0.00737841208258279,0.034744353609533,0.428017181654427,0.00131633642787862,0.423117638908133,0.289377511431343,0.326548262761749,0.512828673739223
A4778,2022,4.59564938350753,-4.59564938350753,1020.07424915616,1069.21145897913,-5706599,-13.365906519389,86.15,-12.4580835280967,13.85,5,70.0291788245102,0.0561952043942115,0.0258793704447027,0.0996091686912433,1.27241998521179,0.00633780500686596,0.0127694378532191,-0.0178017758281088,0.005674203093482,-0.00923172189737701
A4794,2022,0.0,-1.02605659069888,1044.13910602395,1054.96362987778,-697922,-100.0,78.77,-8.41762585745844,21.23,5,64.6602751146311,0.0525489471739934,0.0229035833025489,0.108514961211673,1.29109715552272,0.00350942002216476,-0.624040621616689,-0.614228987195625,-0.471542239915931,-0.443122362377917
A4795,2022,9.05524798783252,-9.05524798783252,2158.3712035465,2373.27735332956,-18227480,145.601038377133,70.63,-11.2353902224456,29.37,5,99.0245935806586,0.230271270036991,0.102342786683107,0.250308261405672,3.60295930949445,0.0359124537607892,0.10118899636093,0.0700574205269263,0.0448330693598154,0.114794449663069
A4796,2022,0.0,-2.97538774028048,841.138287548522,866.932902856574,-2073268,,87.34,-11.3029349040317,12.66,5,86.4026677782409,0.0879727316993995,0.0386300925174485,0.163934426229508,2.11410485310826,0.0063301412108424,0.0932121649769527,0.110490814085278,0.122139179500684,0.0947485412614616
A4799,2022,4.24638743575887,-4.24638743575887,775.799687658654,810.204092444209,-6234491,25.3155959599858,89.1,-4.15232358003442,10.9,5,46.9779074614423,0.0411045089129675,0.0144704648724222,0.0717231737154841,0.680950716532681,0.0035651869975533,0.0449817998227645,0.00237839467178031,0.0665944165916413,0.0896294228144118
A4803,2022,4.30980072164308,-4.30980092459718,862.922230519195,901.787475475124,-21235348,17.7585928957044,78.26,-11.9090499774876,21.74,5,15.431429762401,0.0147361121430517,0.00693464100849493,0.0310325185130148,0.273695420660277,0.00104019615127424,0.204604413101314,0.205145322132792,0.156556834663919,0.266104509798021
A4807,2022,6.99898506761047,-6.99898506761047,2064.84388692282,2220.23801398719,-7376870,,70.63,-14.1067736835705,29.37,5,99.8165902459358,0.331956329300679,0.161699616406019,0.348185305399823,6.50486869282974,0.126586013573325,0.255467723435454,0.332674338546277,0.281728373204884,0.341208440274294
A4809,2022,3.70619437350607,-3.70619437350607,1021.10529350105,1060.40600104822,-2999430,-40.4117969714302,79.05,-8.76038781163435,20.95,5,92.7052938724468,0.121186150154268,0.052108330476517,0.186664381213576,1.96914638327048,0.00925608501885499,0.112184581502374,0.0760031877618438,0.0816869059941505,0.175431152988456
A4814,2022,0.0,0.00759212968733232,920.924333628406,920.854421166519,14216,-100.0,83.56,-12.4751230753116,16.44,5,42.2926219258024,0.0296439320801863,0.0149923334658413,0.0587767618831279,0.611391901868363,0.0038048725083764,-0.0111881316953616,-0.0303622496996894,-0.0365446129304001,-0.0138888810796009
A4818,2022,4.104609949361,-4.10461011599757,930.72144968883,970.559117403512,-24632108,94.7455534530422,79.73,-11.0255551835733,20.27,3,11.6131721550646,0.0109230384390895,0.0054823647127491,0.0215750854665221,0.22571500041691,0.00131326607187526,0.0971159427144717,0.0781844434698866,0.0946062222571009,0.107248858314761
A4824,2022,3.38092199410413,-3.38092211331966,992.171280721599,1026.8896189273,-28359744,-24.4019254438955,81.33,-10.2218787945689,18.67,5,4.63526469362234,0.0085583362707085,0.00303137116672541,0.0134085301374692,0.147070849488897,0.000747268241099753,0.0202705924402766,-0.0266581759897846,-0.00593190392625469,0.0313356553532915
A4825,2022,0.0,0.125670791494873,851.342857000319,850.274310544381,214188,-139.786640016792,82.04,5.43631923917235,17.96,5,40.0250104210088,0.0373961218836565,0.0144275161588181,0.0607109879963066,0.505597876269621,0.00282779316712835,-0.0209015361369934,-0.0730875772427019,-0.0326987830480179,-0.0696180334951334
A4830,2022,0.0,-2.21421277420965,1157.34482405892,1183.55116514691,-5380057,-100.0,73.73,-15.1358195211786,26.27,5,47.2780325135473,0.0348403635516197,0.0169540899557213,0.0766138429270566,0.765672337450478,0.00314611978559776,0.0568243610657965,0.00363519364179807,0.00261173739783939,0.017631696270252
A4832,2022,2.5574374149425,-2.5574374149425,993.413833726018,1019.48656456861,-1859090,-20.3878580874141,75.43,-6.73837784371908,24.57,5,94.0308461859108,0.162308228730823,0.0580543933054393,0.20258019525802,1.70746164574616,0.0115062761506276,0.106004008163474,0.0646889043855571,0.0525715425898652,0.0652491329408426
A4839,2022,0.0,-0.202366796481143,1150.00985925307,1152.34181647157,-133873,,84.79,0.295718003312042,15.21,5,99.3664026677782,0.229118520964015,0.108946847144272,0.369098712446352,4.47474413998019,0.0264113568834599,0.495365626591877,0.424048406388517,0.671913149458391,0.776426801150249
A4856,2022,4.96321687434994,-4.96321637149684,1076.60084421355,1132.82542096748,-9870112,82.476182693728,89.15,-2.19418540866703,10.85,5,49.9541475614839,0.0382075471698113,0.0160377358490566,0.0758086253369272,0.879514824797844,0.00363881401617251,-0.0510386968638883,-0.0539675897748021,-0.00974198630280488,0.060233632938727
A4862,2022,3.96076052557121,-3.96075974807094,1081.48679694614,1126.08845520768,-5094223,-28.0570626174017,83.7,-8.10276679841897,16.3,5,69.8290954564402,0.053030303030303,0.0268595041322314,0.0940082644628099,1.23321280991736,0.00723140495867769,-0.131252281854691,-0.198593227803829,-0.15622748006661,-0.112330693296602
A4868,2022,4.96954368671545,-4.96954352627141,814.489267051705,857.082347359736,-30973688,13.0050513480568,88.09,-9.20428777571634,11.91,5,6.26927886619425,0.0104992645442711,0.00349975484809035,0.017059191505909,0.177371633387999,0.000743909243072345,0.0464727489849108,-0.0271323679161684,0.0641244414724049,0.0735067552005043
A4873,2022,3.12068423233207,-3.12068466852981,1026.0155635013,1059.0656632851,-7154289,,80.5,-11.693725318122,19.5,5,73.1054606085869,0.059823561845249,0.0248116155118544,0.105954787722845,1.34396250689212,0.00836243337621761,0.937445659113909,0.920930181194602,0.738774988297129,0.954313308519839
A4876,2022,0.0,2.1409357237645,1055.63733333333,1033.51053703704,2389694,,73.45,-14.9194949611954,26.55,5,77.2738641100458,0.0742082505551011,0.0319037045693584,0.130419539558256,1.25008764754003,0.00642748626855206,0.0584378050648334,-0.00300923220754941,0.0943282587161007,0.0908697546694308
A4884,2022,0.0,-2.05508864587518,896.236149616487,915.041054431199,-1627903,-100.0,86.11,-7.59738169331473,13.89,5,96.3734889537307,0.127942204614309,0.0587275693311582,0.235609415054766,2.72220927522722,0.0163132137030995,0.939023243881566,0.810515748525537,0.696735589380436,0.791028788414205
A4885,2022,3.47390235084859,-3.47390235084859,895.187390725169,927.404518080648,-4643519,-17.4779949625085,72.99,-14.8606088883705,27.01,5,60.2917882451021,0.0512905911740216,0.0241465445462115,0.092173189009159,0.923980016652789,0.00383014154870941,0.053079129215682,0.0140704424634483,-0.0123766147533458,0.0983057273700489
A4888,2022,6.29643476044871,-6.29643384270222,935.512158695254,998.374124977094,-6860755,-19.8875185896526,72.75,-9.34579439252336,27.25,5,90.0291788245102,0.103432424149556,0.0452038001838799,0.178057002758198,1.8947287771989,0.00781489426907754,0.42533014793971,0.412812930145661,0.423825351452034,0.576853398330877
A4889,2022,5.38481118066268,-5.38481083729986,805.488962162668,851.331556054441,-15682568,-45.8287977852582,84.02,-10.797324556747,15.98,4,20.2917882451021,0.019730423156145,0.00870884978137535,0.0371842590250425,0.36548260036859,0.000975680265963213,0.0553000062577505,0.0344662065310349,0.0459971861567888,0.0872295961906773
A4893,2022,5.44379293382675,-5.44379293382675,936.554225602931,990.473555001526,-12716766,133.887860873429,84.93,-10.8440058786479,15.07,5,38.3076281784077,0.0315295280454658,0.0133432171979244,0.052730417593279,0.539411910056832,0.00311341734618236,-0.0210405304809094,0.0244046515937732,0.0106388637041926,0.0447213985668396
A4894,2022,0.0,-2.11992528088311,840.27430970739,858.473302271884,-5296562,-100.0,83.33,-13.0711454204048,16.67,5,20.5335556481867,0.0177779227557411,0.00857907098121086,0.0342184237995825,0.393462943632568,0.00120694154488518,-0.180289048298499,-0.217788689822154,-0.171068730722666,-0.0809530095113249
A4895,2022,5.2919814279681,-5.2919814279681,869.95374145581,918.563976495983,-4864329,84.4819948800607,79.02,-15.8645655877342,20.98,5,54.4560233430596,0.0491710013003901,0.0217002600780234,0.0815994798439532,1.00837126137841,0.00243823146944083,-0.307369966479809,-0.346720329275678,-0.3020577731877,-0.277645368982245
A4901,2022,0.0,0.169834827357614,963.653787974285,962.019943064835,311071,,75.74,-19.5453579774804,24.26,5,41.0004168403501,0.0424194815396701,0.0152526839486777,0.0718119926682378,0.568997119664834,0.00189840272322598,0.0259565458969592,0.0567645568983398,0.0569849315773622,0.0200260301470549
A4911,2022,4.59151159861506,-4.59151159861506,992.292876639624,1040.04674349837,-7557909,,79.57,-15.6203605514316,20.43,5,58.0325135473114,0.0461667014831836,0.021307708376854,0.0873198245247545,0.97945825499617,0.00382981686512081,-0.0335037684734781,-0.0694458086677909,-0.0783336954092118,-0.0536884423525164
A4922,2022,7.22009096647125,-7.22009096647125,864.821324245375,932.121332359623,-8294053,0.968507498026355,74.57,-18.2436136388554,25.43,5,18.8745310546061,0.0155530640967534,0.00763340569165812,0.0266453567424441,0.263113952434341,0.00197991460127382,-0.743199407920165,-0.725891341072277,-0.716246950383211,-0.719910118991913
A4923,2022,0.0,-2.28893303453856,848.922018048653,868.808461940884,-1824621,-100.0,79.16,-13.8347665179057,20.84,5,87.2696957065444,0.123673884609795,0.0377852056387153,0.158407208254614,1.46257811364627,0.00871966283970353,0.11117570120622,0.0943397057333986,0.142041692906393,0.325143888747024
A4924,2022,4.00751273913648,-4.00751183151584,993.413604598738,1034.88681620078,-4415404,,86.26,-7.39667203435319,13.74,5,54.7311379741559,0.0523395868311556,0.0194904737572086,0.0864296663990072,0.802978319585371,0.0032849113073947,-0.32309502279007,-0.273447549689268,-0.379872593022161,-0.322611307162551
A4928,2022,0.0,-1.21690613124155,895.094782385509,906.121429619037,-1202919,,76.43,-16.5246832678025,23.57,5,74.6727803251355,0.0795041099582267,0.0245249966311818,0.114674572160086,1.20805821317882,0.00741140008085164,0.272485675405349,0.114783721870368,0.350689609643171,0.225037057000404
A1001,2023,6.45933177910231,-6.45933177910231,1004.23166137721,1073.57760049961,-62404688,-25.9127595439309,89.91,0.559221563583492,10.09,5,4.13505627344727,0.00687815833801235,0.00308815272318922,0.0149175641876372,0.20163595528559,0.000395589811648206,-0.032257316915155,-0.0228407214455444,-0.0378541894389801,-0.11002547847312
A1026,2023,0.0,-1.74547173129637,985.124969956157,1002.62551488931,-8446253,,73.1,-12.2659625540086,26.9,4,11.8049187161317,0.011667546934268,0.00573774427425938,0.0216065683967926,0.282157775963893,0.00103231382340231,-0.0500869025317299,-0.0542363239080418,-0.0300766161118109,-0.134467555427687
A1033,2023,6.47848866625725,-6.47848866625725,976.873124269847,1044.5437743021,-77619589,36.3979339592571,86.15,8.74779096187832,13.85,5,3.58482701125469,0.00652854866186734,0.00324229268560752,0.0108149695004671,0.127823267571578,0.000681431005110733,0.0740642406963679,0.0874194608905073,0.08507877716068,-0.0021729153454163
A1041,2023,6.14270855541984,-6.14270855541984,972.60980542195,1036.26451440509,-10481639,-34.9828665082556,89.92,4.72862799906825,10.08,5,61.925802417674,0.0459939502055379,0.0245869851857597,0.0839215077949275,1.09082447839913,0.00473124951524083,0.069710143593883,0.0953980867499831,0.111561970339587,-0.00726643968793543
A1051,2023,13.7391079614883,-13.7391079614883,791.054876761095,917.04926539355,-16705344,59.2890239583685,95.7,6.15640599001664,4.3,5,58.2075864943727,0.044871166846282,0.0201822278828255,0.10228274713432,1.1343195845988,0.0030371313804252,0.109130922784272,0.155406403509529,0.0729472725136711,0.027383702806452
A1059,2023,4.02913562045158,-4.02913562045158,994.827690762305,1036.59344655679,-13471461,1.26852319523093,71.81,-6.74025974025974,28.19,5,28.1367236348479,0.0197107578446551,0.0096288184873315,0.0341351055394026,0.53086885926821,0.00245440471245705,0.0408751672033073,0.0478259600039809,0.0694966323092649,-0.0270227976738031
A1061,2023,1.84457864221943,-1.84457839042382,801.370363289505,816.430055669306,-7325697,25.4431273647843,82.9,9.84497151185903,17.1,5,12.4635264693622,0.0135448508485296,0.00611362917676821,0.0228997575629809,0.288579108253399,0.000948666596395067,0.0661507162074622,0.0369380164797192,0.133210434105207,-0.0754108841329109
A1063,2023,2.82333085020551,-2.82333085020551,787.04298415226,809.909406278435,-2412499,-68.5121409403682,83.91,1.32834198768264,16.09,5,70.154230929554,0.0737410071942446,0.0336930455635492,0.0985611510791367,1.11306954436451,0.00407673860911271,0.0051642407004628,-0.0125691446842525,0.0844533947310237,-0.0820448725765152
A1066,2023,4.42360233902214,-4.42360233902214,962.970257552355,1007.53981225379,-14889262,7.75379447488734,88.06,0.0227169468423399,11.94,5,28.7786577740725,0.0318073841446229,0.0103072029633209,0.038209123485123,0.385795385916173,0.00209365060192455,0.139621322010499,0.195592597066205,0.265185268997568,0.0490175430989538
A1070,2023,0.0,5.15271660939057,2124.3163202934,2020.22010347538,28610637,-165.996982521823,65.76,-6.89508707348151,34.24,0,98.5410587744894,0.213940193491645,0.0809146877748461,0.225593667546174,4.24626209322779,0.0189094107299912,2.70097144390682,1.59925667432689,2.67768527068593,2.75781626289278
A1083,2023,8.30129913654175,-8.30129913654175,821.681695809048,896.066888703858,-5360197,-24.4743339120604,85.93,6.20442466938575,14.07,5,90.762817840767,0.150520730988406,0.0491255649439969,0.160738848496758,2.17272548634309,0.00648457457260759,0.173866220240754,0.175294890393232,0.324321614442781,0.134238290508848
A1095,2023,4.02297497153493,-4.02297497153493,891.247958923332,928.605526852915,-11713839,9.22712402073982,81.5,0.7416563658838,18.5,4,23.4180908711963,0.0211566067400369,0.0103903205960763,0.0324355731765671,0.393465035204047,0.00150386219153736,-0.125281433358917,-0.140825705140907,-0.0610738474993844,-0.158350022737142
A1131,2023,0.0,-0.980368982237847,916.531191875604,925.605541502368,-1463620,,87.27,-0.501653175236573,12.73,5,55.5398082534389,0.0453591606133979,0.0213075060532688,0.0905569007263923,1.0862792574657,0.00258272800645682,0.10248187668116,0.123114466125433,0.104438691346176,0.080013578228428
A1175,2023,3.6809258498272,-3.6809258498272,975.079467435122,1012.34306500378,-14198325,,84.84,-0.246913580246906,15.16,5,21.0087536473531,0.0197799036179242,0.00899086528087463,0.0367546572682155,0.416492843271236,0.00097101345033446,0.0903671869380709,0.119521389797378,0.177393230016764,0.0210270145060177
A1196,2023,5.95726499396871,-5.95726499396871,922.385415746223,980.815174810757,-7934995,-0.862750732441701,93.55,0.808189655172414,6.45,5,75.3230512713631,0.079519595448799,0.0350189633375474,0.130214917825537,1.43577749683944,0.00353982300884956,0.612765701960678,0.554155325847153,0.483898989199268,0.396817274911474
A1199,2023,0.0,-0.0738419985356055,1037.15513149847,1037.92155351682,-125310,,93.41,32.2525838878664,6.59,5,52.8803668195081,0.0397555823777912,0.0190102595051298,0.072797223898612,0.91483101991551,0.00399818949909475,0.0600191974508904,0.0572032071730322,0.0587422616451901,0.0342671278608842
A1204,2023,2.24876432172717,-2.24876432172717,906.652025596613,927.509528964588,-8670047,-19.643692610893,91.93,6.52375434530708,8.06999999999999,5,21.0712796998749,0.0198786039453718,0.00922610015174507,0.0328072837632777,0.293839150227618,0.00151745068285281,0.0742509214784373,0.0833630822252515,0.114362619212248,0.0146824192499457
A1215,2023,7.14302616629964,-7.14302616629964,929.02353916994,1000.48870947889,-51093023,47.8808672293043,80.12,-2.0777316059643,19.88,5,3.45977490621092,0.00731400620652262,0.00334552334367754,0.0113055616441517,0.119931243727144,0.00061142323177555,-0.373916865269821,-0.371231578013816,-0.281449754749018,-0.390992087129052
A1216,2023,8.95540890050122,-8.95540890050122,857.606901378122,941.963592807924,-15670099,5.0074359135358,82.51,-2.57409375368992,17.49,5,56.8820341809087,0.0476037826574772,0.0219586472191056,0.0718865202756852,0.984853341881712,0.00392691136400064,0.240583426831223,0.287575223302103,0.294737132257231,0.18383333390171
A1225,2023,12.5755451957548,-12.5755459093719,800.209802999425,915.315756126875,-17622261,18.7078349046407,93.51,1.0918918918919,6.48999999999999,5,49.6873697373906,0.0411007862759114,0.0177984274481773,0.0672623302358828,0.905575411007863,0.00335954253037884,-0.0880629020729092,-0.0655459366919934,-0.0664729239141635,-0.144433889183058
A1241,2023,0.0,2.14792769413744,900.923055282037,881.978788624748,3232195,,82.68,3.01520059805632,17.32,5,74.7728220091705,0.0725878721497561,0.0349497162202529,0.113014039629593,1.1841083341631,0.00537687941850045,0.524452535044655,0.639983713595894,0.524002199251465,0.391197935457619
A1242,2023,4.42631641330432,-4.42631641330432,923.419903291218,966.186369131181,-13160439,-5.51294885326629,83.92,4.53413054309915,16.08,5,30.8878699458108,0.0270233258775734,0.0123704751905784,0.0449627972794084,0.517916647646871,0.00187154790706167,0.166643381825744,0.201622976466634,0.187222178623076,0.123806991650243
A1247,2023,4.48851508249062,-4.48851508249062,985.964211349362,1032.29911272023,-21807614,,77.79,5.66422167889161,22.21,5,13.3472280116715,0.0129614599473671,0.00614870016478516,0.022725595809046,0.295285176713643,0.00115595563097961,-0.0620637996389556,-0.0353673233478443,-0.0184439430557012,-0.118377256946991
A1252,2023,10.0141313472368,-10.0141317621629,720.055287727267,800.187075846315,-24134733,151.861137243668,86.73,-1.33105802047782,13.27,5,20.0,0.0183622611813055,0.00668910943033271,0.0402220959209548,0.393214707296813,0.00109299173698247,0.146453714899468,0.134391605350815,0.115048688107864,0.0855208446452102
A1262,2023,6.92470562384766,-6.92470562384766,756.894924377806,813.20712381409,-31007299,57.2460855448592,81.81,1.513835463457,18.19,5,11.0712796998749,0.0129882135428703,0.00552345736075803,0.0216316154379478,0.22717818349896,0.00101687081118558,0.0699769598350967,0.0604575918650336,0.0809102165111239,-0.0555772540574012
A1290,2023,0.0,-1.81400858802529,934.590001631842,951.85676509639,-9311413,,86.14,-0.38163524921938,13.86,5,15.6481867444769,0.0213705543726835,0.00622979260310701,0.0276266330205294,0.245537943905581,0.00105144178955393,0.278790070511353,0.314369247845192,0.253462417490956,0.158128042266391
A1297,2023,0.0,-1.58740738698895,898.858744394619,913.357447993684,-14471852,,83.87,12.5016767270289,16.13,4,3.23468111713214,0.00799801906648508,0.00311997028599728,0.0135693945771945,0.122879782097313,0.000458090875324997,0.0219158647176078,0.0298254302339978,0.0918723849025134,-0.0116561545214872
A1392,2023,6.9655606129624,-6.9655606129624,931.531742767037,1001.27624662919,-6103760,-59.8094905481427,84.11,-3.09907834101382,15.89,5,73.5139641517299,0.0473437930085329,0.02766308835673,0.121249655931737,1.96229011835948,0.00536746490503716,-0.0435504642348189,-0.0953053659837143,0.00661052494870273,-0.00307357304379154
A1401,2023,10.6134415360821,-10.6134415360821,698.8197238352,781.79508848334,-9602573,-16.0283573207806,91.87,6.75110388101325,8.13,5,68.6452688620258,0.0665588454839512,0.0271211744214979,0.0994028365264991,1.4228663846728,0.00360786265240109,0.271076249202427,0.245507648194884,0.274816370660026,0.125165440682579
A1403,2023,6.51239757336611,-6.51239757336611,865.397932322369,925.682026129085,-16076321,37.4618697570515,85.76,-3.59712230215826,14.24,5,35.5231346394331,0.0300805547058224,0.012847965738758,0.0496074232690935,0.485316610584277,0.00285510349750178,0.156540081708461,0.128538903606402,0.150297678862455,0.0264671948873977
A1459,2023,4.59276724751004,-4.59276724751004,847.891423767685,888.707699936467,-10535987,-34.4743716799079,90.62,0.343262097220687,9.38,5,30.8211754897874,0.0275002425065477,0.0116888155980211,0.0480162964400039,0.41046658259773,0.00223106023862644,-0.0318204311647348,0.0837849669354865,0.0618817388165692,-0.0200393237941903
A1488,2023,0.0,0.0960056000646737,909.585965588084,908.713549691834,108710,,72.24,-9.8239920109849,27.76,5,68.9037098791163,0.0594507879588563,0.025667641785411,0.10918184391809,1.19760309521563,0.00490704916485798,-0.00749681323992995,0.0173007339683491,-0.00536586893393013,-0.0606924049333498
A1490,2023,0.0,-1.52590957046482,1001.72116075828,1017.24337476879,-7687035,,76.88,0.457336992029262,23.12,5,15.839933305544,0.0152214811014195,0.00720760341078453,0.0273155952991766,0.257812309120672,0.00127049280461287,0.0383062868999713,0.0400370110477859,0.0370035268129658,-0.0454806922932091
A1494,2023,0.0,1.44043730112893,773.728467365967,762.741652097902,754135,-159.600526666856,88.81,-3.92687148420597,11.19,5,87.9616506877866,0.0934944898684678,0.0357269818698898,0.158905083540704,1.85709207252044,0.0115535015997156,0.102656664015744,0.14166668321659,0.152247169412835,0.0756651808909185
A1501,2023,4.38978496002964,-4.38978496002964,904.253584457004,945.770892868483,-23535830,22.7702736467761,65.76,-20.097205346294,34.24,3,10.9045435598166,0.0121332648090631,0.00572028690814024,0.0197752106004067,0.237838804102518,0.00105020892454137,0.0753988045871462,0.0314201291124156,0.075396529920278,0.00994672862033708
A1522,2023,4.31330703330676,-4.31330665894656,1080.72711282494,1129.44347337088,-11521809,11.5776342130054,85.64,0.575455079271867,14.36,5,47.6031679866611,0.0394191987093305,0.0152729228287174,0.0631352514116698,0.710137133638075,0.00419467598816886,0.100443324875629,0.0866932708707262,0.0984219719724387,0.157518762858233
A1535,2023,4.18548091588122,-4.18548091588122,988.651411114894,1031.83882835849,-27397752,14.4080299646688,90.38,2.36719900328462,9.62,5,7.29470612755315,0.0120496445354862,0.00475100270256313,0.0176096947997177,0.203277503313652,0.00060248222677431,-0.0886745235865327,-0.0932617008169584,-0.0249098548063207,-0.191177997148675
A1539,2023,0.0,5.62079483228035,894.504096950407,846.901501139834,13280553,,78.09,10.5620841002407,21.91,3,30.5377240516882,0.0272556820780171,0.0136735720492066,0.0550601362784104,0.524580417981433,0.0011890062651484,0.0543549960596,0.155988642080013,0.0870817486095321,0.0579281887080688
A1540,2023,7.43320363784736,-7.43320363784736,1059.06819758568,1144.11240229407,-7354963,,87.67,19.6696696696697,12.33,5,96.6652771988328,0.146718146718147,0.064621011989433,0.239179028652713,2.91404186141028,0.0111765901239585,0.489292511827723,0.446346687602,0.509270549420331,0.351971183921649
A1552,2023,4.49425335650034,-4.49425335650034,912.771655937836,955.724328657412,-35310705,-32.4954854031141,77.5,-2.2452068617558,22.5,5,6.74447686536057,0.00946588554477289,0.00436772356632828,0.0164274108194326,0.166361075086087,0.000879507475813544,0.0375670736252106,0.0317918564084533,0.127512680146675,-0.0179819956310016
A1557,2023,10.8025696598461,-10.8025684731599,979.937630371297,1098.61642156863,-9103138,-14.1761926526967,87.6,11.1816220332529,12.4,5,86.5527303042935,0.0943652410047522,0.0427698574338086,0.153971486761711,2.02525458248473,0.00610997963340122,-0.0720267376886522,-0.0605328910072018,-0.0467986679005696,-0.168059388519987
A1596,2023,6.15161425425905,-6.15161606482582,769.685569612735,820.137265383702,-3397619,13.4711170513697,78.02,-11.2097416638216,21.98,5,92.3718215923301,0.160547727723755,0.0510021829728121,0.166104385790832,2.76324667592776,0.00654891843619766,0.15660314247203,0.0680009359829154,0.674839652803392,0.124460570637089
A1622,2023,7.07806257799458,-7.07806257799458,778.566511323686,837.871586542392,-5802883,9.71706682155557,81.3,15.1068950870735,18.7,5,90.7294706127553,0.136463099263975,0.0459518599562363,0.154366421324846,3.623234533519,0.00616669982096678,0.536906231213326,0.403338824281464,1.75082443075548,0.622040978714939
A1652,2023,0.0,-2.27217594027834,923.966091699838,945.44834144184,-2914282,,85.59,1.06269925611053,14.41,5,53.605669028762,0.0554870530209618,0.0208737008983618,0.0731019904879338,0.689096353707944,0.00343491280605954,-0.00589360633601765,-0.0598518380239829,0.043428111260154,-0.0817577750376764
A1675,2023,10.2013822992845,-10.2013822992845,1049.65928768202,1168.9036140627,-10907994,100.083680074311,80.92,8.39919624916275,19.08,5,83.7182159233014,0.147067714631197,0.0501813784764208,0.0814691656590085,1.79035671100363,0.00710399032648126,0.186346231358323,0.131753396821763,0.274074795367873,0.00982024360751475
A1694,2023,2.23040123699631,-2.23040123699631,876.38240472915,896.375167554411,-13602596,-51.1052103487352,83.45,3.10106251544354,16.55,5,6.78616090037516,0.0111102935766316,0.00375248326098153,0.0175667721286145,0.181701125744978,0.000754175557354131,0.0569319214896949,0.0910681842622098,0.100768290147321,-0.0216101707778132
A1702,2023,4.10245596061092,-4.10245596061092,975.818610013175,1017.56371321915,-3802144,-39.1932293057704,86.58,-1.11923252626771,13.42,5,82.2426010837849,0.077624475104979,0.0369526094781044,0.127654469106179,1.80239952009598,0.00659868026394721,-0.112696135471701,-0.0952570776167346,-0.0794554634594916,-0.197932598910682
A1737,2023,9.67732200500783,-9.67732200500783,795.169679539852,880.36548205971,-2488399,-54.1026110652149,84.13,19.1136910661192,15.87,5,75.2813672363485,0.069364161849711,0.029370410873301,0.126386502109045,1.75831901265427,0.00406186533354163,-0.720012653495528,-0.707018114485185,-0.578599007798297,-0.605103021651583
A1749,2023,0.0,-2.03816113631601,1104.79818255199,1127.78424268796,-7289983,-100.0,78.51,3.64356435643565,21.49,5,51.4214255939975,0.0471709870388834,0.0167622133599202,0.0673604187437687,0.701271186440678,0.0046111665004985,0.592186483334161,0.543583752227638,0.553683979079611,0.542693680224491
A2000,2023,8.82724472088989,-8.82724522862735,896.632157908403,983.443091257715,-17385452,82.7101992945057,80.02,-3.89142445351911,19.98,5,46.0358482701125,0.0418174767321613,0.014994829369183,0.06282316442606,0.695643743536711,0.00349017580144778,0.0973142597217614,0.127246429469801,0.105570749060487,0.0159455340179409
A2019,2023,0.0,-2.12343940573029,844.605823873409,862.92961128311,-5326725,-100.0,89.84,-0.0333815511294104,10.16,5,25.7190496040017,0.0207893034289411,0.0101358637049817,0.0433901229243045,0.398015958593918,0.00172525339659262,0.104431744662497,0.0769355186543024,0.0703748442426371,0.000119626870862658
A2021,2023,6.72408615223681,-6.72408615223681,976.813172355081,1047.2298067745,-10918240,57.7145841904066,83.02,-0.312199807877047,16.98,5,52.8636932055023,0.0466321243523316,0.0202471104025508,0.069828616978876,0.972419290554006,0.00302909525707453,-0.00899065994000542,0.0855307614579217,0.0974434145557084,0.0206510859548162
A2024,2023,3.20258864948544,-3.20258864948544,950.622978222109,982.074794107658,-29635159,,84.82,7.42147922998987,15.18,5,3.47644852021676,0.00670109036862403,0.00319038528066421,0.0127231027457814,0.138224403244199,0.000563762860840263,0.00992248703331891,-0.0214490146962728,0.038998673438111,-0.0281925801568535
A2029,2023,0.142312242633103,-0.142312242633103,845.3449138177,846.549657620462,-574258,124.101752677702,82.45,2.40963855421686,17.55,5,14.0725302209254,0.0142266969439961,0.0062925774944598,0.0308062706902684,0.310798610161145,0.000793411944953626,0.194741767461758,0.219286649926498,0.137418683694582,0.0567242524687746
A2032,2023,0.0,0.502802144462406,896.431564338114,891.946836516644,814301,,78.55,5.67738463608233,21.45,5,91.0129220508545,0.123432103253954,0.0490819850936193,0.213779312852209,1.60261770587166,0.00836211597891292,2.12839389335942,2.01894112378681,1.70035729482674,1.88297217715398
A2035,2023,0.0,-1.83293508884644,810.161103400416,825.288098542679,-1307880,-100.0,93.13,4.79351862270731,6.87,5,81.0837849103793,0.0747480824184088,0.0326364866897278,0.144984208151602,1.58865994886449,0.00676793502782373,0.117344261046961,0.147053105363359,0.142344803549766,0.140405261716474
A2057,2023,9.96020355396421,-9.96020371985137,743.278127430681,825.499565900899,-60042041,5.97686379858726,83.47,-5.15850471537326,16.53,5,3.92663609837432,0.00769130064803299,0.0030274268508215,0.013582509655037,0.175836224389605,0.000507298553380899,0.0174921948595644,0.0122584262631393,0.0290765146186804,-0.0422363354025254
A2070,2023,0.0,2.20970952337896,879.479377680445,860.465587644858,1666977,-100.0,85.05,3.04094984250059,14.95,5,69.8207586494373,0.0880396504499804,0.0253032476848833,0.113995043693752,1.30703012912482,0.00313029868266597,-0.142376418416591,-0.2329231220508,-0.115982028940387,-0.0514262081702102
A2083,2023,4.87194915065909,-4.87194915065909,970.340494143311,1020.03613600797,-4191728,-12.0282518447038,79.35,8.72841874486159,20.65,5,82.8928720300125,0.078646934460888,0.0376321353065539,0.173361522198731,1.79661733615222,0.00507399577167019,-0.0250276854928017,-0.0416076845298281,0.0380948011355491,-0.0782464905182424
A2097,2023,8.67157272985826,-8.67157272985826,816.326980296218,893.836677907079,-14067080,46.9783309805302,89.78,6.22337908187412,10.22,5,42.0675281367236,0.0453405766819891,0.0162975344755537,0.0539072294191392,0.568254631564285,0.00264660816269675,-0.00618712791535709,0.0763489581147342,0.0588004247601627,-0.0859944644225778
A2098,2023,5.57421908391021,-5.57421908391021,901.459223692021,954.6748938122,-55226371,151.074940042429,83.49,4.14119995010602,16.51,5,2.20925385577324,0.00589159465828751,0.00256894758073077,0.00999978769028258,0.1226831702087,0.000488312350056262,-0.0599319386752391,-0.10053552762446,-0.0642189163883549,-0.120242483183094
A2107,2023,11.219657137296,-11.219657137296,1169.75229489386,1317.58028542742,-12367881,-6.92954857236169,95.14,-3.26385358413828,4.86,5,90.1292205085452,0.0774681152574398,0.0428279011179342,0.195717209888207,2.58872618485278,0.0107069752794835,0.065301182593432,0.0897668853804275,0.152896771689146,0.102213560048931
A2120,2023,3.98676990466619,-3.98676990466619,802.933705772812,836.274027001862,-7161501,-7.15167329217574,82.28,-1.81384248210023,17.72,5,35.4481033764068,0.0308138159451147,0.0141353205583156,0.0531700969955051,0.761887863733144,0.00147859001656021,0.087903955458686,0.104900602593227,0.129330304804843,0.021185339291353
A2141,2023,7.0051336519007,-7.0051336519007,723.862504018001,778.389746062359,-9499518,0.763743068693811,91.1,8.22047992397242,8.90000000000001,5,38.9745727386411,0.034443168771527,0.0151713957684107,0.0646219452189601,0.849516155486305,0.00131212071510579,0.0730599232296752,0.123766957988706,0.252490661658391,0.119548210845899
A2142,2023,9.46145948096532,-9.46146187036154,989.859090909091,1093.30138453501,-3959771,26.1594761146487,80.62,-0.750954081004554,19.38,5,99.6665277198833,0.348946135831382,0.162763466042155,0.463114754098361,7.35948477751756,0.025175644028103,0.663883667118248,0.802831446786365,0.710012123263241,0.87956242439411
A2147,2023,7.58271790975038,-7.58271790975038,813.703577555757,880.466898778888,-7938693,-32.8001578525151,83.77,5.83701831964623,16.23,3,69.5539808253439,0.0938982676817831,0.0305638309610504,0.0934569127220567,1.60895950568245,0.00242745227849498,0.045435881414369,0.0266339016713513,0.582292550794695,0.0198948768313437
A2148,2023,0.0,0.773995261047247,943.124407479887,935.880734942379,666273,-100.0,76.26,-7.97634849764692,23.74,5,96.7653188828679,0.175499137293567,0.0616218880946512,0.226768548188316,3.43505052994824,0.0101059896475228,0.900001253326537,0.775683354306397,0.760592598599347,0.750433959580509
A2164,2023,0.0,0.15650484833405,884.337571163564,882.955702680228,432055,-100.0,77.54,2.17419949927527,22.46,5,28.7786577740725,0.0241148651527417,0.0121852498828341,0.0456307784073964,0.501214264411401,0.00153380767755954,0.154986785946111,0.167230462122218,0.248125552827971,0.0977931037901314
A2187,2023,0.0,0.432705647440785,911.059233255321,907.134013150563,281768,,88.99,2.01765447667086,11.01,5,90.762817840767,0.118144218665708,0.0516094227656896,0.142780075525985,1.89372415033267,0.0100701312713541,0.00818647083917679,-0.0352263531738896,0.0980185971978342,0.0315343137638158
A2189,2023,0.0,-1.78226324534173,795.333341130969,809.765493902249,-1850837,-100.0,85.23,18.4408004446915,14.77,5,51.8299291371405,0.045752245508982,0.0179640718562874,0.093188622754491,1.09028817365269,0.00196482035928144,-0.0317737668227901,-0.0680483692808558,0.0635185936314664,-0.0812667791722827
A2193,2023,2.87332663331907,-2.87332663331907,857.217469394575,882.576783164738,-6678426,-22.6018983924404,80.28,3.97616889004016,19.72,5,34.7311379741559,0.0351843580963724,0.0116123269316659,0.0484343208773758,0.583643491638132,0.00213388913701553,0.106240577052992,0.0574445097192544,0.385017308335905,0.0191175512702681
A2198,2023,2.46640833989532,-2.46640833989532,973.701237958761,998.323983958284,-4948581,,83.26,13.7898045647123,16.74,4,44.0433513964152,0.0359723698193411,0.0176408076514346,0.0526567481402763,0.674123273113709,0.00345377258235919,-0.134389009002406,-0.125892761697552,-0.0907452220255782,-0.135396845241816
A2202,2023,10.6188774628519,-10.6188774628519,826.635552691867,924.843556701031,-6858847,31.8035213213622,74.13,-5.84275371522928,25.87,5,90.9879116298458,0.131988472622478,0.0522574447646494,0.18597502401537,1.85398655139289,0.00672430355427474,0.227113275819208,0.169762802039459,0.166508295038554,0.167610183138568
A2205,2023,5.20455892899474,-5.20455892899474,923.583408827822,974.29095576023,-8060066,-14.9054185695338,65.76,-17.3350094280327,34.24,5,63.451438099208,0.0621453661172656,0.0235972259749617,0.105016662163379,1.05070701612177,0.00342249842384941,0.23045967053707,0.13249585240704,0.212868421398601,0.052232002281484
A2207,2023,3.88981643447879,-3.88981643447879,769.992049849592,801.155529293797,-4351045,21.6757295644356,80.32,-2.07266520360888,19.68,5,53.8724468528554,0.0492188205545019,0.02086155513411,0.0782082543122912,0.772058159487041,0.00343177097444234,0.0866432204015751,0.0507540865167525,0.0875177585510553,-0.00876575280663649
A2217,2023,0.0,-2.28570070155502,899.624917477539,920.668647205718,-2932570,,89.01,1.41278341118834,10.99,5,19.6581909128804,0.02193606348731,0.0076364453095755,0.032904095230965,0.342816500711238,0.00112300666317287,-0.575427491203115,-0.585597946821961,-0.520807893264371,-0.513848272369979
A2246,2023,9.9395643548857,-9.9395643548857,862.729680904343,957.945267224726,-5323313,71.6659486122416,77.48,-3.18630513557416,22.52,5,97.4239266360984,0.152270081490105,0.0733410942956927,0.226775320139697,2.82281722933644,0.0155995343422584,0.126073507400632,0.207406919871491,0.0750842370210466,0.0693787616709007
A2247,2023,4.85513530164788,-4.85513530164788,939.664320270924,987.614332365747,-3964507,-41.2065849694963,80.94,-0.893841067711527,19.06,5,83.042934556065,0.0974285257946015,0.046957355055103,0.124101581217058,1.65660437629772,0.0049512857371027,0.0723363302313168,0.0967328011174908,0.237424561219781,0.0402188498607414
A2251,2023,8.56807772260155,-8.56807748454315,821.57570740389,898.565495289678,-35991494,6.53955172067254,83.44,-1.39446939257859,16.56,5,14.4810337640684,0.0179129598461169,0.00658211108439529,0.02551695119019,0.335146669872566,0.000691271940370281,0.192880643974657,0.198221035115828,0.249646709248233,0.0711895124097306
A2266,2023,4.03109455417109,-4.03109455417109,850.394476412014,886.114593535749,-3501143,-27.2234046290343,93.05,-1.98040661540083,6.95,5,78.2242601083785,0.0904725802375537,0.0281779125600202,0.118145059388426,1.30616628759161,0.00707606772807683,0.0541797936952048,0.111870482078479,0.0472922584714114,0.00521754696318751
A2272,2023,4.78115547744944,-4.78115547744944,945.616132349267,993.097676295912,-9881669,,85.38,0.470698987997166,14.62,5,43.5681533972488,0.0381074324736297,0.0193890616425828,0.0600573135784403,0.591366380098775,0.00274373513810134,0.0694129472332673,0.0607712809694416,0.0795860136897944,0.0574355222242546
A2286,2023,7.37358377041471,-7.37358377041471,1110.10565327678,1198.47630780106,-8500550,-23.3094158396047,80.12,3.55434923096808,19.88,5,74.7811588161734,0.0787980668207607,0.0360369825593612,0.12155915108216,1.40239546123135,0.00357217902920782,-0.0976495662354036,-0.147868872578645,-0.103611991290128,-0.161430159144066
A2299,2023,0.0,-1.18367382370581,906.37545599102,917.23249696006,-2785743,-100.0,81.69,-3.67881146091263,18.31,5,35.9649854105877,0.0380103767200541,0.0134784570268441,0.0593277690051884,0.616794495826754,0.00146627565982405,0.174476698017627,0.216018431004139,0.234975176492898,0.0660053419066701
A2308,2023,0.0,-0.615828470994757,727.249007990188,731.755365871255,-999384,-100.0,80.67,10.1296928327645,19.33,5,34.8812005002084,0.034029434006166,0.0124483741492641,0.0522948054214415,0.593799080914432,0.00197777907044384,0.0768800853903323,0.150292013262754,0.108820937089989,0.019472889233818
A2309,2023,10.1558301061079,-10.1558301061079,747.581611992945,832.086948853615,-23957263,43.8463331896507,83.44,1.7685083546774,16.56,5,21.3088786994581,0.0222913667394232,0.00891654669576929,0.0414247898574281,0.459945200390099,0.000603724515859379,0.104053541339357,0.0914684750650225,0.160051815865921,0.0162623679976527
A2311,2023,0.0,1.80933147318623,1110.76225644721,1091.0220510973,2630106,,87.27,7.36958661417322,12.73,5,9.45393914130888,0.0097635904588711,0.00455516516887657,0.0177792687017779,0.234273203976059,0.00112996345274458,-0.811796623498532,-0.831973425680942,-0.806261329975705,-0.805896538450501
A2337,2023,7.21880610975954,-7.21880610975954,1002.70955156065,1080.72499341499,-4738970,,75.5,-3.64982133741705,24.5,5,95.7065443934973,0.154202514890801,0.0659607324067946,0.219722038385175,2.39730862563424,0.00970659607324068,0.142859634520108,0.0770749272361109,0.170445241412087,-0.0361932770314058
A2342,2023,7.19040096445107,-7.19040089179593,890.563214424152,959.559380690644,-98966169,144.08151557871,84.91,-0.0353190487402886,15.09,4,0.842017507294706,0.00458080067911171,0.00159367016633432,0.00757593958468475,0.0817736988363805,0.000328344104621643,-0.0187317455646922,0.0409452931809148,0.0498917288519228,-0.0815825207941654
A2366,2023,9.0081466237259,-9.00814789431307,1140.2053560056,1253.08511654566,-7089752,37.1803286174407,80.01,-6.13561708118253,19.99,5,92.6052521884118,0.117191719171917,0.0484248424842484,0.159315931593159,2.35337533753375,0.0113411341134113,-0.0748394296443219,-0.113791519012041,-0.119544923756136,-0.0620252126449991
A2419,2023,3.66398159777918,-3.66398159777918,877.481728548463,910.855299089499,-19016127,,92.8,7.80669144981413,7.2,5,11.2963734889537,0.0127037711544441,0.0052414160707147,0.0269621996179985,0.248412028605695,0.000866166215075734,0.031133616626443,0.0501188155516709,0.144290682410185,0.186511700149604
A2452,2023,0.0,0.858265169461016,1074.34455751771,1065.2022972164,733063,-100.0,70.34,-5.81146223888592,29.66,5,94.6060858691121,0.181617531136686,0.0521835093804194,0.160334226706606,5.30238057701403,0.00898628409270062,0.174799944874479,0.178007465135007,0.635304487012266,0.20783912384841
A2490,2023,3.64487547370029,-3.64487547370029,1005.30614532969,1043.33438441595,-4341608,-28.0573260228647,81.94,4.63542331758395,18.06,5,72.1133805752397,0.0629363752581375,0.02458452158521,0.101779919362769,1.49936080243878,0.00609696135313207,-0.0540652856146604,-0.0453178026053572,-0.0323620489484061,-0.0515826123238137
A2500,2023,3.69058088642388,-3.69058088642388,928.222711079098,963.79224339881,-21925202,,87.48,-1.13019891500904,12.52,5,8.92038349312213,0.0120992373933434,0.00567521232782233,0.0199617711391806,0.200208879342621,0.00074881273769878,0.0393002126820617,0.0837123852908915,0.0556486866344103,-0.0558229299205415
A2506,2023,3.51131988181814,-3.51131948318268,930.937247119275,964.814983615637,-8808347,,88.61,-0.101465614430669,11.39,1,34.8311796581909,0.0282024499097901,0.012724337669737,0.0552179280220302,0.503608394264552,0.00246890133890419,0.0235552465584975,0.00619789886930978,0.0722959000127804,0.0385476097685142
A2528,2023,0.0,-1.43620989961638,1023.07089437332,1037.97844353526,-1355454,,76.76,-8.70599429115128,23.24,5,74.1975823259692,0.0704916023047689,0.0295451759225205,0.093048915042295,1.45580483020718,0.00649748682113522,-0.16151511669822,-0.155230951075705,-0.0790153462069105,-0.30263933800646
A2530,2023,4.45292615952468,-4.45292615952468,736.39456070004,770.713880709229,-13146496,-18.4965088919211,87.02,0.0114929318469037,12.98,5,13.1804918716132,0.0155360081002405,0.00531578281230224,0.0300278445766359,0.329641817491457,0.000601189722819896,-0.00613136157138975,-0.00182106509228174,0.0640940537933343,-0.00358746925637193
A2542,2023,6.09540372110781,-6.09540372110781,884.061212203587,941.446156243479,-83595632,-32.9054607647633,89.73,3.44708323726079,10.27,5,1.08378491037932,0.00481521913901512,0.00209026208670779,0.00876725312481488,0.0913114490509195,0.000220027588074505,0.0201541755669804,0.0273257339189453,0.0758851469460759,-0.0446055113644278
A2543,2023,4.19393133063685,-4.19393133063685,814.431584197214,850.083502547113,-4003140,-57.5333589630652,77.39,-5.13606276048051,22.61,5,60.3251354731138,0.0585673851513172,0.0212279555845852,0.0930764206401045,1.1541476159373,0.00293925538863488,0.0894930871985592,0.141551611522782,0.0368048427731642,0.0646895695959143
A2550,2023,6.02160662915354,-6.02160662915354,981.396646928615,1044.27902172784,-31476150,,86.1,-0.301065308012975,13.9,5,17.3322217590663,0.0169138561560341,0.00744108086143844,0.0254723689557091,0.269859813084112,0.00149837464445347,0.0406013006440291,0.0486142093688569,0.0906561750971389,-0.0613702064933816
A2551,2023,18.1553423821465,-18.1553423821465,781.552997527812,954.922435105068,-13464564,4.62261211454857,88.56,0.0225886604924283,11.44,5,85.077115464777,0.0928213689482471,0.0370617696160267,0.168948247078464,2.47646076794658,0.00467445742904841,0.0922543633328275,0.170067185145975,0.110717539164952,0.0238137219960859
A2557,2023,7.49625567244978,-7.49625567244978,888.617426404147,960.628602511057,-12113432,-12.4411024235595,92.87,1.49726775956285,7.13,5,44.8103376406836,0.0369401031930008,0.0165258356389741,0.0683466686607343,0.96193823375458,0.00209377103118223,0.0589496248660237,0.034192696371153,0.0725779637903042,-0.0223636721569658
A2569,2023,2.37901688404181,-2.37901688404181,883.614432109308,905.148057216055,-2420724,,85.7,8.93606203126986,14.3,4,77.5156315131305,0.0788597887425843,0.0338590652582839,0.124873390247432,1.99189697583562,0.00376211836203154,0.191545969258919,0.215293959155569,0.412466192538652,0.248467363754471
A2571,2023,0.0,-1.85983967873384,1150.20181861936,1171.99912334983,-10144640,-100.0,86.81,7.08030097446652,13.19,5,14.2642767819925,0.0134048257372654,0.00633218434827014,0.0319417847567982,0.299859568492276,0.000893655049151028,-0.00212521805354727,-0.0444068569521048,0.0047303243545954,-0.0314072087508523
A2575,2023,1.26219828789832,-1.26219828789832,845.70826320522,856.51923431628,-5626851,,84.9,-5.73998001554345,15.1,5,12.6219258024177,0.0139827257653377,0.0055435939317445,0.0229910659044225,0.294453931249536,0.000989927487811518,0.150802209905107,0.073403123221224,0.184616488274383,0.0290933967724637
A2587,2023,0.0,0.967194623299972,907.071138098156,898.382035355505,1871737,,84.67,4.40197287299631,15.33,5,45.5273030429345,0.0395628798503974,0.0149602618045816,0.0735741000467508,0.555867227676484,0.00350631136044881,-0.00253756152460197,0.00959270546633072,0.126863083457998,0.0342432810800501
A2591,2023,0.0,-1.41097133978923,765.967986469971,776.930249622295,-4556662,-100.0,84.24,-0.425531914893616,15.76,5,16.4651938307628,0.0162501964482163,0.00628634292000629,0.0275656137042276,0.390790507622191,0.00100581486720101,0.084567542908984,0.0779833287430583,0.367747033800654,0.0245121170608784
A2592,2023,6.21481245120116,-6.21481245120116,955.864358340876,1019.20610634117,-31073688,1012.89130391354,86.6,2.11060016507486,13.4,5,18.1909128803668,0.0158561807286419,0.00710611444026091,0.031129023704725,0.334119955454208,0.00132576761945166,0.0876116180664578,0.0962455261596464,0.0959767230139995,0.113373244158236
A2597,2023,2.86006122352133,-2.86006122352133,844.669330423842,869.538668711174,-2530107,-52.487440219803,80.08,-2.11465591003545,19.92,5,72.0633597332222,0.0648504983388704,0.0300332225913621,0.108970099667774,1.27202657807309,0.00491694352159468,0.0315244369923894,0.026700246490194,0.118117296931431,-0.0426440362866439
A2598,2023,2.42820250942152,-2.42820250942152,980.854048014774,1005.2638910434,-13217930,,78.1,-2.49687890137328,21.9,5,14.7478115881617,0.0154621384689722,0.0066496399070431,0.0253330572237178,0.23920296357654,0.00126550240445457,0.0652351120799539,0.0911454574738897,0.0989649492355287,0.0673708750889509
A2599,2023,0.0,-1.47327480705657,898.932586897145,912.374368616006,-1437034,,89.33,0.551553354344884,10.67,5,75.5731554814506,0.0669416617560401,0.0335886859163229,0.122333529758397,1.24525633470831,0.00577489687684148,0.0630717728780055,0.104212556562808,0.0624390620490636,-0.0498087039079683
A2600,2023,5.36376123506886,-5.36376123506886,771.56732588073,815.297961912076,-12298979,-22.5421155529513,66.78,-22.9402261712439,33.22,5,29.2788661942476,0.0295740344947562,0.0105373030468711,0.043640339977136,0.46453601073612,0.00178935334758189,0.188896477621957,0.143346164395918,0.201294326781689,-0.0184274011092731
A2612,2023,0.0,-2.52224615176692,982.472276790798,1007.89384039403,-3571628,,80.13,-2.43516376476318,19.87,5,67.511463109629,0.0807889247107908,0.0267399962070927,0.0940641001327518,0.883083633605158,0.00502560212402807,0.13414476080808,0.237438243449177,0.169851005006698,0.00118407668568879
A2616,2023,6.36594675282087,-6.36594682907401,853.309968256351,911.324394660841,-83484384,98.4498075639494,86.23,-2.22247420342442,13.77,5,1.22551062942893,0.00533206173053581,0.0023148950927692,0.00795040749089648,0.082443211375065,0.000303450667591469,0.060390564948795,0.0801552709330358,0.100334720632879,-0.0109907511402334
A2619,2023,0.0,-0.360280372113836,1000.8807888084,1004.49980444172,-1276919,,80.02,8.32543657777175,19.98,3,22.8511879949979,0.0248099494258723,0.00811094500461211,0.0257641782499443,0.328986290912561,0.00209930341295843,-0.103824394387071,-0.11343451312041,0.0551029572100813,-0.151686301138731
A2620,2023,0.0,2.67298490292986,988.685297887889,962.945899374234,25781920,,82.59,0.953428676200955,17.41,5,3.16798666110879,0.00674676191507017,0.00321102572428474,0.0139625500595303,0.128777765751464,0.000444973602241705,0.0165324256549142,0.0191160769268864,0.0331804003306872,-0.0311986566757692
A2628,2023,0.0,-1.53547061038132,1043.9533954727,1060.23296099028,-1320403,,65.76,-15.4429728687154,34.24,5,91.8215923301376,0.12695374800638,0.0497607655502392,0.186921850079745,1.57177033492823,0.0118022328548644,0.097289492039795,0.159769015014024,0.0901586140359061,0.0643679736217314
A2631,2023,0.0,-1.66844808011941,1104.87637274388,1123.62344656588,-3735092,,78.26,-2.40678388826536,21.74,5,35.3647353063777,0.027005392652511,0.0117964273677115,0.0473963599595551,0.516220087630603,0.00324401752612066,-0.287169261987855,-0.282578448402513,-0.327885655980951,-0.312732083486032
A2634,2023,5.54767161845378,-5.54767161845378,968.461354378819,1025.34407671419,-3351530,42.3446327443664,81.64,-1.70960751264147,18.36,5,93.4305960817007,0.112064737616479,0.0478175576262874,0.189063266307013,3.14664051005395,0.00907307503678274,0.303881188855238,0.341624045400406,0.308657030693282,0.0657871843483755
A2643,2023,16.7350088435196,-16.7350088435196,812.065206539374,975.278079371022,-10462598,-16.8270448808589,83.33,4.01947322431656,16.67,5,83.4347644852022,0.0838272650296359,0.0397967823878069,0.150889077053345,1.56088060965284,0.00626587637595258,-0.0879730146877495,-0.0423675156952041,-0.0609050324625012,-0.105383518735886
A2645,2023,0.0,-1.66065535048638,868.943180590913,883.617013808532,-3804338,-100.0,89.41,-1.29167586663723,10.59,5,32.180075031263,0.0272906403940887,0.0124630541871921,0.0487192118226601,0.557635467980296,0.00192118226600985,0.110384718859295,0.180983709273183,0.112952820851204,-0.0162817089452605
A2660,2023,0.0,-1.01425666855894,820.30728301495,828.712555370986,-971515,-100.0,85.4,-6.41095890410958,14.6,5,65.8607753230513,0.0581012935759702,0.0237886428414821,0.10052620039465,1.25750931813199,0.00394650295987722,0.0230926137545608,-0.0123611730639832,0.0674477617209231,0.0257080108064319
A2666,2023,5.92243791127408,-5.92243857636726,1045.45600886918,1111.27031042129,-8904675,-6.59762714673363,86.78,14.7428269205342,13.22,5,72.3468111713214,0.0884622805325101,0.0317383754582288,0.0958904109589041,0.985143739147212,0.0057881535790083,0.000413453364144086,0.0463455651799121,0.211947153178922,-0.0268547402685475
A2671,2023,10.9053339267278,-10.9053335758172,1837.90580843178,2062.86849953672,-31077246,-11.5121677846031,65.76,-6.89508707348151,34.24,3,87.7949145477282,0.131200787401575,0.0690944881889764,0.116535433070866,1.29094488188976,0.0156496062992126,0.145097395426027,0.157810404703779,0.0994567936905348,0.18407405605632
A2684,2023,4.56643623383096,-4.56643623383096,839.523078091765,879.693731388636,-13220162,46.9565744197537,82.94,2.39506172839506,17.06,5,35.939974989579,0.0341089108910891,0.0135148514851485,0.0511386138613861,0.514356435643564,0.00237623762376238,0.349836769391225,0.367692996236893,0.478020248064203,0.296188988122472
A2695,2023,2.83496627894234,-2.83496627894234,1068.05947887572,1099.2220534209,-9907455,-51.3996522244859,81.72,1.42733027181334,18.28,5,30.5210504376824,0.0271338863477789,0.00984572447476549,0.0438018451042717,0.462400186060935,0.0024420497713001,0.0745667935695877,0.0434104969377471,0.0639019131131925,0.00911833408049843
A2704,2023,6.60154874538282,-6.60154874538282,925.309496567506,990.711820311649,-4801577,-5.69701485707283,83.28,-4.04424472865538,16.72,5,89.8541058774489,0.104812834224599,0.0444919786096257,0.201283422459893,2.59508021390374,0.00577540106951872,0.367259956899992,0.302401555663588,0.244255544566074,0.159559301892303
A2706,2023,10.6389961541143,-10.6389961541143,846.885841310817,947.712989853358,-11248680,101.147911490971,89.79,7.57158260452858,10.21,5,62.9345560650271,0.0558600337268128,0.023924957841484,0.112879426644182,1.11709527824621,0.00295109612141653,-0.0400540969349747,-0.0286885019551242,0.0205006192252113,-0.072932836121059
A2710,2023,0.0,1.77225109480359,1071.06048558498,1052.40915285175,2983691,-124.376471041905,81.65,-2.75131014768936,18.35,5,54.51438099208,0.0487103729138385,0.0231573904016609,0.0863211690489499,0.925976203785036,0.00239559211051665,-0.0190967049631699,0.0394315536853267,0.0925027677368182,-0.0206404216242113
A2729,2023,2.38891606113308,-2.38891617386773,927.214923496706,949.907415379475,-21190612,,86.8,7.89310130515848,13.2,5,5.34389328887036,0.00852265231272593,0.00393150215045252,0.0137998364072931,0.13873716984617,0.000791577614185071,0.0250629948558057,0.0549711529100485,0.0738262465774083,-0.0386072788337224
A2735,2023,0.0,0.339506649735472,887.005066138909,884.003814405088,1419424,,85.76,6.13861386138615,14.24,5,15.2646936223426,0.0153881025537702,0.00725331184203899,0.0295925049110966,0.253387397370674,0.00103258953306805,0.0279252505918501,-0.00394590132947549,0.0218463220273224,-0.0471406833691685
A2754,2023,11.8746006535042,-11.8745997007936,795.162445842789,902.307896637095,-12464016,62.7277781056236,81.03,-2.40876791521137,18.97,5,61.4422676115048,0.0571736785329018,0.0247033441208198,0.0932038834951456,1.18349514563107,0.00280474649406688,0.0379056923182591,0.108676934755683,0.0619031786141774,0.051825898256044
A2762,2023,0.0,3.69428722184758,884.791752782915,853.269525726096,3477406,,77.78,5.69370838429134,22.22,5,69.4289287203001,0.0704064834747372,0.0272255286817779,0.12321134608079,1.33848296821578,0.00303912878308218,0.0439464557794508,-0.0299058714279685,0.215756736173071,0.0954370449910098
A2772,2023,12.5976542205568,-12.5976542205568,687.842661406245,786.984211089702,-12966525,-19.4939999816221,89.57,-3.32433890987589,10.43,4,71.0879533138808,0.0680301711633304,0.0230635335073977,0.124746156077749,2.05599071656513,0.0030461270670148,0.66246824105188,0.611342639084153,0.590929557674359,0.358250104986397
A2773,2023,11.5109925531653,-11.5109925531653,787.171970715673,889.570347128841,-8224228,124.53795443513,93.89,-3.88001638001639,6.11,5,80.5585660691955,0.0692295671198625,0.0312548835755587,0.142991092358181,1.70573527113612,0.00687607438662291,0.0530761198482717,0.112707105166033,0.14807785294791,0.03018232632218
A2778,2023,2.52490971655352,-2.52490971655352,806.719052310205,827.615598984681,-4708995,,96.3,-1.55387446329993,3.7,5,29.9291371404752,0.0227163139566033,0.00985802303777123,0.056308598982052,0.570372354674525,0.001607286364854,-0.0562175668339541,0.0342112548955637,0.0308972520147157,-0.0227179479815582
A2783,2023,5.1838008498714,-5.1838008498714,874.257022451287,922.054490991586,-13020604,47.0566264854769,85.18,-0.734180165481873,14.82,5,30.762817840767,0.0292356151013708,0.0111352646288985,0.0480901468435296,0.392085533028703,0.00221818020495985,-0.0871008274880064,-0.027762914074524,0.0328073433841486,-0.0701069646550557
A2801,2023,5.82010116106155,-5.82009982688069,914.99526883393,971.539858453881,-4362302,-38.5659655993303,82.57,3.35461259231442,17.43,5,83.5097957482284,0.0888835069023977,0.0387503027367401,0.120610317268104,1.53269556793412,0.00823443933155728,-0.135503682487875,-0.128931131837405,-0.163238807213953,-0.328073024508979
A2802,2023,10.494414367915,-10.494414367915,933.185506554158,1042.6003024996,-8246812,26.5884860949041,81.0,0.0123472033584456,19.0,5,85.3355564818674,0.0952085402184707,0.0425769612711023,0.121027805362463,1.88480635551142,0.00707547169811321,-0.268942737026633,-0.233736694143858,-0.0343038813143626,-0.239824354518371
A2809,2023,9.32573658793974,-9.32573496500871,778.186570282467,858.222087581481,-5746230,3.21820936000277,90.2,-7.26842808676878,9.8,5,30.6294289287203,0.0256359002548598,0.012093348658238,0.0473739443306182,0.545150167407926,0.001749038029084,-0.702752730184445,-0.71955618208435,-0.711767987663342,-0.700698723410677
A2811,2023,6.54812670075547,-6.54812670075547,714.846629958718,764.93558098048,-17520514,-0.613551500609093,84.26,-6.75077467906153,15.74,5,14.9145477282201,0.0152905198776758,0.00618650919188724,0.0327252276002671,0.366128862174417,0.000632711167352104,0.0739840094322242,0.106322432112399,0.0275650109302997,-0.0383995369756178
A2831,2023,7.11943887284146,-7.11943887284146,791.141420124658,851.783635373975,-11363866,-12.6310242557096,86.89,4.17216161131759,13.11,5,50.1125468945394,0.0561060616414953,0.0146928176040457,0.0571994806259824,1.00013667737306,0.00300690220733957,0.0697829775257507,0.0978135871041956,0.727860864460418,0.0659034480373994
A2833,2023,2.7009071004802,-2.7009071004802,771.588652933198,793.007036283486,-2021210,,92.96,-2.92397660818715,7.04000000000001,5,80.8586911213005,0.0788796366389099,0.036336109008327,0.117183951551855,1.58183194549584,0.00696442089326268,0.197508614919667,0.354251949011771,0.20351455295852,0.0412820282528644
A2840,2023,6.08225243626057,-6.08225243626057,773.568074760675,823.665489034088,-3956293,,89.88,5.41871921182265,10.12,5,91.6090037515632,0.107109879963066,0.0500461680517082,0.162142197599261,2.36897506925208,0.00867959372114497,0.274665678186138,0.301793802167161,0.24462916579498,0.143684675670674
A2841,2023,0.0,0.702997261699663,866.055394101021,860.009550510576,1060973,,90.6,3.14207650273223,9.40000000000001,5,39.082951229679,0.0349784083898828,0.0146206045650833,0.0616903146206046,0.727822331893893,0.00185070943861814,-0.110392618619746,-0.078397753621647,-0.00479908540287181,-0.127505646990599
A2844,2023,4.46351585158022,-4.46351550201716,1003.71136133269,1050.60529137837,-12768842,,89.0,4.59513456340345,11.0,5,34.722801167153,0.0339276869737494,0.0125309559187717,0.0492818226844973,0.446904408122833,0.00257553244180287,0.140523177957551,0.252598769836335,0.20335919362943,0.139912169759356
A2880,2023,7.43486040866713,-7.43486040866713,928.242515603512,1002.79923921859,-16914833,35.9583097791843,90.99,7.22366250294602,9.01000000000001,5,40.4418507711546,0.0346098381669604,0.0135662019975431,0.0574694226352614,0.712706297067778,0.00267051220424077,0.017626128125278,0.0554840122039109,0.0613962388628123,-0.168694028812354
A2909,2023,6.14795560819619,-6.14795560819619,872.877508392391,930.056999875668,-9197893,211.567387139346,89.01,-2.2834559227138,10.99,5,48.7703209670696,0.0369859032117425,0.0171486702514169,0.0821101584072083,1.05435256503415,0.00225257956692341,-0.0627674242846731,-0.0217960650202378,-0.0220994856235516,-0.0576312727323401
A2916,2023,10.2865479087487,-10.2865479087487,759.599509974148,846.695219354092,-18058076,76.1434081060157,94.55,2.1720337151502,5.45,5,25.785744060025,0.0215038909609983,0.00879495326242115,0.0382189068471704,0.44573375696459,0.00193396878021826,-0.212830025372609,-0.228633490009581,-0.146660625724744,-0.200549306894176
A2918,2023,15.1032045296068,-15.1032039538683,829.380433315335,976.927837023038,-26232748,24.2451359669121,90.61,-0.668713001534751,9.39,5,43.8849520633597,0.0397931034482759,0.0164137931034483,0.0577931034482759,0.825310344827586,0.00248275862068966,0.00438606591082656,0.000768553994607753,0.057951035556802,-0.124475847965588
A2920,2023,7.12187650246798,-7.12187650246798,774.22453259602,833.591919647895,-6312653,-13.6742900848248,85.23,3.2465172622653,14.77,4,74.1225510629429,0.0730082935410907,0.0336768032168887,0.108444332746921,1.42359889419452,0.00427243025885901,0.134958752750184,0.109331424925095,0.205284712541339,0.0796912724387303
A2952,2023,11.8092988109351,-11.8092988109351,1001.90638009992,1136.06805092978,-7734152,42.6263497279106,75.76,1.10770052048578,24.24,5,94.214255939975,0.118736383442266,0.0549019607843137,0.191721132897603,3.31089324618736,0.00849673202614379,-0.0215959072784822,-0.0613913892959319,0.0458660675094751,-0.0243344041948229
A2973,2023,2.06054448146654,-2.06054448146654,2233.41303612326,2280.40172808661,-7221974,-74.2762910110665,70.31,-22.9141541497643,29.69,2,75.3480616923718,0.0627321749550629,0.0319352905931696,0.0589574595566207,2.35224685440383,0.0239065308568005,-0.236967049549434,-0.216422984832729,-0.161725717551355,-0.187161311085901
A2975,2023,0.0,-1.55041872927148,834.133744677404,847.269977089697,-9082286,-100.0,89.6,0.764732343679704,10.4,5,7.36140058357649,0.0112331854355941,0.0042960771885344,0.0196316642017043,0.198182970631735,0.000669061201493063,0.0715417418165349,0.0356601811489465,0.116943170881152,-0.0381820028525529
A3004,2023,0.0,-1.57258581262159,1066.03356420979,1083.06570177731,-1563959,,81.68,5.85795749092796,18.32,5,88.9954147561484,0.114377768828031,0.040676600886025,0.151563968317895,1.64827493623305,0.0108739428111156,0.0519455373462623,0.0238728617758654,0.0528925462939568,-0.0509267712205132
A3016,2023,0.0,-2.16367979863828,876.233537755002,895.611707340978,-5536033,,84.88,4.81600395159298,15.12,5,28.9037098791163,0.0268084219303731,0.0107984156764645,0.0459870752553679,0.402876797998749,0.00200125078173859,-0.0359092131474418,-0.0443201412282924,0.00992818047343601,-0.076106075439203
A3029,2023,5.06243622650476,-5.06243622650476,900.579432501156,948.601793332072,-36563073,21.4799217144985,86.43,0.558464223385694,13.57,5,5.34389328887036,0.0107912480169223,0.00409836065573771,0.0168396351136965,0.164843336858805,0.000446192490745637,0.0234426071415303,0.0401311475409837,0.0933493661945903,0.00135067356496049
A3030,2023,3.31992554706622,-3.31992554706622,1089.97091424722,1127.39974644707,-32889164,,74.92,2.16828037638075,25.08,5,4.2434347644852,0.00668943376437333,0.00327436910837394,0.01574511082972,0.169973012035865,0.000549991686172186,-0.0722718241856034,-0.0670468780942009,-0.0512658145180106,-0.0679454441252403
A3047,2023,12.9363487261232,-12.9363487261232,832.548720209469,956.252934523173,-27780008,69.6761970749982,88.67,-1.15929104893545,11.33,5,32.6052521884118,0.0286140831052501,0.0116944513560587,0.0460313510823588,0.670863398855437,0.00179149042050261,-0.0954662985951865,-0.0525975641676066,-0.00431932380199526,-0.0864997835044935
A3053,2023,2.96946721622706,-2.96946721622706,934.035237219256,962.61992016544,-9509781,35.2352165733081,88.42,1.9838523644752,11.58,5,23.6181742392664,0.0216890384404374,0.00965582824329761,0.0355144288797045,0.394718554551772,0.0014995793862697,0.0661469888700133,0.0622943738777101,0.0575161583294675,-0.0261107554293502
A3094,2023,5.09241799670374,-5.09241799670374,822.952971209011,867.10982814885,-6711489,-1.99405874057742,81.19,-4.53850676072898,18.81,5,49.7290537724052,0.0481695568400771,0.0181787718857334,0.0795844852140404,1.06869397671107,0.00167546284661138,0.146833847624842,0.0964396414509509,0.0503668742936577,0.0161462597994309
A3151,2023,2.26812146118129,-2.26812146118129,1007.37146720345,1030.75013216217,-2299619,,91.69,2.74540564769162,8.31,5,83.0846185910796,0.111587982832618,0.037956008583691,0.144715665236052,1.24329399141631,0.00657188841201717,0.151998356774521,0.234624612541726,0.214549022481168,0.102448241579846
A3195,2023,0.0,1.54744604823918,862.799640538655,849.651738290681,980255,,84.7,1.80288461538462,15.3,5,88.7786577740725,0.117575966850829,0.0357389502762431,0.174378453038674,1.78263121546961,0.00828729281767956,0.101809173520662,0.0093004457559017,0.112890649287852,0.148900666733066
A3224,2023,4.07185274016799,-4.07185274016799,914.411664551952,953.225607573934,-28632580,170.116742559204,90.76,4.68281430219147,9.23999999999999,5,8.18674447686536,0.0125772406627659,0.00506735203514336,0.0180091503982793,0.166694008494194,0.000893166365906564,0.132025318452227,0.128660865972475,0.141002948243192,0.0832627314910185
A3229,2023,3.66064478313363,-3.66064478313363,835.942874648698,867.706528413995,-22965884,-34.0130583892278,86.95,-2.19347581552306,13.05,5,6.56106711129637,0.0100551115004197,0.0037410124457097,0.0187050622285485,0.232125260045987,0.000510967553560349,0.162841800620517,0.211846676768283,0.134859718296885,0.075398291406969
A3235,2023,0.0,0.785133550193408,1000.06841304804,992.277707852598,891319,,85.21,2.77409238933783,14.79,5,76.0316798666111,0.0670919723551302,0.0311536416799575,0.11451355661882,1.16353003721425,0.00914407230196704,0.0678712260998528,0.0242028268162569,0.0780461977454458,-0.0146459848340906
A3236,2023,7.75664241010876,-7.75664241010876,766.783961430162,831.261980769651,-23631452,-11.7232930246486,91.97,5.09656039309792,8.03,5,16.648603584827,0.0163420054909138,0.00709243038305661,0.0314093345535364,0.384723493267094,0.000784416263563865,0.0333696308560882,-0.010881238541941,0.0182170651094955,0.0205360595043711
A3247,2023,0.0,-0.463982256648348,889.962528186762,894.111044789318,-375308,,77.55,-3.68852459016393,22.45,5,93.9891621508962,0.145518358531318,0.058585313174946,0.27402807775378,3.51349892008639,0.00620950323974082,0.772314870706951,0.954312725778398,0.940248195028664,0.829847367746453
A3250,2023,5.550787963482,-5.550787963482,780.424493238414,826.290104926094,-38501796,-3.6485515374121,79.79,-0.931214303451701,20.21,5,2.27594831179658,0.00626286236947077,0.00284560075205163,0.0117889174013567,0.137046164790772,0.000241367920932951,-0.11133412942402,-0.103328130590002,-0.0764039102337503,-0.163608592399078
A3266,2023,0.0,15.2644396335949,2221.48245014678,1927.29210952526,23250451,,80.64,7.53433791172157,19.36,5,96.2984576907045,0.113718755962603,0.0665903453539401,0.186033199771036,3.74088914329326,0.0230871970997901,-0.110508638040736,-0.0844175062608571,-0.0259934414813425,0.0861832036276982
A3272,2023,5.19168072789013,-5.19168072789013,927.697005605086,978.497470187714,-5401715,,86.12,-5.14373829716929,13.88,5,68.7453105460608,0.0577705451586656,0.0212716494246193,0.113100081366965,1.47285830524236,0.00441706381494827,0.0511392210491493,0.0895265060783341,0.108835806521031,-0.0145724474014975
A3273,2023,1.35859725192771,-1.35859725192771,907.589103177283,920.089412652862,-5331732,-35.620381689381,89.66,1.15072202166065,10.34,5,18.2992913714048,0.0167578462424417,0.00737114886265477,0.0272674920817737,0.282032824647279,0.00161243881370573,0.0358971945066912,0.0693882252008204,0.126483281184727,0.00434791560058421
A3280,2023,6.02382725923346,-6.02382782408158,901.698713362817,959.497170915713,-10664509,-5.86890539242914,81.77,-5.33688353785598,18.23,5,37.25719049604,0.0338123885918004,0.0144273618538324,0.0602718360071301,0.659146613190731,0.00172682709447415,-0.158739017819543,-0.175334141767555,-0.0350339594001068,-0.117390713861302
A3283,2023,4.94721236831344,-4.94721268521514,992.114766081871,1043.75136606599,-15611190,-37.7169059987895,80.77,-4.99882380616326,19.23,5,33.2721967486453,0.0273462783171521,0.0148867313915858,0.0447411003236246,0.429166666666667,0.00246763754045307,0.0237178839856318,0.00551289726437436,0.0390567941572169,0.0145880121992781
A3287,2023,0.0,0.021945254252866,1051.30226168183,1051.07160134653,41386,,87.27,3.83105294467579,12.73,5,50.1875781575656,0.0416852429781543,0.0170159013226334,0.0616733541388022,0.720909496210432,0.00490414623272403,0.0690870549045668,0.125759984849621,0.37120452707523,0.0861483993914846
A3289,2023,7.58128449766856,-7.58128449766856,802.065959261825,867.860968313925,-35324814,25.9081213393558,83.91,4.43061605476043,16.09,5,9.62067528136724,0.0141533539227231,0.00531028506676739,0.0196413891172484,0.186815384273557,0.000888750638789522,-0.0434513476487074,-0.0931776176632065,0.0130053457499981,-0.0788517919341595
A3299,2023,4.2202163409723,-4.22021675157171,988.759715157681,1032.32611478467,-10278185,,79.34,-3.38528981977594,20.66,5,8.84535223009587,0.0115909914132913,0.00430400784096478,0.0202416210342403,0.240981825155008,0.000830971810879339,-0.563450400028148,-0.535072559596881,-0.524565711736331,-0.661894418408526
A3302,2023,4.36586381011977,-4.36586437979335,745.595595942369,779.633329780241,-7663800,-16.6156489896781,75.56,-7.25420400147293,24.44,5,36.3151313047103,0.038992297817715,0.0142276422764228,0.0420410783055199,0.776797175866496,0.00155113393239196,-0.0192862145391598,-0.0185542204686754,0.687317134844068,-0.0984951402897487
A3317,2023,0.0,-0.0902380456922291,910.381384469064,911.20363682321,-383857,-100.0,82.31,1.86881188118813,17.69,5,19.2663609837432,0.0206786379907109,0.00816495577315623,0.029642339437328,0.30234002899151,0.00130165961601041,0.169274787431142,0.189667694543433,0.251269590197521,0.0579595698443789
A3318,2023,4.16409188969078,-4.16409188969078,877.508970428137,915.636933724366,-13728812,103.581535973954,85.07,4.75310922300209,14.93,5,36.5152146727803,0.0277119848413074,0.0136783514921838,0.0502131691141639,0.631513500710564,0.00260540028422549,0.7109584714985,0.753985533651569,0.826076332496981,0.815296810168195
A3319,2023,9.17777825525216,-9.17777825525216,886.740083064926,976.347050347517,-6343098,1.55116487456632,85.78,0.268848626534195,14.22,4,93.605669028762,0.120241996470885,0.0448701789765566,0.213511469624401,3.27300226871691,0.00857070834383665,0.32580848071355,0.350455029503609,0.450487595459476,0.287836563716098
A3320,2023,0.0,-0.530816074426676,1041.76189090909,1047.32124040404,-1375939,,91.19,-2.03051138805329,8.81,5,42.5010421008754,0.0429825085069548,0.0164766282609993,0.0567130320577876,0.693451137245538,0.00232821921079339,0.199613312524957,0.175883937311804,0.222743413327282,0.111888104745123
A3324,2023,4.66970622994725,-4.66970622994725,791.10816891658,829.860202492212,-2686911,,92.18,8.38330393885951,7.81999999999999,5,11.6465193830763,0.0144613681753651,0.00536586539618374,0.0244952958444621,0.272383839842152,0.000818114006593036,-0.879599732972248,-0.862814290888718,-0.850467094859102,-0.848788654498609
A3325,2023,0.0,-1.41505744282586,860.488196210362,872.839374746629,-9383882,-100.0,92.17,3.98240072202166,7.83,5,9.12046686119216,0.0124816753926702,0.00529842931937173,0.0196230366492147,0.225277486910995,0.000774869109947644,0.398676662187833,0.34722672890515,0.38435344354031,0.294159707678883
A3327,2023,0.0,-1.77675603166197,1249.9189713928,1272.52870185769,-11703520,,79.59,-2.64220183486238,20.41,5,14.6894539391413,0.0124957784532253,0.00621411685241473,0.0272205336035123,0.302127659574468,0.00126083530338849,-0.0738524066008163,-0.0594661594885558,-0.00802414953537419,-0.0703207145517754
A3336,2023,0.0,0.0966873980910713,961.235324397224,960.306828710853,180377,,89.93,4.41193544641822,10.07,5,30.4376823676532,0.0223458633012168,0.0101325372054101,0.0493508843352784,0.475369792373456,0.00239743067806577,-0.325079886225002,-0.338565948312971,-0.264829808107195,-0.354129776472254
A3361,2023,5.57793839484967,-5.57793839484967,911.257819794585,965.089942226891,-3689869,-13.8601389165462,78.34,-0.457433290978398,21.66,5,96.2234264276782,0.142494136043784,0.0682173573103988,0.193706020328382,2.56215793588741,0.013096168881939,0.139953088350274,0.152832973245555,0.159395241209609,0.127878479220913
A3365,2023,7.14189555065221,-7.14189555065221,921.14185736503,991.988650670221,-15306308,21.0537171585327,86.76,3.63115145723842,13.24,5,42.4260108378491,0.0384347359957116,0.0147413562047708,0.0536049316537121,0.810774591262396,0.00268024658268561,-0.0267524797935417,-0.0654810665116402,0.0168003441827933,-0.0666313447839135
A3367,2023,7.58679402520348,-7.58679327609084,1032.88428112127,1117.68038112462,-10127707,6.01137854773622,87.24,3.89424794569489,12.76,5,99.9583159649854,1.246875,0.478125,1.7796875,20.7125,0.06875,15.7931622124493,14.1553443471338,13.9797640241244,18.9473307291667
A3378,2023,5.44253954212398,-5.44253895086442,943.914028377836,998.243838090516,-9204991,88.3190915831011,80.96,-1.37653794615667,19.04,5,46.8528553563985,0.041440393069563,0.0163563485906387,0.0725368502715283,0.714765968450996,0.00297388156193432,-0.0942772294904651,-0.128546091504799,-0.0803079642249515,-0.0872123092836825
A3379,2023,7.19683640531728,-7.19683640531728,970.571916080034,1045.83925642772,-11932282,59.2249403454347,69.01,-2.29364292793429,30.99,5,50.5127136306794,0.0444478860151773,0.01610655102989,0.0624903205823138,0.957333126839089,0.00371689639151309,0.0301772318359783,0.0181035677314704,0.15007074099038,-0.133725471969625
A3380,2023,0.0,-0.589096515216954,852.729012733455,857.782177650144,-2027067,-100.0,84.59,-1.719530614616,15.41,5,19.0412671946644,0.0176167421521162,0.00765266281430579,0.0249882867405903,0.303357801030767,0.00174918007184132,0.0535063924921151,0.0484461689320836,0.0891362829618197,0.00763985217273179
A3391,2023,3.67425794181813,-3.67425794181813,809.805305725216,840.694593596886,-5522634,,83.24,0.398021951513688,16.76,5,81.6673614005836,0.0953806115810019,0.0333116460637606,0.116200390370852,1.62927781392323,0.00676642810670137,1.25926189498466,1.29773247548134,1.38641468242648,0.906684599267983
A3454,2023,3.64719884650136,-3.64719884650136,921.860577258502,956.75534724714,-56016993,119.163753455477,88.63,9.13680581209211,11.37,5,1.54230929553981,0.00532644593106952,0.00229485985265475,0.00828181895164705,0.0941146583114574,0.000440342111948514,0.132830891692777,0.132830891692777,0.19169735260516,0.0694098572157681
A3457,2023,14.4321477636786,-14.4321481180434,796.073594572141,930.341918212868,-40726805,72.0920509924296,86.11,-2.36961451247166,13.89,5,23.1596498541059,0.0179959445758702,0.00853328827306522,0.0343443730990199,0.509166948293342,0.00143629604596147,0.0987523938267432,0.100489426929947,0.118954351591968,0.0497251739104319
A3458,2023,12.9330628558385,-12.9330628558385,764.755669875765,878.353706883609,-48425480,40.8658048702869,89.71,4.31395348837209,10.29,5,14.8978741142143,0.0159545614091069,0.00615846070391525,0.0260697533424806,0.336066881521427,0.000957273684546412,0.102665057387378,0.110523644902971,0.180154201182995,0.0547857833010038
A3466,2023,8.44021728027622,-8.44021728027622,790.211696321128,863.055451693313,-6779714,-12.1947018275669,77.94,7.29625550660792,22.06,5,87.711546477699,0.153895685769478,0.0478106889890534,0.113650998068255,2.4573406310367,0.00611719253058596,0.245944612555402,0.305703182391192,0.997394040486341,0.19441347021326
A3473,2023,8.15960843766691,-8.15960843766691,1057.35738447712,1151.29886370256,-45156166,52.2733977942425,93.89,5.80347081361281,6.11,5,10.5794080867028,0.0124716067372391,0.00563579479706853,0.0255646509235846,0.25693224188917,0.000642866326661809,-0.19811372219328,-0.182054231209514,-0.106292565703849,-0.195566989751745
A3476,2023,0.0,-1.31504566401063,955.815293459465,968.552197131523,-2504330,,70.62,-6.59965613014151,29.38,5,54.2642767819925,0.0551733441251855,0.0241467691892621,0.0631323350870093,0.674693106704438,0.00384459732901659,0.153080667718322,0.181029293033014,0.153709721702382,0.0566121658842159
A3477,2023,10.4667124573644,-10.4667124573644,738.474225463591,824.804098824061,-15270028,4.54252528134177,74.37,5.29520033979897,25.63,5,50.0791996665277,0.0582901554404145,0.0153916488875343,0.0655288021944529,1.01379152697348,0.00236208473026516,0.0240725759138377,0.0552228121035136,0.960289532676,0.0319386157545255
A3504,2023,3.60147900293768,-3.60147884510484,815.172883600002,845.627997020997,-22818311,49.3782016074074,88.21,-2.51961542711902,11.79,5,6.34431012922051,0.00951998323085523,0.00407001117942985,0.0170835662381219,0.192757825600894,0.000663778647288988,0.127892206802482,0.149861031719735,0.139698897447258,0.059232001201206
A3507,2023,1.85470253766079,-1.85470101279196,798.510111160736,813.599957818471,-1216302,-26.3007465037931,75.31,-12.9062102463282,24.69,5,76.9737390579408,0.0918136589778381,0.0313583597165687,0.14126338006935,1.60455299261269,0.0034675109301975,0.0632971506105834,0.053170511080959,0.0171557617383414,-0.0146769221954045
A3509,2023,9.69210387737169,-9.69210387737169,776.772950325964,860.138463718821,-9411633,56.1025420727849,91.57,-1.1763436218433,8.43000000000001,5,59.6665277198833,0.0435464009851114,0.0202619500727639,0.0988469719019366,1.11104891973581,0.00391805664390462,0.0191157723082785,0.134669204074779,0.0908733288326561,0.0253057460346415
A3521,2023,0.0,1.7905629501955,1041.55350288894,1023.23189174084,8916835,,87.13,8.07491937484494,12.87,5,12.3218007503126,0.0110100526567736,0.00533748204882719,0.0257060794638583,0.281594064145524,0.00110100526567736,0.00344877663093462,0.0357524375803078,0.0572681410433276,-0.0749232787793246
A3527,2023,0.0,2.26832954088945,963.530787743602,942.159505361196,2184487,,65.76,-6.89508707348151,34.24,5,78.8245102125886,0.08165548098434,0.0314441958737261,0.116455381556053,1.24732786477753,0.0093214019388516,-0.0231160294598196,0.0670982488143374,0.292547293451946,0.0912727613800407
A3531,2023,3.29026700176144,-3.29026700176144,1354.35585774059,1400.4338712891,-4625311,,75.44,-5.64102564102565,24.56,5,83.1679866611088,0.0885868291539723,0.0475744082493555,0.147644715256621,1.31263182563862,0.00621045230841341,0.040770822855307,0.0445142388605221,0.015553572092774,-0.129021126148356
A3539,2023,2.23872732113964,-2.23872861458187,1177.5136785692,1204.47868760516,-1730830,-90.2981845723204,82.43,-4.49542347352566,17.57,5,99.8416006669446,0.533904354032834,0.289793004996431,0.869379014989293,12.0563882940757,0.0392576730906495,3.11506396213491,3.51925009832627,3.56369832177558,2.85917705491928
A3547,2023,0.0,-0.836796285868037,821.292546231848,828.223086256342,-3644272,-100.0,85.08,3.79407100158595,14.92,5,13.1054606085869,0.0153927304114319,0.00659345928838592,0.0247434544931428,0.21923851539273,0.00103097727054762,0.0809199581707254,0.0661210057482757,0.0732669540826783,-0.00437701337463321
A3554,2023,4.11843746622406,-4.11843746622406,762.745135669226,795.507619518127,-5172672,-71.3127296534432,78.45,0.319693094629156,21.55,5,52.8553563984994,0.0543973941368078,0.0164495114006515,0.0626221498371335,1.09153094462541,0.00317589576547231,-0.010087808218561,0.0066335883645179,0.774749461003025,0.0812593509280394
A3555,2023,0.0,1.80856790083339,851.236115163895,836.114418182408,1865594,,81.14,-0.673277022891415,18.86,5,63.4597749062109,0.0618902138563122,0.0216812851088992,0.0924411156006702,1.07066127919582,0.00413915442988075,0.000461145686707202,-0.0864537204729815,0.0386364041717531,-0.0727930639117172
A3560,2023,7.31378200973706,-7.31378200973706,963.782914415379,1039.83411483747,-38341669,152.040866969694,80.57,-0.2352649826647,19.43,5,17.565652355148,0.017170613236187,0.00801457194899818,0.0254280510018215,0.260230722525804,0.00148148148148148,0.0655671697074218,0.0489601597920887,0.049339989008218,0.0078384025844589
A3563,2023,3.73764585051076,-3.73764609632321,935.368714590081,971.686933321868,-15205276,2.86406115798822,78.47,-2.69097222222222,21.53,5,19.6415172988745,0.0215653666648785,0.00898556944369937,0.0301754197736173,0.288745238989325,0.00126066198165334,-0.0779484343493311,-0.0471199625494608,0.0260778817578475,-0.129205772967962
A3566,2023,3.48391710553607,-3.48391710553607,999.090857639181,1035.15479252473,-25743158,-30.5916610044516,83.08,-0.693282333253644,16.92,5,10.3126302626094,0.0126159814080274,0.00520715022104178,0.0174561848014119,0.236383651645145,0.00108336682451205,0.0127687639089201,0.0394205734854707,0.16026747405821,-0.0222399690094303
A3578,2023,0.0,-2.39858792977829,1000.04231002845,1024.61869025926,-3075095,,84.8,-3.28467153284673,15.2,5,59.6581909128804,0.0551904117533346,0.022230813841098,0.0634061473033056,0.807268509568915,0.0069592112893872,0.00606717369234281,-0.0136140599100896,0.124117087242933,-0.1101804873061
A3579,2023,0.0,-1.02233872827342,889.634946184893,898.823971747069,-1147452,-100.0,76.97,-1.66091733742174,23.03,5,60.8420175072947,0.0506966593923116,0.0223266745005875,0.093755245929159,1.00822561692127,0.00394493872754742,-0.147739196063984,-0.126573778747692,-0.089429285741822,-0.254115375276125
A3588,2023,0.0,-0.896993739496544,1059.25063682431,1068.83804719299,-4230464,,75.76,-2.20730605395636,24.24,5,18.074197582326,0.0189878620160561,0.00830205222347042,0.0308792503493438,0.368824834917938,0.000821985368660438,0.0163066582130994,0.0108435838054003,0.0644421948644153,-0.14110369546466
A3591,2023,2.60113036320403,-2.60113076791493,1116.72340701969,1146.54658295748,-6427133,,93.57,1.50791928834887,6.43000000000001,3,40.3418090871196,0.0274841437632135,0.0129631690219206,0.0576388116167798,0.719650606431512,0.00333815511294091,-0.0187122508080482,-0.000834538778235203,-0.00583036608434412,-0.0935766919214113
A3596,2023,0.0,1.25837606165974,1035.88908845981,1023.01570373697,1032085,-100.0,84.84,10.6993736951983,15.16,4,86.4443518132555,0.0888529886914378,0.0439124687913056,0.170362755176972,1.86503157585549,0.00602144220884124,-0.0710065454655775,-0.0715847974850857,0.0127012319806971,-0.0746393761484979
A3597,2023,0.0,7.4841134065481,1353.68244534564,1259.42560481052,8088368,,84.34,3.52276911746656,15.66,5,88.020008336807,0.0810055865921788,0.0366852886405959,0.210055865921788,2.70744878957169,0.00707635009310987,0.0787168523662391,0.0620910893477786,0.304207901261515,0.315332309287832
A3599,2023,0.0,-0.835095828164406,905.127609233504,912.749945953736,-1269302,,86.45,9.0438950554995,13.55,5,53.6306794497707,0.0499336818288211,0.0198174299758134,0.066162128423188,0.807833346336896,0.00397909027073418,0.121245473686975,0.0496430373067258,0.15677467207895,-0.0791054602521773
A3613,2023,0.0,-3.21232694683745,780.195728631589,806.089974084872,-2238195,-100.0,86.66,-1.12949229891615,13.34,5,79.9166319299708,0.0834165834165834,0.0294705294705295,0.124375624375624,1.64535464535465,0.00649350649350649,0.175831018296772,0.248683669271905,0.241123626609018,0.0273825944697503
A3617,2023,0.0,0.508094370752659,807.793934900798,803.710327967239,462689,,92.73,8.05173619202984,7.27,5,61.017090454356,0.0524956970740103,0.020223752151463,0.118115318416523,1.14909638554217,0.00279690189328744,0.0369547526627729,0.091158101794935,0.102618706533451,0.0531112714719663
A3621,2023,3.04503259789278,-3.04503259789278,860.095547051828,887.108283461848,-5633128,-33.9501597096453,87.84,0.468946585840097,12.16,5,36.4902042517716,0.0341169379144063,0.0118746232670283,0.0522001205545509,0.533393610608801,0.0027124773960217,0.0530801901892578,0.0369708700222026,0.123280921614122,-0.0031497857175976
A3623,2023,0.0,-0.252995153087816,823.494493703418,825.583179131329,-325083,,84.14,5.65042692114515,15.86,5,54.8645268862026,0.0608022741629817,0.0229785217940619,0.0724099810486418,0.805037902716361,0.00284270372710044,0.0486775211354686,0.116222575539262,0.0739911127577871,-0.00512981546516469
A3630,2023,4.41083392042563,-4.41083392042563,740.02675100481,774.174293338604,-6219087,-76.7381961181646,80.84,-6.402686117865,19.16,5,11.3130471029596,0.0127245508982036,0.0051979374584165,0.0205006653359947,0.275220392548237,0.0010395874916833,-0.65140702349813,-0.599547731947273,-0.636938731186042,-0.666875162950331
A3631,2023,2.90859266919196,-2.90859266919196,894.237482452036,921.026388468349,-11678570,-48.389016456595,86.51,0.898063914159098,13.49,5,16.1067111296373,0.0178064659729564,0.00620444048745201,0.0287963941906405,0.264843358744644,0.0012520171387235,0.0091904872566836,0.038714831652737,0.0463832930760388,-0.0472275004082168
A3632,2023,0.0,3.01412284975899,1081.63369011475,1049.98582737268,7380155,,88.23,13.6838036335524,11.77,5,39.3580658607753,0.031638949900638,0.0156364397029599,0.0628072377366384,0.656782763309277,0.00219642296830875,-0.019394396460768,-0.0291919081545668,0.115767063501109,-0.0290110971073233
A3633,2023,4.43449910680555,-4.43449910680555,953.849205732807,998.110402622014,-17096684,87.3827698922921,83.87,6.92248852626212,16.13,5,24.7936640266778,0.0230272202364586,0.0104481715699753,0.0372216112180368,0.381117679406104,0.00154660434423976,0.106303271927413,0.132377759817958,0.270879206713258,0.0556180118919717
A3644,2023,0.0,-2.13203829997823,905.0635299336,924.780197944389,-8801284,,79.27,-4.34415349342344,20.73,5,18.7744893705711,0.0214805859364017,0.00764753844856187,0.0274973992746085,0.323783282256024,0.0012371018078556,0.0856743427285429,0.106929115751179,0.210007466007819,0.0666066273369771
A3664,2023,0.0,-1.82657913352685,852.953514559889,868.823258914448,-4213798,,74.05,-2.52731341318942,25.95,5,32.8553563984994,0.0309145768412722,0.0127120739971311,0.0477321066429243,0.488994410644507,0.00212692288667953,0.0721737331768493,0.0534833757847208,0.114313009714831,0.00587459398855744
A3667,2023,0.0,-0.782994057088017,942.207309362802,949.642957281874,-540988,,80.93,5.94318628092683,19.07,5,82.6010837849104,0.0958667295300959,0.0364607889360365,0.142071349992142,1.68081093823668,0.00502907433600503,0.000413048435406621,-0.0552916097470553,-0.00480891420615279,-0.118343300918774
A3669,2023,0.0,3.13803760033685,875.382022380534,848.747991282001,3275027,-215.006363047689,81.85,3.25469912955721,18.15,5,50.8045018757816,0.0440331222601072,0.0195811008280565,0.0814417924987823,1.11076473453483,0.00185094982951778,-0.0939610365475541,-0.142531879550876,-0.083205297238955,-0.172909764385509
A3671,2023,0.0,1.0802670977567,940.289171031656,930.240093372808,1059012,,80.24,9.54266211604095,19.76,5,56.5318882867862,0.0491187518058365,0.0216700375613984,0.0808292401040162,0.764229991331985,0.0041173071366657,-0.348397464714719,-0.363524181056184,-0.273414768444572,-0.302708854033919
A3675,2023,0.0,0.0859383570929182,817.269109185882,816.567364608181,508355,-100.0,84.22,5.19610292280789,15.78,5,7.68653605669029,0.0124305942477281,0.00470710292224634,0.0173874618148283,0.200099905857942,0.000691655939595381,0.178037854861617,0.169376087284639,0.204350061498725,0.084345345906567
A3677,2023,0.0,-0.441063121653355,799.288791395293,802.82977747338,-1644094,,79.11,-6.42299503193755,20.89,5,12.6969570654439,0.0160012843840308,0.00666274215990581,0.0260890506261372,0.291769239002462,0.000454886010917264,0.0565216644827998,0.0786394127660069,0.0830984740941427,0.00441546947910558
A3692,2023,0.0,-1.41303200196648,802.012802547771,813.507929936306,-1082841,-100.0,87.89,6.09608884596813,12.11,2,74.5060441850771,0.0736252280427417,0.0316653635652854,0.109981756580662,1.36591086786552,0.00495178524889236,-0.0120375382298759,0.0145840979081233,0.0309009049845525,0.00273726963785877
A3694,2023,4.54560994852528,-4.54560994852528,836.969146067416,876.826247191011,-5320923,-22.8414283576428,81.7,1.16394254581476,18.3,5,52.8470195914965,0.0497860434496379,0.0196675444371297,0.0785878867676103,0.857801184990125,0.00288018433179724,-0.0248772299696799,-0.0318520714023548,-0.0877508667416939,-0.172073636089333
A3696,2023,0.0,-1.95518189408741,773.348005341959,788.769891445514,-2517407,-100.0,89.27,3.65768694844402,10.73,5,45.8441017090454,0.0369417816226327,0.0159769308705479,0.082768295534253,0.978957212999766,0.00179253370742732,0.0601667835710389,0.0759118348121929,0.105216612867111,-0.0883424095931633
A3698,2023,0.0,0.0802574434240652,882.812486225895,882.104531680441,102795,,74.95,-2.45965642894326,25.05,5,50.9295539808253,0.0537455410225922,0.0214030915576694,0.081252477209671,0.868489892984542,0.00166468489892985,0.0098152893996352,-0.0783722140647679,-0.0363385873348958,-0.0389491942942138
A3702,2023,2.31630622006468,-2.31630622006468,894.925478614088,916.146230741645,-12308206,-8.03007040573318,80.79,1.05065666041276,19.21,5,12.6969570654439,0.0121806497839278,0.00555294328384944,0.0250554174783368,0.241776941850832,0.00127628131927185,0.189372781123973,0.203569330410668,0.179098648715377,0.147894358671025
A3712,2023,5.04156698462974,-5.04156698462974,978.560419204223,1030.51449790229,-6142219,,72.76,-4.61457787100157,27.24,5,62.2175906627762,0.0586116863239399,0.024579094264878,0.100297109930674,1.08057981453138,0.00306113261906906,-0.195762766485438,-0.159190150355632,-0.0294582612122235,-0.21639403089849
A3714,2023,7.6502732207289,-7.65027382734013,794.847524173506,860.692886828311,-12611494,-6.33644703641195,81.55,-2.78936702825129,18.45,5,36.2067528136724,0.0351839395664097,0.0144357634397475,0.0495162208309619,0.596005588037461,0.00201790241630879,-0.114241546656995,-0.0359446850970297,-0.0105216152833464,-0.165439914801497
A3715,2023,4.5661602379787,-4.5661602379787,772.72073509536,809.692596485959,-5908695,-11.0705497234451,78.56,-4.48632218844985,21.44,5,45.5106294289287,0.0490118577075099,0.0162055335968379,0.0716205533596838,0.84197628458498,0.00173913043478261,0.0460575656227831,0.0579671394249399,0.0289447750140178,-0.0256971096585611
A3717,2023,0.0,5.3337341828467,1155.19682153271,1096.70166969247,8506131,,76.59,-0.208469055374588,23.41,5,65.1604835348062,0.0522983307293808,0.0265603157635063,0.120795987172108,0.887344790724447,0.00427596414768522,-0.0680129826784755,-0.00044128440320119,0.0509034571930072,0.0130143754682349
A3720,2023,0.0,-1.94116434758757,806.343016656242,822.305314244678,-2756178,-100.0,80.93,1.22576610381489,19.07,5,43.3930804501876,0.0372609903579016,0.0187939205752574,0.0689655172413793,0.804788364111783,0.00179767935937245,0.124000818154814,0.112863058260818,0.206888980844653,0.0556859867938371
A3722,2023,0.0,-2.08670547344254,870.448112231704,888.998900956814,-2869436,,75.6,2.5362810253628,24.4,5,72.3301375573155,0.077919178388033,0.0295824960928779,0.101920071444519,1.33924983255191,0.0043536503683858,0.46410817699963,0.376600630459191,0.570928232013296,0.308515658286701
A3723,2023,6.01305895277474,-6.01305895277474,762.301966152315,811.072216691555,-5878766,,80.7,-0.823399287206589,19.3,5,37.1238015839933,0.0277576500752466,0.0153837578730283,0.0484365419987738,0.576445014213255,0.00273117440499415,-0.408013598713689,-0.345212509175556,-0.375429816872814,-0.458793031837951
A3724,2023,0.0,-2.52460192487115,747.29282727664,766.647628051405,-2518137,-100.0,77.66,1.60931571372496,22.34,5,63.8182576073364,0.0599356395816573,0.0252413515687852,0.0913113435237329,1.0880933226066,0.00392196299275945,0.14405317666255,0.249619788624517,0.0535013219950637,0.0927125678634792
A3730,2023,2.48698044899875,-2.48698044899875,822.137725755199,843.105597119987,-2085129,-72.1371675207622,86.28,-0.173550850399174,13.72,5,71.9716548561901,0.0739770459081836,0.0354291417165669,0.114271457085828,1.06100299401198,0.00411676646706587,0.0408281484569061,-0.00474136472817074,0.0338073852295408,0.00208207922778766
A3731,2023,4.7522257929215,-4.7522257929215,880.273687022042,924.193446356275,-3124276,-54.4957278700406,74.1,-6.87445016966193,25.9,5,83.8516048353481,0.0956913827655311,0.0354041416165665,0.182030728122912,1.62975951903808,0.00501002004008016,-0.0577101045945712,-0.0416632351460914,0.0762186063114309,0.088878058842205
A3738,2023,0.0,-0.656398892921896,1013.13111745514,1019.8252390339,-1181807,,74.02,4.1948198198198,25.98,5,52.5218841183827,0.05289794786467,0.0234331669439823,0.0786189683860233,0.762548530227399,0.00235718247365502,0.0460142593884745,0.00217660488333392,0.122534918621722,0.018171006069696
A3739,2023,3.98820873254155,-3.98820892657145,1052.06839732959,1095.76999404686,-20554609,,82.51,1.70097374584002,17.49,5,45.1854939558149,0.0409443331300636,0.0177715828904957,0.0768359613206725,0.766617301158637,0.00200365885530098,1.58424015625256,1.31414349299993,2.12247377313861,1.611956204652
A3747,2023,0.0,-0.150347900996819,969.468169205801,970.927938982252,-446129,-100.0,77.03,-2.29578893962456,22.97,5,43.9933305543977,0.0372693534054676,0.0166222361612043,0.0581255553813183,0.730176153886362,0.00297945742512153,0.379616122864023,0.411117035178506,0.450669029345337,0.227480633873478
A3759,2023,0.0,0.233117422259676,846.773650124844,844.804264200999,504793,,90.65,4.35132957292506,9.34999999999999,5,31.3880783659858,0.0334773218142549,0.0110445709797762,0.0488415472216768,0.493618692322796,0.00166895739249951,0.0609430177336557,0.0579015073005329,0.0875394809711111,-0.0185743662699749
A3764,2023,6.09998416478716,-6.09998416478716,905.685272867565,964.520894710999,-13420170,67.5494948296903,81.42,-7.20310006838385,18.58,5,48.9787411421426,0.0433023579240154,0.0184588153486314,0.0697894936468803,0.975030027182502,0.00246538972122132,0.334021425315535,0.32401947979919,0.262061338555329,0.1876085006624
A3770,2023,14.3087613344686,-14.3087613344686,914.549414918668,1067.26128500525,-16861223,14.8628646410033,65.76,-6.89508707348151,34.24,5,76.8236765318883,0.058799784714747,0.0308127018299247,0.11248654467169,2.07952099031216,0.00592034445640474,0.229583679909972,0.288671225168803,0.364254733109605,0.383674729310454
A3783,2023,7.79065274287514,-7.79065274287514,903.405794224888,979.733423018113,-10383000,-4.80994443167054,90.99,7.09745762711865,9.01000000000001,5,45.9358065860775,0.0386367333658695,0.0174068651374654,0.0796323409793395,0.977143321945665,0.00162680982593135,-0.122272526181369,-0.119088289293267,-0.0547109833097752,-0.133673495833212
A3791,2023,0.0,1.11130758049399,861.181650499706,851.71646090535,1288023,,85.29,2.77141824316184,14.71,5,54.1058774489371,0.0393908456695593,0.0199081163859112,0.0927343882933469,0.932363450740174,0.00323294197719925,-0.0414330688995656,0.0261729082556035,-0.0159157174801221,-0.0352220520673813
A3797,2023,0.0,0.605263179455744,940.798862061614,935.138811160857,849551,,85.24,5.41676972545139,14.76,3,57.6156731971655,0.0470278084871163,0.0213453524959605,0.109533123564929,1.12433030019559,0.00229611361510333,0.135567236596236,0.136117740508402,0.134122854423105,-0.0248823419572015
A3799,2023,0.0,-2.76027739643864,1541.32792260626,1585.08054253726,-5377372,,82.4,-2.0097514567725,17.6,5,71.3797415589829,0.0637979420018709,0.0279700654817587,0.141347053320861,1.38999064546305,0.00346117867165575,-0.0516422032174719,-0.0222887008048733,-0.0199446378333642,-0.098582490590128
A3825,2023,3.18062741340182,-3.18062741340182,904.758687693472,934.481048081807,-12405281,,74.45,-9.21838800146324,25.55,5,84.6602751146311,0.0920152091254753,0.0368821292775665,0.142585551330798,1.59936628643853,0.00760456273764259,3.43880858334696,3.82254638497384,4.59239557742219,3.4200250096582
A3832,2023,0.0,-1.42250584969598,904.106662239929,917.153220451527,-1178887,-100.0,84.4,9.17087052127798,15.6,5,85.0020842017507,0.0913289630512515,0.0384386174016687,0.124553039332539,1.72467222884386,0.00864123957091776,0.0881441325568413,0.0881307858442292,0.237543537563777,0.0767903400390546
A3834,2023,5.18591355052198,-5.18591355052198,987.495631998352,1041.5073002096,-65041499,38.6058997230311,65.76,-6.89508707348151,34.24,2,4.71863276365152,0.00773774365032487,0.0035912581216775,0.0121441228588305,0.136645008860012,0.000791494388659185,0.198287520144677,0.234199807426227,0.180074292952758,0.159538413897714
A3835,2023,0.0,-1.68421304454453,932.152590382287,948.120967393185,-1477011,,85.2,-2.17016879090596,14.8,5,80.1583993330554,0.0843876353202035,0.0366505804095474,0.129907395330638,1.34433285509326,0.00613016825355419,0.0357641609046628,0.0660478256482696,0.0510313061222053,-0.0408752842829921
A3840,2023,0.0,2.83384523964761,1030.84666666667,1002.43909411765,7243931,,85.65,0.764705882352948,14.35,5,38.7744893705711,0.0310994540199122,0.0152553259822289,0.0666416871855262,0.605127930628412,0.00214109838347072,0.15333926339116,0.0915005963715953,0.194849333381692,0.0818455711936066
A3864,2023,5.78844046640789,-5.78844046640789,812.650797683372,862.5807721542,-24173697,-28.0347448819973,77.62,9.89664448534618,22.38,5,13.1137974155898,0.0139583230213335,0.00559322872840667,0.0278176508439341,0.29849527297926,0.000866207988912538,0.00564732253342856,0.00295291678353598,0.0329436730097988,-0.0739843721539901
A3873,2023,0.0,-2.46445938099161,1042.71806723469,1069.06473334447,-5677285,,84.24,5.39221819091704,15.76,5,29.2955398082534,0.026518267602226,0.0101621098475684,0.0427776433583354,0.581175901282362,0.00169368497459473,-0.219363063388243,-0.236481144214289,-0.103883250959354,-0.242447591927389
A3891,2023,8.26985164006878,-8.26985115787501,894.886804967542,975.564540408317,-17150473,71.8425308629172,81.53,4.33836703352956,18.47,5,37.4906210921217,0.0265210608424337,0.0126053042121685,0.054414976599064,0.761622464898596,0.0025585023400936,0.0977116654759648,0.0946223731302193,0.148267401334351,-0.0133456392503397
A3894,2023,5.13216902864245,-5.13216902864245,788.670422158889,831.33599038119,-5748588,-37.7906714381579,81.12,-6.41439778495616,18.88,5,56.3818257607336,0.0512459276217311,0.0203398784890376,0.0723782689090429,1.01567315312142,0.0036101083032491,0.0201937505971574,0.0671782975463278,0.0814583369603923,-0.0909807569231169
A3899,2023,8.72328583415514,-8.72328583415514,855.105235000913,936.827363709909,-12526041,15.6969359808996,81.8,-3.75338275091187,18.2,5,38.7077949145477,0.037675564134993,0.0165745856353591,0.056047393995873,0.733142514810624,0.00153098582174,-0.208503321223247,-0.185741606459839,-0.0929456275013466,-0.242440885175359
A3908,2023,0.0,-2.49629503224154,807.087566057424,827.750664781716,-2455520,,79.55,-3.21206959484122,20.45,5,71.6631929970821,0.0768764399175458,0.028373954165151,0.106584212440888,1.03746817024372,0.00582029829028738,0.185837047513171,0.185600287331181,0.24097684381249,0.223063100581819
A3919,2023,4.06341482444661,-4.06341482444661,797.469950205038,831.246962507323,-11531472,-60.9125646029779,86.6,14.5654187061781,13.4,4,25.68570237599,0.0224231596601889,0.00999015568600284,0.0354030699675502,0.352244138987129,0.00218762533270135,0.0223379684813672,0.0725280349689846,0.0984704323340824,0.0143175635214541
A3922,2023,2.12129722237488,-2.12129722237488,855.059609474552,873.591072633236,-1977826,-65.6839939572144,86.94,-0.492159780244943,13.06,5,64.5935806586077,0.0634546271338724,0.0214510332434861,0.10759209344115,0.971136567834681,0.00426774483378257,-0.015069016180347,0.0599193870420284,0.0202325341745398,-0.12449764037915
A4502,2023,0.0,-0.376770450371846,895.805468648155,899.193363533655,-623725,,72.43,-13.1013797240552,27.57,5,80.1250521050438,0.105489260143198,0.0292760540970565,0.145902943516309,1.49737470167064,0.00477326968973747,1.67506814730074,1.52333270762382,1.761144552047,1.66481304693715
A4513,2023,0.0,-0.295191780074034,899.239859882006,901.902201043794,-375454,,66.97,-5.94101123595506,33.03,5,46.1609003751563,0.0455914237533125,0.0201156347867984,0.0582992050108408,0.660684172488557,0.00264996386412913,-0.313968742703037,-0.283639575713775,-0.194651966073486,-0.341851818167723
A4516,2023,1.80409867219056,-1.80409867219056,996.135070019575,1014.43650554635,-2916956,-34.8003512832142,76.61,2.98427207958059,23.39,5,54.414339308045,0.0407643312101911,0.0198576245784938,0.0743349569127014,0.913600599475459,0.00419632821281379,-0.00472086923941553,-0.0267565695514579,0.0355387576577101,-0.0738115406055349
A4527,2023,3.49638771379332,-3.49638780846709,829.604059438818,859.661146975808,-36930903,55.2512635979739,85.76,2.60827949270161,14.24,5,1.75906627761567,0.00620900202153554,0.00242377985890507,0.0092825611617641,0.100117579108049,0.000422872230702587,0.0720841922209875,0.0837259542932273,0.103697140660233,-0.0291616752664068
A4542,2023,5.13758987494968,-5.13758987494968,885.680921380079,933.647922514882,-9637338,,77.63,-2.43810481337187,22.37,5,14.5644018340975,0.0196283504402393,0.00535097533686822,0.0181446709150168,0.419370530719463,0.000851291530865399,-0.590737893622756,-0.634320897693124,-0.436610704017013,-0.566624500527638
A4546,2023,6.94194687381327,-6.94194687381327,854.232692794847,917.956763652155,-7043549,35.8900393207301,90.6,8.5549964054637,9.40000000000001,4,69.5206335973322,0.0719475277497477,0.0237134207870838,0.0856710393541877,1.49081735620585,0.00484359233097881,-0.168496012417909,-0.172635155796104,0.509997654278877,-0.120272080834534
A4548,2023,7.97760170458984,-7.97760190807611,737.3026871833,801.220901075395,-39204620,27.0398766510362,87.47,5.72948144566662,12.53,5,6.63609837432263,0.00936173588797652,0.00406600817168472,0.0167202189694157,0.235649966281883,0.000614859772303542,-0.0234563133833803,0.0288409687095092,0.0184135221582742,-0.0760858895310878
A4551,2023,0.0,2.80794538882985,983.662328735473,956.796019038377,4651203,,83.56,-0.748307399928727,16.44,5,56.6319299708212,0.0458634419702109,0.0209408641793246,0.0783070343607138,0.797817431057366,0.00479280342132429,0.0758892313889957,0.0985958091458755,0.0814725244634615,0.0223851445448122
A4556,2023,6.36226672797476,-6.36226672797476,806.564213955444,861.366658259773,-26075003,23.2920063619141,90.85,3.6745406824147,9.15000000000001,5,19.0912880366819,0.018157632191553,0.00781509810442301,0.0291320252743598,0.378583305620219,0.00123046225473894,0.249913396519233,0.28576199103889,0.36548968141924,0.221019875399965
A4559,2023,0.0,1.31262103039809,1080.23601769512,1066.24032298109,7441119,,65.76,-6.89508707348151,34.24,5,15.2480200083368,0.0138518790774603,0.00668473766424699,0.0251539097675273,0.276486262978958,0.00137829642561794,-0.019614449830744,0.0465511906435588,0.0713661332469577,-0.0498984431712991
A4565,2023,0.0,-0.99173984519088,1117.10627405697,1128.29603541186,-1162840,-100.0,80.53,1.79496903046391,19.47,5,86.9695706544394,0.0874741200828157,0.0407608695652174,0.135351966873706,1.80020703933747,0.0117753623188406,0.0899652948448693,0.0996546119463634,0.196270178074165,0.102679240946655
A4566,2023,5.01951418324351,-5.01951418324351,797.548950923331,839.697695863572,-7039009,9.93183422881566,85.03,-6.64251207729468,14.97,5,50.4877032096707,0.0460386950995622,0.0182177658522807,0.0679282587205197,0.703290495692699,0.00388363225533117,0.00900869244190119,0.0788793504944306,0.0658492680556777,-0.0402461151132259
A4573,2023,6.21174564651833,-6.21174564651833,921.939780165888,983.001321989808,-11454901,68.3237033121777,84.79,-4.36498984886081,15.21,5,33.2805335556482,0.0270299088340353,0.0114623873753799,0.0432371914485259,0.486964866449859,0.00293223863091113,-0.168191801569933,-0.158725343477402,-0.0873130611184941,-0.230151464789516
A4575,2023,1.93617527164983,-1.93617527164983,924.500925862029,942.754301520484,-3174116,-47.6107219470538,81.52,6.0078023407022,18.48,5,61.5506461025427,0.0497054788993787,0.0217058016622287,0.0883563301863955,0.888081981763899,0.00580973129992738,0.20247428168764,0.186938761839079,0.231266360289003,0.151413292024332
A4577,2023,9.82394589843719,-9.82394589843719,1045.53348149228,1159.43583017585,-18758350,-8.53250312289505,77.64,0.193573364305079,22.36,5,79.2496873697374,0.0662523142025919,0.0327955567310235,0.1150489288548,1.98029621793176,0.00647976725733933,0.938692452273713,0.771992994395933,0.628082746953545,0.604605182523658
A4585,2023,0.0,-2.51348918699566,1010.10527439675,1036.14876147769,-2439233,-100.0,89.73,11.8270189431705,10.27,5,69.1121300541893,0.0613338626439063,0.0303691941246526,0.106391425168718,1.2117903930131,0.00406907502977372,-0.279050003108902,-0.290324670230797,-0.178848409665979,-0.248520295527745
A4588,2023,0.0,2.02972504439173,813.021371412142,796.847556982446,4050376,17.4598076767888,85.93,12.0777357506195,14.07,4,31.5214672780325,0.0292414050822123,0.0129390881913303,0.0537182361733931,0.413350149476831,0.00186846038863976,-0.00450426972155371,0.0345817297504711,0.0204902720255516,-0.0459184079127309
A4592,2023,0.0,-2.21931044025449,1078.11058348499,1102.58026235972,-10326596,-100.0,74.15,4.98371796686962,25.85,5,34.2559399749896,0.0252902757619739,0.0118650217706821,0.039078374455733,0.571988388969521,0.00308417997097242,0.300304704674119,0.368095362725737,0.613385279377616,0.261991067822972
A4597,2023,3.02523468866596,-3.02523468866596,983.657995277957,1014.3442906203,-2859349,-64.8297680720824,76.2,6.4245810055866,23.8,5,85.4606085869112,0.0951413577111901,0.0331809717284578,0.138141188420518,1.99492127983748,0.0079566615879465,0.319236861834627,0.125110242233513,0.224356918901205,0.182653062938614
A4604,2023,2.88495037504321,-2.88495037504321,891.758230078206,918.249265713231,-41921746,14.2806539634326,82.76,1.77078209542549,17.24,5,0.125052105043768,0.00270214345703957,0.000998089024672274,0.0038990388321547,0.0437779698220075,0.000166348170778712,-0.446673189047149,-0.458345711771064,-0.427207461820874,-0.487866686303219
A4613,2023,4.80226871994635,-4.80226871994635,812.918579200136,853.92642058736,-3859494,-48.1473201480387,78.07,-2.33925444083063,21.93,3,75.3063776573572,0.0837627163429779,0.0303871052979258,0.116131589377725,1.32487779098956,0.00475624256837099,0.0511215748447615,0.179832014116988,0.0984161220646024,0.0303394292867607
A4614,2023,0.0,0.669921941705373,874.989296809881,869.166559319037,922112,,84.29,3.60127826941987,15.71,5,38.0491871613172,0.0362517995026829,0.012825546394451,0.0497971469702918,0.640884700955372,0.00255202198665096,-0.0728391510912671,-0.0700069463320347,-0.124093268588645,-0.207270267108635
A4617,2023,0.0,-1.13426144694367,999.121148350624,1010.58381090679,-8856695,,92.9,6.91679134537922,7.09999999999999,5,7.61150479366403,0.0127633678185496,0.00402967154065034,0.021727331041629,0.13042977680554,0.000805934308130068,0.0742584667983984,0.0721590543776615,0.0909473199473997,0.157137627054099
A4618,2023,2.21649560782302,-2.21649560782302,764.68626657312,782.019698850451,-3854054,-43.9465606155495,76.98,-3.44914085037,23.02,5,33.9141308878699,0.0339285714285714,0.0147619047619048,0.0508333333333333,0.644404761904762,0.00125,0.143022727272727,0.184083694083694,0.198451855197564,0.104209652207894
A4620,2023,0.0,1.95052734662345,1034.16822537245,1014.38241889261,3617716,,80.63,3.21300563236046,19.37,5,46.3609837432263,0.0436158039981154,0.023423302147136,0.0614525139664805,0.737295550918759,0.00201925018509793,0.0684469542110673,0.0405272735157775,0.0503152869623345,-0.0935605466531824
A4626,2023,6.26231185006149,-6.26231185006149,810.289323854736,864.422133559166,-27230319,,87.54,5.60984437205936,12.46,4,14.7061275531471,0.0186686382720287,0.00633730294948641,0.0273560243986164,0.245860949011117,0.000977000871379155,0.0899312642411872,0.125650009913225,0.222857750545444,0.0627777449171445
A4627,2023,0.0,0.53337178297064,998.790901620764,993.491896180437,374025,100.0,79.82,3.06003873466751,20.18,5,96.4401834097541,0.139445628997868,0.0680170575692964,0.220682302771855,2.57803837953092,0.0125799573560768,0.291683763410171,0.274128447842679,0.29762294612364,0.180048459003683
A4629,2023,5.20289236927405,-5.20289265912209,1118.19271901753,1179.56417699188,-17950415,,80.2,11.3579561232991,19.8,5,35.3647353063777,0.0306247269550022,0.0123197903014417,0.0484491044124072,0.503844473569244,0.00283966797728266,0.0483807511253135,0.00765962687026661,0.0733005767153259,-0.040699861130778
A4638,2023,3.40965991046817,-3.40965842292707,809.314101605344,837.883051650214,-2292144,320.414029061655,81.6,-5.48992355802642,18.4,5,88.5619007919967,0.11236680658702,0.0424604455925089,0.17403939296093,1.73006134969325,0.00694220213109461,0.146999189069945,0.158736894822508,0.184434792550592,0.0588056245102616
A4641,2023,0.0,-1.34591061476686,1071.73574336149,1086.35713941515,-23060281,,86.0,6.35666584219639,14.0,5,1.12546894539391,0.00455614140037006,0.00203113479222604,0.00883404515796942,0.0752354586051947,0.000424312405225303,-0.0801633421649209,-0.0533615399210338,-0.0681183371519425,-0.160478268176485
A4649,2023,2.21870126349845,-2.21870228668264,850.561465342305,869.861093310549,-2168429,-35.1948388454167,90.48,9.27536231884059,9.52,5,68.1450604418508,0.0649726600192988,0.0270183338694114,0.101533183231479,1.02894821486008,0.00503913369786641,-0.105383800351919,0.036773196800405,0.0400563678867498,-0.0894107331452747
A4650,2023,0.0,-0.407591235279938,1222.98139025725,1227.98655582923,-292622,,73.32,-0.502103406160951,26.68,5,93.3138807836599,0.110289057123193,0.0543702684101858,0.158637302133517,2.49690295939436,0.0134205092911218,-0.183391662151674,-0.169617718826253,-0.188897771824956,-0.280371567975331
A4652,2023,0.0,1.80480073141199,806.848697274719,792.54484216653,1671148,,79.75,7.45082188089464,20.25,5,73.1137974155898,0.0863523573200993,0.0277915632754342,0.104962779156328,1.19640198511166,0.00521091811414392,0.218444276620995,0.19197647598955,0.470357198566921,0.375393832928675
A4654,2023,2.64194055391972,-2.64194055391972,788.695961939027,810.098276841507,-2712615,,71.92,-1.47945205479452,28.08,5,64.6102542726136,0.0712012728719173,0.0228719172633254,0.0890015910898966,1.09695704057279,0.00397772474144789,0.0978508672601315,0.11324050753568,0.156755217904336,0.0917941987125293
A4657,2023,1.55990764214431,-1.55990899041055,855.988006471581,869.552229881823,-1156974,-60.8443535190985,65.76,-6.89508707348151,34.24,5,83.5764902042518,0.0882802937576499,0.037484700122399,0.153457772337821,1.52616279069767,0.00642594859241126,0.0635530983548743,0.0130845949430124,0.154407270009479,-0.0389622504165343
A4671,2023,7.49764952414817,-7.49764952414817,835.427034045009,903.141411809963,-7040941,-18.2741695345233,79.31,-5.14292548738189,20.69,5,14.4310129220509,0.0148444333374984,0.00647257278520555,0.023516181431963,0.291040859677621,0.00117455954017244,-0.739093276126929,-0.783456203923529,-0.774147496945497,-0.789060339432754
A4678,2023,0.0,0.208970258617929,1026.61323250136,1024.47238989872,378775,,79.1,-1.9826517967782,20.9,5,52.4468528553564,0.0454735434255622,0.0203962216835242,0.090529131488757,1.02574605032183,0.00200618573936304,0.0848898450914051,0.0369720431099336,0.160141129636775,0.145718038343548
A4690,2023,0.0,2.17153768069832,890.105826187813,871.187657926349,1826814,,87.3,-4.30779348898389,12.7,5,77.1821592330138,0.0673378661087866,0.0342573221757322,0.117024058577406,1.51294456066946,0.00562238493723849,0.0542175264151866,0.143853408913349,0.102078834046086,0.151213446665507
A4692,2023,0.0,0.71043012770212,920.818943645575,914.323315348733,3236148,100.0,88.72,3.40326340326341,11.28,5,14.0475197999166,0.014624009030967,0.00615747748672294,0.021576827359725,0.225184082920697,0.00148805705929138,0.095929572091437,0.101896520759811,0.256075180789812,-0.0590282127167003
A4701,2023,12.1034042681028,-12.1034059976159,746.278751835536,849.041718061674,-6998158,33.7677406011538,75.83,-4.5923502767992,24.17,5,81.7757398916215,0.101483479433581,0.0343897505057316,0.156945380984491,2.08968307484828,0.00370869858395145,-0.0288048131777913,0.102609232316537,-0.0347589573690386,-0.0564989013909049
A4707,2023,0.0,-0.268964794176713,890.617206412727,893.019113433131,-388936,-100.0,82.95,2.33160621761658,17.05,5,45.4189245518966,0.0365289882531262,0.0182644941265631,0.0634331186055324,0.834558544903372,0.0026525198938992,-0.0334859461025789,-0.0871811713191023,0.00729275536011698,-0.0665577944786759
A4709,2023,12.4546884132381,-12.4546880292221,957.403408422786,1093.60899729544,-32432730,12.8392651473697,80.4,0.0746825989544464,19.6,5,25.1521467278032,0.0223842161562537,0.00875559605403906,0.0372013787092429,0.485361118814627,0.00158472326769938,-0.192418179657196,-0.203039942659187,-0.20745386104027,-0.251331685874739
A4711,2023,7.36584597855962,-7.3658450249586,928.019966372425,1001.81187664794,-7724242,30.8715271382988,76.01,2.1090811391725,23.99,5,83.6431846602751,0.0880728466935363,0.0380653828929691,0.135691894312584,1.50664278250485,0.00761307657859382,0.389257579941623,0.355282999899467,0.351686207116098,0.260532901052897
A4723,2023,6.83724770680938,-6.83724770680938,1120.79829702712,1203.05408485559,-10104630,-12.1289759072396,72.63,2.02275600505689,27.37,5,67.0779491454773,0.0560756972111554,0.025796812749004,0.0921314741035857,1.4457171314741,0.00408366533864542,0.0178136743804922,-0.0291103966486994,0.0883010717626588,-0.0816456666033044
A4733,2023,11.0589501852006,-11.0589501852006,1048.46640956365,1178.83295929929,-35899819,29.1556312696786,89.81,5.04093567251462,10.19,5,25.9524802000834,0.0237556561085973,0.00819004524886878,0.0378733031674208,0.484027149321267,0.00180995475113122,0.0689113654511578,0.0214410781034821,0.0744297758390824,-0.041767848857803
A4737,2023,9.87854317168654,-9.87854317168654,781.473556852767,867.133737464451,-20602644,142.530107249295,87.4,6.15814405441517,12.6,5,26.5360566902876,0.0240945674044266,0.0109154929577465,0.0398390342052314,0.599496981891348,0.00105633802816901,0.0341058126058277,0.00357442822070032,0.0103185073613293,-0.0356355524451053
A4744,2023,8.70202570859568,-8.70202570859568,748.43562005277,819.772427440633,-9733194,-53.9396654296608,80.98,-1.37620265497503,19.02,5,61.1838265944143,0.0653734238603298,0.0197866149369544,0.0729388942774006,1.54277400581959,0.00300678952473327,0.0424906441682323,0.0226082356053259,0.857405807514694,0.0756358338962964
A4749,2023,9.35767851096712,-9.35767851096712,967.636195201608,1067.53244985973,-9543289,,72.8,3.07234886025768,27.2,5,81.8007503126303,0.0932642487046632,0.0354722997210044,0.113325362030025,1.80377308356583,0.006111332536203,0.0198855548596481,-0.0228547471317788,0.231969588046291,-0.00749922208907479
A4754,2023,0.0,-1.05192798517374,879.024679787566,888.369689159638,-957228,,79.8,-3.41321713870734,20.2,5,77.8824510212589,0.0711829436038514,0.0348464007336084,0.121274644658414,1.3015818431912,0.00664832645575424,0.0494259181389912,0.0328085995211167,-0.00721091828433064,-0.0822691783650547
A4756,2023,7.62410696696507,-7.62410696696507,770.097230143642,833.656059885932,-24071000,1307.5422888365,85.28,-3.18991940061301,14.72,5,20.9837432263443,0.0195083067628797,0.00763550931364323,0.0357022990434637,0.442188286625273,0.00113274039268334,0.356128108890931,0.302576615884218,0.368450904676761,0.226076776726565
A4757,2023,8.23886570198321,-8.23886570198321,781.25942791762,851.405591151793,-9196162,,83.96,1.29086741464591,16.04,5,59.9416423509796,0.0588081774684645,0.0224445411048282,0.0773379730317529,1.42992605480644,0.00260983036102653,-0.121095295700444,-0.0711870773854246,0.601429231036426,-0.0163942312317801
A4764,2023,5.66892724909179,-5.66892724909179,987.878286140884,1047.24589399029,-4453283,,92.78,15.7723983029698,7.22,5,90.9962484368487,0.12330135891287,0.0515587529976019,0.162270183852918,2.83852917665867,0.00619504396482814,-0.102727829377941,-0.0203836930455635,0.290446973330426,-0.256885773432536
A4768,2023,12.0324411974535,-12.0324411974535,713.636540097851,811.249680918953,-7342070,57.7455619712636,90.22,-1.10709196536228,9.78,5,80.2834514380992,0.098127600554785,0.0284327323162275,0.147191400832178,1.41002080443828,0.00589459084604716,0.0641242219332051,0.0483315656359632,0.105580485641624,0.0740345755716982
A4771,2023,0.0,-1.64083087409908,951.835244201737,967.713790855,-7013300,,73.84,-2.96977660972404,26.16,5,17.2238432680283,0.0169506807321251,0.00799446999068314,0.030775704024284,0.330959035854897,0.000931686352297659,0.122128967099515,0.123100980714024,0.147476378363904,0.088147298772161
A4775,2023,8.32852943206724,-8.32852923025868,1193.68503773545,1302.13361661201,-41269456,,79.42,0.953349434346002,20.58,5,26.2776156731972,0.0215151957919345,0.00858416130917592,0.0361995908825248,0.605676504967855,0.0016072472238457,0.192814491178021,0.115659522281093,0.208000838084316,0.176189985724004
A4776,2023,4.90140088270306,-4.90140088270306,880.990542496382,926.396971852074,-7278469,272.092746243782,79.35,8.57963875205254,20.65,5,25.994164235098,0.0230911994475377,0.0113945358021494,0.0430747982217618,0.483836160386724,0.00120851137295524,-0.508050650366494,-0.519847920362423,-0.414257437878752,-0.418207123714566
A4777,2023,7.23478447570741,-7.23478447570741,1017.43044201192,1096.7801198559,-27487998,-21.6492190702873,80.76,-5.08872958044423,19.24,5,35.2897040433514,0.0442490528272214,0.0115090428193581,0.0373865179784116,0.740939309457431,0.00164414897419401,1.31829701817827,0.559826516944736,0.731097117628449,0.0760458634105547
A4778,2023,7.50671759413293,-7.50671759413293,1004.59390514419,1086.12634238231,-9262411,62.3105285652628,86.63,0.557167730702252,13.37,5,70.762817840767,0.0599862100666513,0.0276947828085498,0.0881406573201563,1.35888301539876,0.00643530222937256,0.0674613734980982,0.0701490157083288,0.0679516442619999,-0.115135097720128
A4794,2023,5.24960091143567,-5.2496017054245,918.411163957641,969.29530692033,-6611682,,90.57,14.9803224577885,9.43000000000001,5,57.0904543559817,0.0467595701813298,0.0201477501678979,0.093938885157824,1.19786769644056,0.00268636668905306,-0.110171131944748,-0.120323230572586,-0.0722094837583385,-0.134323192775388
A4795,2023,14.1010530012529,-14.1010530012529,2082.89251952322,2424.81729089601,-26620895,46.0481372082153,91.45,29.4775591108594,8.55,2,99.2830345977491,0.256277949776402,0.115755073959408,0.281045751633987,3.76814585483316,0.0343997248022016,0.112939316030318,0.131052590133496,0.0458474634735434,0.122798544705238
A4796,2023,0.0,-1.71341121614295,886.654601525726,902.111480820213,-1142758,,90.72,3.8699335928555,9.28,3,86.3526469362234,0.0897703549060543,0.0379262352122477,0.174495476687544,2.30793319415449,0.00556715379262352,0.020433868221772,-0.0182204405770659,0.0916834095344188,0.0644224077940153
A4799,2023,6.75190974753417,-6.75190974753417,762.11814633578,817.301613654899,-9472794,51.9417383071048,90.91,2.0314253647587,9.09,5,50.5043768236765,0.0448262980948823,0.0183787822189018,0.0729921553978334,0.73530070974972,0.00351139335076578,0.0905445480396119,0.270089273629901,0.0798148704414066,0.0176927709220339
A4803,2023,3.49722527589321,-3.49722527589321,922.040790549075,955.455211712939,-16190089,-23.758773520395,80.38,2.70891898798874,19.62,5,16.4151729887453,0.0155784061696658,0.00730077120822622,0.0320822622107969,0.294164524421594,0.0010025706940874,0.0571584973320948,0.0527972824091077,0.0747878927310374,0.0338272157105723
A4809,2023,0.0,-3.33417813908739,1033.56402125471,1069.21350417095,-2495749,-100.0,81.73,3.39025932953828,18.27,5,96.2317632346811,0.146680942184154,0.0612419700214133,0.210064239828694,2.74775160599572,0.0115631691648822,0.210377109904322,0.175281753634622,0.395402408546223,0.125357920257667
A4814,2023,0.0,0.348141177791008,927.476342589963,924.258617752286,679931,,79.33,-5.06223073240786,20.67,5,41.625677365569,0.0303186022610483,0.0154733356172205,0.0562978188877469,0.620018271097408,0.0034829279433596,0.0227591325954015,0.0320832078925604,0.0141093939953793,-0.0421755625175499
A4824,2023,3.39180049421975,-3.39180049421975,1017.57500763718,1053.30087181295,-30406283,7.21635594511558,80.34,-1.21726300258207,19.66,5,4.50187578157566,0.00883442985606343,0.00311718907116385,0.0123969316516793,0.159350130720832,0.000689516476570805,0.0322601936429969,0.0283099296385852,0.0834922846682973,-0.0754443981121435
A4825,2023,0.0,0.792274092848996,856.495354339797,849.762903008618,1399919,-553.596623511231,85.84,4.63188688444661,14.16,5,40.0333472280117,0.0395086517451131,0.0146459575975905,0.0614185318608634,0.536585365853659,0.00248036378668871,0.0564906133322836,0.0151406130041931,0.061288804875265,0.0116542966587843
A4830,2023,4.22584414115112,-4.22584453887437,1169.14290569409,1220.72901615785,-10625088,,82.85,12.3694561236945,17.15,2,46.7278032513547,0.0334781349551115,0.0166811468288445,0.0766869388937156,0.774804517810599,0.00306979438169707,-0.0390991498837228,-0.0160989547412828,0.0119270083473695,0.00095408302033065
A4832,2023,3.98975909032866,-3.98975775641835,1045.6842021153,1089.13817701069,-2991024,60.8865089909579,81.51,8.06045340050377,18.49,5,94.6477699041267,0.164354322305229,0.0601209533973675,0.215403770900036,1.86801849875489,0.0106723585912487,0.012606222065302,0.0355969630249246,0.0940324799732548,0.063301230535804
A4856,2023,5.99135884222352,-5.99135884222352,1119.25712601078,1190.58962264151,-12702891,28.7005630026728,87.3,-2.07515423443635,12.7,5,51.3630679449771,0.0405775075987842,0.0166413373860182,0.0727963525835866,0.993161094224924,0.00349544072948328,0.0620285939434876,0.037636331128196,0.129214728646788,-0.0397352245862886
A4862,2023,8.76131829351612,-8.76131889736737,1083.95481089302,1188.04305125115,-14509068,184.814075706133,85.39,2.01911589008363,14.61,5,61.7340558566069,0.044610524693736,0.0231142614993451,0.077895061252793,1.11364511903845,0.00577856537483627,-0.158772962918121,-0.139438264178229,-0.0969562511168868,-0.171401985794466
A4868,2023,6.08294137439285,-6.08294137439285,830.838385716943,884.651199553654,-38194398,23.3123958854239,86.32,-2.00930866159611,13.68,5,5.60233430596082,0.0101716765186769,0.00352156961388505,0.0150452773236071,0.168547981385989,0.000707458181360835,-0.0312010450077578,0.00623322682347253,-0.0497466919228766,-0.118054491715175
A4873,2023,4.54231487965044,-4.54231487965044,1131.33841052503,1185.1726857808,-7029895,-1.73871949242189,79.82,-0.844720496894418,20.18,5,86.0441850771155,0.0870518442094403,0.0362393603301522,0.12703120969822,2.00141862264638,0.0110910497807583,0.455143116262871,0.460580441158208,0.489192304385495,0.198919014688667
A4884,2023,0.0,0.370878695203862,1057.99634894741,1054.08696496543,201302,,77.8,-9.65044710254326,22.2,5,94.0892038349312,0.113226452905812,0.0511022044088176,0.196593186372746,2.32645290581162,0.011623246492986,-0.115018744227982,-0.129843019372077,-0.145380582241445,-0.16559706950994
A4885,2023,8.30545209770755,-8.30545136889591,872.979343602553,952.051519567028,-11395882,145.414802868256,72.69,-0.411015207562676,27.31,5,62.134222592747,0.0534337923270113,0.0261539793885858,0.0955226465748679,1.0100458993678,0.00355070581103317,0.0417854640379971,0.083135491230742,0.093146909201342,0.036338740166363
A4888,2023,8.3266655289251,-8.3266655289251,984.583997343958,1074.01351006231,-7003404,2.07918777464175,83.15,14.2955326460481,16.85,5,82.234264276782,0.0815740162398501,0.0367270455965022,0.130418488444722,1.60849469081824,0.00687070580886946,-0.211330325953686,-0.187523052329582,-0.151068633054604,-0.267546423760537
A4889,2023,7.40855956916849,-7.40855956916849,817.690673219383,883.116916007179,-21726485,38.539068439616,83.79,-0.273744346584134,16.21,5,19.8749478949562,0.020027928854917,0.00904012935469646,0.0360870204321623,0.38255181537557,0.000845215346170807,0.0150785260112028,0.0380394175623032,0.046703221958487,-0.0295081473088174
A4893,2023,0.0,-1.56799325814834,994.55590972737,1010.39889630179,-3846994,-100.0,82.71,-2.61391734369482,17.29,5,38.5243851604835,0.031696116601777,0.0144753918338824,0.0523609863232505,0.567585105320954,0.00289507836677648,0.00528357278519929,0.0848501991059643,0.052229464605544,-0.00700603725307087
A4894,2023,7.15503573107146,-7.15503601955178,874.873833833507,942.295409816458,-24802510,,86.86,4.23616944677787,13.14,5,23.351396415173,0.0201030739427611,0.00990533279725136,0.0369896560546804,0.459556270331518,0.00124273548009796,0.130788687686758,0.154592708108508,0.16797852953764,0.080986554825816
A4895,2023,7.76101799291085,-7.76101799291085,869.077833766797,942.202325801907,-10796685,121.95630682053,80.74,2.17666413566186,19.26,5,48.3534806169237,0.0454711601725272,0.0192996564076321,0.0684260545361503,0.945098325901016,0.00212003801447474,-0.0752443722929337,-0.110625571387619,-0.0627476584278147,-0.161440064728294
A4901,2023,0.0,4.09551744320691,1022.46775442961,982.239946102819,7374240,,80.98,6.91840506997625,19.02,5,52.4718632763652,0.0514461638175484,0.0189581139107186,0.0905776553512112,0.80296524345783,0.00259256258608118,0.212795676661836,0.242936257940505,0.411193863214659,0.261316557105836
A4922,2023,6.80100409064949,-6.80100409064949,1043.06083864094,1119.17604740663,-38289908,361.654971339103,86.77,16.3604666756068,13.23,2,21.0587744893706,0.0167164783952181,0.00833291120004052,0.0274555493642673,0.289473684210526,0.00217820779089205,0.0748029000091056,0.0916374075528088,0.100183709500406,0.0304065218437313
A4923,2023,0.0,0.377023619154005,868.247420433077,864.986218088456,269284,,81.27,2.66548762001011,18.73,5,90.0291788245102,0.134471718249733,0.0393098541444326,0.162753468516542,1.95980078263963,0.00818214158662398,0.0873089227689943,0.0403504091070793,0.339963154346512,0.0274372631764466
A4924,2023,0.0,-2.60481201237401,1073.78121882376,1102.4992517702,-4720900,-100.0,90.26,4.63714351959193,9.73999999999999,5,67.3947478115882,0.0681333591781353,0.0249079278930025,0.100891645667765,1.34192672998643,0.00348904826516767,0.301755770406242,0.277953948337983,0.671186752189466,0.16732656588067
A4931,2023,1.92701276871477,-1.92701312256532,920.660587821049,938.750431830563,-5445839,,87.22,7.29487021773895,12.78,5,28.7869945810754,0.0262176938369781,0.0108101391650099,0.0469267726971504,0.411116633532141,0.0019466534128562,0.0506761745819016,0.0350914550862762,0.0701061408405072,-0.0589512816519481
A4932,2023,4.10157239050743,-4.10157177053439,872.251601479677,909.557766048631,-6615726,,95.46,35.1550332719807,4.54000000000001,2,47.9449770737807,0.0404157833549887,0.0194898447650961,0.0670177118238392,0.684059358544758,0.00328250017096355,-0.0208779566884866,0.0286461640663925,0.0693990479820626,-0.0922202150937716
A4937,2023,0.0,0.358447498492481,953.567044814547,950.161215705206,846621,,85.32,4.64859560897828,14.68,5,39.6331804918716,0.0310223499677883,0.0133306903216215,0.064572079885029,0.641756281282521,0.00267604935824372,0.0891999653944653,0.0871860236708232,0.150894413190843,0.0474633005625493
A4938,2023,0.0880961446715799,-0.0880958683626,882.420761586818,883.198823259537,-318831,,92.56,7.8536471684922,7.44,5,17.1404751979992,0.0172669672926537,0.00704948912609167,0.0288829271077116,0.307352017809236,0.00119869855585364,0.0201252579749797,-0.00526465009182471,0.0161154714057297,-0.0516401972364071
A4943,2023,0.0,1.54393059646589,995.91759029501,980.775103391232,2196872,,82.97,4.43045940843297,17.03,5,44.0016673614006,0.0374051593323217,0.0151745068285281,0.0644916540212443,0.879059180576631,0.00242792109256449,-0.106268030972788,-0.109418507005318,-0.0470027355477518,-0.184409940254348
A4945,2023,3.68780540892745,-3.68780540892745,807.219125044424,838.127641542962,-9044821,,83.69,-3.47174163783161,16.31,5,19.2246769487286,0.0185301310591334,0.00755628017808992,0.028281181413432,0.395623001191447,0.00125415438640497,-0.253097890895824,-0.22900649195439,-0.168376647956675,-0.262390492034275
A4947,2023,4.75320415336044,-4.75320415336044,921.310922017578,967.288100169811,-9855484,,81.65,-3.87332234518483,18.35,5,36.4985410587745,0.0308033780857514,0.0140753572975314,0.0622563880467735,0.679623213512343,0.0016240796881767,-0.0447209327330253,-0.0476208052810478,-0.00147150329240138,-0.0413052933797285
A4949,2023,1.01075346336548,-1.01075346336548,797.349426585299,805.490954303013,-4066400,,80.56,2.70270270270271,19.44,5,13.1888286786161,0.0151345836167525,0.00570887182975415,0.0198231464386357,0.242906423088135,0.00131182586726266,0.0569322806987795,0.0242011349052906,0.113096019131825,-0.092322331057321
A4950,2023,0.0,-1.50129963794464,777.751109858963,789.605453676194,-1388523,,78.09,-7.55297738842192,21.91,5,60.2417674030846,0.0563072439633639,0.0210241465445462,0.096586178184846,1.1101165695254,0.00301831806827644,0.0569519390892205,0.121402701755823,0.0131695030516491,0.000825568218982407
A4960,2023,4.8709512908933,-4.8709512908933,802.853823839662,843.962842827004,-4676562,,78.41,3.97825222119082,21.59,5,50.6544393497291,0.0432590963248098,0.0179635230501329,0.0884428558335625,1.04371734946384,0.00210796443955641,-0.0967043322484645,-0.0989724946282548,-0.110372192688614,-0.179610300095722
A4961,2023,4.60516653140886,-4.60516533732546,850.685652525769,891.752321322089,-3856653,,83.17,-0.988095238095236,16.83,5,68.8786994581075,0.068207944820539,0.0288670328266701,0.11930003831907,1.65385106654745,0.0022991442074339,0.0186934659647679,-0.0047867889800881,0.0349463015192994,-0.0873488759677002
A4964,2023,2.75759216578917,-2.75759216578917,1167.1993561662,1200.29869905748,-4986747,,84.78,-6.51670525967582,15.22,5,56.2567736556899,0.0404582598942477,0.0193078032366608,0.0754686748918443,1.16551834641884,0.00408588367248838,0.0366396999434286,-0.014595651885056,0.0237936639815697,-0.0429199865988842
A4969,2023,0.0,-2.81022805941845,804.019557374164,827.267665434706,-2113532,,76.56,8.21201413427562,23.44,5,84.4601917465611,0.117332235487855,0.0444627418690819,0.0941402497598463,1.98847262247839,0.00713599560861809,0.0193910734587042,0.0364607150774298,0.375768820812443,0.0203240803728121
A4974,2023,0.0,3.83420233284459,951.270268069648,916.143473631467,5608344,,86.53,22.5116805889849,13.47,5,0.191746561067111,0.00304659088309965,0.00110244504928981,0.00481233274627753,0.0475606687861668,0.000182978431417397,-0.942093011857656,-0.945874422949074,-0.936657187367372,-0.934397451650387
A4976,2023,2.74740454021267,-2.74740454021267,957.653469741597,984.707364583986,-5180388,,70.56,-2.71611746863367,29.44,5,47.6031679866611,0.0441281138790036,0.0191523778712391,0.0674862504043999,0.80465868650922,0.00252345519249434,0.0968104566468221,0.053843081694352,0.100440406293078,0.0444986398671278
A4977,2023,8.26398289238839,-8.26398362664334,780.527981857711,850.841373666192,-11254924,,95.07,-3.15778751145972,4.93000000000001,5,53.3055439766569,0.0522024284321546,0.0165736063103784,0.080386422050873,0.783922715589825,0.00372241425152885,0.100044538477899,0.151434034240303,0.28809375502004,0.114630440474631
A4979,2023,0.0,0.368962772122401,859.186480632008,856.02805578723,545321,,87.81,8.63540764567612,12.19,5,46.7111296373489,0.0459139474444124,0.0199971123303494,0.0651891423621138,0.655428818943113,0.00252671094426798,0.0257917326555978,0.0816483165754409,0.0381230566879687,-0.092021897089939
A4983,2023,4.71717444891182,-4.71717444891182,976.075471393517,1024.39811765466,-2993298,,81.87,5.0288646568313,18.13,4,96.6819508128387,0.135493692909961,0.0624184428012179,0.250326228795128,2.57329273597216,0.0163114397564158,0.119069508481949,0.114892739584384,0.182212273325765,0.140497787326084
A4984,2023,0.0,-0.276769414575935,884.45629762724,886.910995998675,-385260,,72.19,-7.75619729108102,27.81,5,54.5310546060859,0.0600703753351206,0.0206099195710456,0.0836963806970509,0.735506032171582,0.0028485254691689,0.0229953632917225,0.177105406417926,0.131727458208484,0.0117051415311729
A4986,2023,6.09968474233248,-6.09968474233248,942.086583866368,1003.28372836793,-18713842,,91.18,1.95683775019568,8.81999999999999,5,22.034180908712,0.0183173056908538,0.00720203155572208,0.0396736189167812,0.484034802880813,0.00124890720619458,0.0657075363470965,0.0670312217120097,0.0959270441414259,0.00697493113180681
A4988,2023,3.11231649178659,-3.11231579965961,795.896249801005,821.46276523163,-4496741,,96.25,-0.0311591192355641,3.75,5,49.645685702376,0.0485315883773467,0.0162031627327257,0.0698761392848796,0.675469346420503,0.00373919139985978,0.224315819013375,0.283728411748977,0.174558572842012,0.0679609734082178
A4992,2023,1.67657794727504,-1.67657794727504,898.464569642511,913.784885518649,-16449607,,80.24,-1.04821802935012,19.76,5,6.50270946227595,0.00997713912475506,0.00429457870672763,0.0153984323971261,0.215953625081646,0.000636838667537557,0.495334171401313,0.512841434500635,0.624026437872361,0.362799344377103
A4994,2023,3.20115862682272,-3.20115862682272,842.943038981702,870.819347653142,-3504052,,88.65,14.8018648018648,11.35,3,61.0004168403501,0.0519732063594544,0.0225163425066581,0.0754579937051086,0.908159147768542,0.00589137277055928,-0.100133327908619,-0.129672738903162,-0.125485652429171,-0.211941690866389
A4996,2023,0.0,-1.93838618333981,804.031998996938,819.925318076233,-2408410,,88.13,4.85425342058298,11.87,5,46.9695706544394,0.0418859491024439,0.0162929853651503,0.0605579987023286,0.875639824093432,0.00302789993511643,-0.0621706289615919,-0.116962149394343,-0.0330057106557182,-0.125026993577797
A4998,2023,3.1353885830757,-3.1353885830757,804.112950802168,830.141100077414,-3900162,,85.8,11.3273647333593,14.2,5,29.3622342642768,0.0266558236197705,0.0103912532755037,0.0414746543778802,0.435122436071203,0.00225896810337038,-0.429071578833492,-0.438287533977423,-0.333328360831766,-0.401969966262598
A4999,2023,6.17056454583083,-6.17056454583083,699.067268651666,745.040471860373,-13043885,,83.33,0.38549572340681,16.67,5,14.9645685702376,0.0185793405461103,0.00586038124678001,0.0262107161257084,0.32618495620814,0.000869397217928903,-0.196910552335958,-0.160225126067475,-0.079236257809782,-0.267463153574173
A5002,2023,2.36203527563749,-2.36203614457046,696.140045349788,712.980912199836,-2718318,,80.91,5.33784663455279,19.09,5,38.4993747394748,0.0398386283408976,0.0136157337367625,0.0472908612091668,0.843278982462038,0.00179301843447078,-0.22562226905576,-0.230482208011798,0.186004348922718,-0.262054090342804
A5003,2023,4.82523382010316,-4.82523382010316,875.413480553724,919.795777484802,-7271418,,83.07,-4.74716202270382,16.93,5,16.6152563568153,0.0153528945281523,0.00643933386201427,0.030071371927042,0.378334655035686,0.00104678826328311,-0.531066959747511,-0.537283025167995,-0.540035347711289,-0.580628763105307
A5012,2023,0.600571350872454,-0.600571350872454,952.036695541847,957.7889012848,-1577738,,87.52,-2.92812777284827,12.48,5,64.3017924135056,0.0554280091833388,0.0220837433038155,0.0825407237345578,1.30075434568711,0.00459166939980321,0.973392532560086,0.919270420894715,1.68333412268685,0.826363332430578
A5013,2023,0.0,2.03557910947808,1074.3956763754,1052.96180582524,3311533,,84.3,-1.83977643223102,15.7,5,49.2955398082534,0.0423488773747841,0.0174784110535406,0.0916753022452504,0.999240069084629,0.00186528497409326,-0.0912636729994243,-0.0383139217336108,-0.0967975365441874,-0.161704888915057
A5025,2023,0.0,-0.751920541165194,814.062185929648,820.229661237221,-854220,,67.92,-10.6903353057199,32.08,5,61.117132138391,0.0674721984602224,0.0194610778443114,0.0834046193327631,0.974337040205304,0.00417023096663815,0.188952846760133,0.30592883999443,0.288768979836078,0.0317857624209552
A5028,2023,0.0,-2.62996328584666,843.379435664992,866.159102045816,-2231405,,65.76,-6.89508707348151,34.24,5,67.7448937057107,0.0720025044349369,0.0280705415840551,0.0956902848794741,1.16529270583325,0.00386100386100386,-0.180256005993878,-0.125420492554802,-0.0565081970128159,-0.221992235586507
A5030,2023,0.0,-3.02306167957759,783.017484691925,807.426485361653,-2040983,,80.92,-2.01017195446839,19.08,5,83.5598165902459,0.0850014505366986,0.039019437191761,0.136640557006092,1.62996808819263,0.00681752248331883,0.05015976478673,0.0832168858653,0.136898662515141,-0.0526254714244269
A5032,2023,1.3397974362478,-1.3397974362478,894.164809097071,906.307493661671,-3869825,,85.22,-6.5775049331287,14.78,5,23.6765318882868,0.0216636090401655,0.0091338459736914,0.0378234903782349,0.459463679300519,0.0012881064834693,-0.0148251217658983,-0.0218682202850959,0.0732134032421448,-0.0646962220994761
A5033,2023,2.69032331016238,-2.69032331016238,940.648348869532,966.65447966468,-14295154,,83.74,9.96717005909388,16.26,5,15.4064193413922,0.0171923808629072,0.007210465744416,0.0262348216173051,0.229020363106842,0.00115085609601428,0.0832618847141544,0.100966014514879,0.138811959708543,0.0201515057927807
A5037,2023,0.0,-0.131060892415761,925.200979441427,926.415147401086,-75123,,65.76,-6.89508707348151,34.24,5,74.5560650270946,0.0798347327735572,0.0374516859922698,0.137411701985872,1.58763161402106,0.00266560042649607,-0.236311906900814,-0.34982864317797,-0.3140175478176,-0.378513389965651
A5038,2023,0.0,5.77224323327752,881.914634146341,833.786452085832,2888846,,65.76,-6.89508707348151,34.24,2,74.9478949562318,0.0773339808182591,0.0322933106713609,0.102828699769333,1.39735340536603,0.00534175063736797,-0.402125854632254,-0.423103071506617,-0.350533197022776,-0.495736121327249
A5039,2023,0.0,-2.93833763549279,722.081445975634,743.940942680248,-2189010,,65.76,-6.89508707348151,34.24,5,73.8140892038349,0.0788020977090809,0.0296715429202319,0.107645597571074,1.28774496273806,0.00510626552580734,0.094182205294975,0.162483688588426,0.173938356352319,-0.0524235108326899
A5040,2023,2.42481970466277,-2.42481970466277,955.978952301497,979.735778512499,-9226106,,78.2,2.40963855421687,21.8,5,25.6190079199667,0.0238175334723811,0.0101930969521631,0.0346161609365539,0.352149633317634,0.00208571620803337,0.131874942388648,0.106977170009577,0.0920485418798967,0.00654341095210495
A5045,2023,7.17758937441646,-7.17758937441646,855.940043814136,922.126497303253,-20665264,,73.3,-7.57785903416972,26.7,5,21.2421842434348,0.0195189676997836,0.00788108946874107,0.0325043897259994,0.416350198048103,0.00134754379517334,0.096898532571639,0.13291749661422,0.0725758220805544,-0.0211438468972464
A5047,2023,0.0,-1.94955122988368,906.954267589389,924.987370242215,-1563470,,78.12,0.735009671179894,21.88,5,76.2901208837015,0.0783404029692471,0.0327412513255567,0.126325556733828,1.83629374337222,0.00357900318133616,-0.0721157189298194,-0.0575476461069825,-0.0176793798412362,-0.107818037730295
A5049,2023,3.69348807154203,-3.69348807154203,873.866566400873,907.380559115288,-11297701,,89.5,-1.85327338523961,10.5,5,17.0987911629846,0.0132905274785971,0.00648991991162662,0.034175642087821,0.416597624965479,0.00103562551781276,-0.014887868261876,0.0128601675411949,-0.00323137036621753,-0.0917103713045705
A5053,2023,4.99003319213128,-4.99003319213128,824.916459517045,868.242024739583,-2928115,,74.25,0.215953569982449,25.75,5,94.2809503959983,0.171306209850107,0.0558886509635974,0.162740899357602,3.07066381156317,0.00856531049250535,0.0242001845815317,0.174495829205152,0.945767167723196,0.15145319746484
A5055,2023,4.30891140745344,-4.30891140745344,1010.90275257108,1056.42308749931,-3310785,,65.76,-6.89508707348151,34.24,5,86.0441850771155,0.0988521500770944,0.045228713380161,0.175089943464108,2.09199931471646,0.00428302210039404,-0.0289418450287372,-0.0174507820890463,0.0287714277076258,-0.0937488067156616
A5056,2023,6.37202222312536,-6.37202222312536,939.241479820628,1003.16326606876,-8552735,,76.13,-9.88399621212122,23.87,4,60.0917048770321,0.0464830731450623,0.0217505700754254,0.0793720399929837,0.979301876863708,0.00534993860726188,0.0555728422962205,0.00214403446691244,-0.00189982385463012,-0.0654717572103822
A5058,2023,9.22188531621848,-9.22188531621848,739.690110974422,814.833083448665,-11727714,,65.76,-6.89508707348151,34.24,5,39.0996248436849,0.0367598013784926,0.0140072630252724,0.0693693026013489,0.687171125768917,0.00163047506114281,-0.0962231063730168,-0.0981264212539983,-0.00640937612556549,-0.106715693432531
A5062,2023,0.0,-1.55635677183267,880.378549685971,894.297001631154,-4334707,,66.6,-5.70579074047855,33.4,5,28.9037098791163,0.027792672028597,0.0109025915996425,0.0478999106344951,0.448257372654155,0.00160857908847185,0.0545368671903171,0.0841186198679034,0.151160062585919,-0.0164981165371433
A5066,2023,0.0,-0.758082037786166,902.821389111136,909.717796319579,-724040,,80.76,3.03648890022966,19.24,5,60.9754064193414,0.0539099526066351,0.0203791469194313,0.129265402843602,1.28104265402844,0.00213270142180095,0.0670999442431001,0.0488068023417897,0.0765384862256063,-0.0583322152550601
A5067,2023,0.0,-2.73762459619925,823.553044086774,846.733426638675,-1987486,,82.27,-2.50059255747807,17.73,5,81.0254272613589,0.0971124374899177,0.0300048394902404,0.119535408936925,1.74786255847717,0.00613002097112438,0.2067275928095,0.0937988681518744,0.413203347325948,0.0339957589035487
A5068,2023,7.39540325317706,-7.39540419870041,979.909973186057,1058.16559610998,-7821493,,65.76,-6.89508707348151,34.24,5,83.3930804501876,0.130789843052188,0.0370039555952533,0.111905065713921,1.6806175832589,0.00612479265024882,0.0464443830755779,0.124839219536002,0.497898753447125,0.0676486739189567
A5069,2023,7.05718571322278,-7.05718571322278,2452.90328604261,2639.15323079643,-16856365,,65.76,-6.89508707348151,34.24,5,93.8307628178408,0.130599913681485,0.0714717306862322,0.128355632283125,2.68925334484247,0.0453172205438066,-0.313599617431528,-0.280320703824348,-0.277411068196163,-0.245472970631858
A5074,2023,0.0,4.55234529369456,1045.69576634799,1000.16481066068,10229713,,73.96,-2.28563878980051,26.04,5,38.1992496873697,0.034638130104196,0.0124471979724021,0.0719234018586314,0.535567445789918,0.00219656434807097,0.101069117047303,0.0839483145920244,0.0979337881883982,0.0636823483405649
A5080,2023,2.30817287431984,-2.30817287431984,1019.67199848155,1043.76387307175,-2792441,,65.76,-6.89508707348151,34.24,5,76.1817423926636,0.0721187025534852,0.0322061191626409,0.112031285944329,1.91005291005291,0.00425580860363469,0.102206563234356,0.103116684368612,0.201824054341806,-0.0491123102493165
A5088,2023,4.73348557242445,-4.73348557242445,846.780530717625,888.854321799894,-16882866,,85.38,20.8834772759451,14.62,5,20.408503543143,0.0163159213328323,0.00786045346361017,0.0326318426656645,0.310378303895779,0.00175372666917199,0.0868288714115105,0.173418318614556,0.127388670863669,0.025541529038681
A5094,2023,0.0,-1.35427699446489,932.960399032648,945.76872732769,-2542197,,92.65,1.75727622185613,7.34999999999999,5,38.5160483534806,0.0513105835806133,0.0122403560830861,0.0371538081107814,0.491036102868447,0.0029055390702275,0.000798410876583961,0.0122774480712166,0.098719851385838,-0.139322148246044
A5116,2023,4.54895217041975,-4.54895258061523,852.368091575092,892.989772893773,-11089719,,83.81,-9.49244060475161,16.19,5,46.4526886202584,0.0388371226239284,0.0161013790532985,0.0771524412970555,0.789042117033172,0.00268356317554976,0.65148512092406,0.813397888428425,0.806269688318038,0.64500284864856
A5124,2023,3.37555391804198,-3.37555391804198,782.125087825754,809.448456928121,-10266592,,89.85,7.21957040572792,10.15,5,18.0825343893289,0.0221140654602469,0.00715358986084798,0.0292676553210949,0.253119487816032,0.00130659175540602,-0.000814404485927263,0.0418288638273112,0.0632784280246298,-0.0835711765858758
A5147,2023,4.70980414711664,-4.70980414711664,955.702039169866,1002.93847716018,-3395922,,75.59,-1.20245719513789,24.41,5,90.762817840767,0.127738352360383,0.0506016661524221,0.175408824436902,1.43458809009565,0.0115705029311941,-0.0397986587314277,-0.0555932027440475,0.0062776311629829,-0.0314522882935657
A5148,2023,0.0,-1.99024783354783,753.172863747772,768.467266878342,-2196521,,75.3,6.61192127990939,24.7,3,51.4047519799917,0.0402179296681526,0.0180287270926201,0.0788509162951956,1.07766220901436,0.00277365032194156,0.179725936932475,0.284332177645699,0.172603083687963,0.134240103630891
A1001,2024,9.09279709551513,-9.09279709551513,1062.10405713508,1168.33872696646,-99899684,60.0836206408083,77.05,-14.3031920809699,22.95,4,1.70070862859525,0.00482892188508715,0.00213471056595653,0.00981278244028405,0.13817947062621,0.000241015709059608,-0.297933887564064,-0.308741905823894,-0.314708180738412,-0.342199415611275
A1026,2024,6.01352550099124,-6.01352550099124,1057.43883340536,1125.0968174325,-33818708,,75.29,2.99589603283175,24.71,3,13.4389328887036,0.0119596541786744,0.00605187319884726,0.0251440922190202,0.317771373679155,0.0010806916426513,0.0250358748117313,0.054747808471899,0.126218735576577,0.16372446365674
A1033,2024,6.11073765110216,-6.11073765110216,1065.43012126541,1134.77313018629,-75710084,-2.46008130756786,85.37,-0.905397562391179,14.63,5,1.23384743643185,0.00472186431715437,0.00214494782861271,0.00777543587872108,0.0899463018269295,0.00038728224683285,-0.27673598502308,-0.33844719258872,-0.296322934503596,-0.281048746518865
A1041,2024,4.82675080231108,-4.82675080231108,1062.92522428191,1116.83191783655,-8340228,-20.430115938929,83.25,-7.41770462633452,16.75,5,58.8161734055857,0.0457624567213608,0.0244618395303327,0.0873852175222038,1.07925636007828,0.00338702393496914,-0.00503312899071639,-0.00508991462277846,-0.0106049309947925,0.0412732065746524
A1051,2024,16.6613973595283,-16.6613973595283,838.113133143921,1005.67216942621,-20523301,22.8547044586451,93.34,-2.46603970741902,6.66,5,62.6761150479366,0.0470011239399203,0.021048329416573,0.106876468785123,1.56360478185348,0.0029631143353428,0.04746827959556,0.0429140696842752,0.378451719500644,0.0449119893579997
A1059,2024,4.23890954721983,-4.23890954721983,1097.40586099259,1145.98304572745,-15437635,14.5951059057366,80.37,11.9203453558,19.63,5,25.9691538140892,0.0178799489144317,0.00897449173311242,0.0333436885161023,0.563080321701011,0.002002002002002,-0.0928837411860268,-0.06795504090974,0.0606768731494334,-0.023184841845202
A1061,2024,2.3925025347751,-2.3925025347751,865.127303590879,886.332839236148,-9656492,31.8166814957428,77.05,-7.05669481302775,22.95,5,17.9157982492705,0.0154150310879344,0.00719177100942666,0.0280507721841781,0.364230251282198,0.00131801381049254,0.138073151215829,0.176350544248806,0.2621504497906,0.224937517658447
A1063,2024,4.91410732265199,-4.91410615774647,815.601648681055,857.752517985611,-4218459,74.8585180760697,86.21,2.74103205815755,13.79,5,72.8553563984994,0.0771791394402663,0.0348908889162865,0.105782270990014,1.22118111207003,0.00419183824435951,0.0466244275314162,0.0355516496862264,0.0971292119642397,0.073265377197948
A1066,2024,3.54433760287285,-3.54433760287285,1042.13136650964,1080.42528619935,-11413273,-23.3456097421081,87.61,-0.511015216897573,12.39,5,23.9766569403918,0.0265211710280044,0.00865204647384963,0.0356676201575026,0.34897764593707,0.00162446586855952,-0.166194525541083,-0.160582506753893,-0.095433334153726,-0.0665156144869429
A1095,2024,6.32607588396463,-6.32607588396463,937.585725841365,1000.90365028368,-22230670,89.7812493410572,87.24,7.04294478527607,12.76,5,22.94289287203,0.0210086885691013,0.0100800977464024,0.031258484930763,0.432901167526473,0.00139152864512626,-0.00699158294868301,-0.0298569083413122,0.10022779356233,-0.0362900399322836
A1131,2024,0.0,-1.16488758237317,1004.94760559591,1016.79209039548,-1761038,,87.89,0.710438867881293,12.11,5,62.1175489787411,0.0488401518346689,0.0237874314635175,0.103078869675243,1.24023618726276,0.00312104597216364,0.0767428491664552,0.116387408458265,0.141728684165657,0.138277357643721
A1175,2024,2.0090124909176,-2.0090124909176,1052.28900537054,1073.86304814309,-7198654,-49.2992729776224,82.45,-2.81706742102782,17.55,5,26.0608586911213,0.0229627212660086,0.0104005220654213,0.044783424422873,0.529080675422139,0.00110123174810343,0.160911686404794,0.156787666204421,0.270323569707969,0.218442171724468
A1196,2024,4.85485262312756,-4.85485262312756,1028.0009270965,1080.45544669195,-4978983,-37.2528527113124,90.84,-2.89684660609299,9.16,5,76.8903709879116,0.0817495443894819,0.0341057016401979,0.146055714657641,1.64501431918771,0.00338453527727154,0.028042760128461,-0.02607906146583,0.145730674013806,0.121651167904798
A1199,2024,0.0,-0.949371486558856,1147.00672651378,1158.00045262523,-1748794,,93.28,-0.139171394925592,6.72,5,54.4643601500625,0.0396837126810523,0.0186225243866391,0.0760419745787762,1.03465858705291,0.00406443984629028,-0.00180778880449803,-0.0203960981377476,0.130983279456865,0.0445724507940494
A1204,2024,2.7491212802373,-2.7491212802373,991.674274152757,1019.7072635306,-11084244,27.8452585089792,92.87,1.02251713260089,7.13,5,22.7928303459775,0.0213594672697575,0.0100201030280186,0.0360283955270763,0.337322527955773,0.00147631612011559,0.0744953382267327,0.0860605091224102,0.147983608360125,0.0981828238826671
A1215,2024,7.54097481354041,-7.54097481354041,957.677048363962,1035.78536160493,-81247955,59.0196669318235,93.23,16.36295556665,6.77,5,1.80908711963318,0.00591103330133092,0.00251313040040662,0.00925246136179665,0.108789367670036,0.000423561303439318,-0.191820032083173,-0.248807991384666,-0.0929021972160678,-0.181600909974878
A1216,2024,10.2500011693987,-10.2500005389951,950.800822781429,1059.38810973981,-16259426,3.76084414016784,85.23,3.29657011271361,14.77,5,69.1954981242184,0.059213783542925,0.0279235567878008,0.0980295078720665,1.33280522824042,0.00455490642637885,0.24388820041855,0.271642852548095,0.353303249896978,0.363670233252672
A1225,2024,9.64334131940982,-9.64334131940982,890.532940195378,985.575333571599,-15955717,-9.45703332035732,94.86,1.44369586140519,5.14,3,69.6373488953731,0.0598425196850394,0.0260826771653543,0.0992125984251968,1.40659448818898,0.00482283464566929,0.455994522423827,0.465448407804446,0.553260469631682,0.475009832060047
A1241,2024,0.0,6.90934609464548,1064.47517342096,995.680183544094,8290897,,83.09,0.495887760038699,16.91,5,84.060025010421,0.0926170944694364,0.0439269648055041,0.145805768721884,1.63892564170415,0.00542471553320984,0.275930699254526,0.256861844848085,0.384101094822975,0.290156242532055
A1242,2024,2.99427766335855,-2.99427766335855,986.922836688425,1017.38620456171,-8008332,-39.1484433004097,83.6,-0.381315538608207,16.4,5,40.6586077532305,0.0352104327208062,0.0156490812092472,0.0598695909899229,0.725429756965027,0.0021932424422051,0.302964441916724,0.265034767715786,0.400668930533478,0.331536172402276
A1247,2024,5.10238627333542,-5.10238627333542,1063.07825655656,1120.23707953139,-27888247,27.883073315586,84.27,8.33011955264171,15.73,5,14.1058774489371,0.0132949096721073,0.00617523126846515,0.0241923766164576,0.325761611856444,0.00113817988085436,0.0257262473590358,0.00431491257809853,0.103210176284454,0.0645431178014605
A1252,2024,8.63127424153324,-8.6312746641007,787.765826520352,862.183229134788,-20425791,-15.3676535542222,85.59,-1.31442407471463,14.41,5,19.2663609837432,0.0187134023995741,0.0066336349862823,0.0380819786249539,0.396298267884198,0.000982760738708489,0.0191229835368078,-0.00829324809650319,0.00784192587450092,-0.0532075031645965
A1262,2024,9.9426688013639,-9.9426688013639,805.361986749865,894.27698559433,-46168224,48.8946973420678,82.31,0.611172228333944,17.69,5,11.3380575239683,0.01357877121683,0.00566579010279704,0.0212287831699737,0.253693521396127,0.000932345206789386,0.0454687376374292,0.0257687771884006,0.11671603975691,-0.0186223848667072
A1290,2024,2.76677046596764,-2.76677025854397,1026.83434096505,1056.05289847453,-13338739,,83.31,-3.28534943115858,16.69,5,18.8745310546061,0.0232423649932531,0.00710489356428827,0.0318343293035552,0.284140665877234,0.00121168727452978,0.0875883043521868,0.140470320110628,0.15721693094611,0.15230579419139
A1297,2024,0.0,-1.9131969643313,952.448902232677,971.02655276299,-18006202,,85.92,2.44425897221891,14.08,5,7.411421425594,0.0120948065528059,0.00453119553851516,0.0205646566747996,0.181526664342977,0.000627396305332869,0.512225271315989,0.452320093832816,0.477270395867227,0.515517627393761
A1392,2024,8.49000925136634,-8.49000925136634,977.318756307918,1067.99131801083,-7905922,29.5254400566208,89.46,6.36071810724051,10.54,5,73.1638182576073,0.0461146496815287,0.0267515923566879,0.12140127388535,2.04165605095541,0.00535031847133758,-0.0259620796918975,-0.0329499001806255,0.0404455650331068,0.00125046089779261
A1401,2024,8.40452978623045,-8.4045286027214,802.367203699096,875.99003690802,-7101364,-26.047268789313,96.65,5.20300424512899,3.34999999999999,5,79.4497707378074,0.0777439024390244,0.0343680709534368,0.122089800443459,1.78686252771619,0.00512749445676275,0.168047640756781,0.267204377631766,0.255818920851858,0.228232560656475
A1403,2024,9.79456793297092,-9.79456793297092,907.529749158764,1006.06995428435,-23193211,44.2693947203468,89.6,4.47761194029849,10.4,5,38.2576073363902,0.0315653159229483,0.0136513246641127,0.0511519991366751,0.62569470673933,0.00280580585981762,0.0493595025639103,0.0625281030234357,0.289250549215802,0.0311359825968609
A1459,2024,6.0794176375075,-6.07941805652589,905.940977948071,964.581947004236,-14508714,37.7062538137148,90.53,-0.0993158243213456,9.47,5,35.122967903293,0.0300444720239942,0.0131864722308408,0.0549694901230737,0.490123073740821,0.00243044782293929,0.0925166211476413,0.128127321392018,0.194063279497607,0.144809037734883
A1488,2024,0.0,1.49984149169578,998.026005787802,983.278388537636,1875366,,89.28,23.5880398671096,10.72,5,70.4960400166736,0.0634056209277448,0.0265486725663717,0.117767188563649,1.26616746085773,0.00437615481863269,0.0665228015417649,0.034324570536179,0.0572513263501162,0.0786334461616126
A1490,2024,0.0,-0.33596692197955,1111.65216594591,1115.39953944636,-1840515,,76.59,-0.377211238293434,23.41,5,17.6490204251772,0.0154422201556458,0.00734178454309628,0.0293671381723851,0.326342322940629,0.00129704860261368,0.0145018117984403,0.0186166086928387,0.265813583741189,0.0751051862768783
A1494,2024,1.72363884954023,-1.72363884954023,833.179775447328,847.79265908283,-986545,230.818089599342,91.3,2.803738317757,8.7,2,85.4439349729054,0.0866128489741002,0.0331315169862092,0.158930373360242,1.97107299024554,0.00773629330642449,-0.0736047750412777,-0.0726471912218256,0.0613760186754811,0.000159150475081132
A1501,2024,3.05366971131881,-3.05366971131881,967.39632724808,997.867917607013,-16364341,-30.4705166548195,77.05,17.1684914841849,22.95,5,15.631513130471,0.0141114392215714,0.00680156847557729,0.0234787239192526,0.309822336254054,0.00137967759113134,0.163037273449326,0.189025757763712,0.302656803304932,0.187280600630858
A1522,2024,3.58657627577843,-3.58657627577843,1183.98190373756,1228.02599265035,-9827998,-14.7009193867977,89.08,4.01681457262961,10.92,5,49.5289704043351,0.0409239824532178,0.0166583374979177,0.0628574601588095,0.812371591981787,0.0041090565828197,0.0381738795601442,0.0907105132879571,0.143964388708923,-0.00439993896672706
A1535,2024,3.98171793793195,-3.98171793793195,1069.12111901032,1113.45578784593,-30906407,12.8063609014345,91.45,1.18389024120381,8.55,5,7.40308461859108,0.0115194454355472,0.0048252544302292,0.0187743174133918,0.219871892892944,0.000543690640025825,-0.0440012233039401,0.0156286435337134,0.0816341666381397,0.0661353093804191
A1539,2024,0.0,3.43792397213491,957.873298425329,926.036855383302,8354010,37.095917617286,81.86,4.82776283775131,18.14,5,34.0558566069195,0.0297435378623097,0.013607162729526,0.0611057716627042,0.658151651575699,0.00126460620162881,0.0912784269045733,-0.00485676452660341,0.254624894517114,0.109800588827536
A1552,2024,4.37611862186866,-4.37611862186866,985.371224204841,1030.46562218943,-36300810,2.80397969964066,83.54,7.79354838709678,16.46,5,8.87869945810754,0.0105011695615388,0.00486073093448796,0.0187793427230047,0.222083976177442,0.000945602946299706,0.109370012120804,0.112875130642512,0.334951556802089,0.143171186830603
A1557,2024,5.86632256480798,-5.86632256480798,1142.6972844535,1213.90910839556,-6293701,-30.862299257432,93.5,6.7351598173516,6.5,5,88.7786577740725,0.100664767331434,0.0444761000316556,0.193257359924027,2.62424817980374,0.00522317188983856,0.0667568509295128,0.039893576930614,0.295762124179036,0.255150313792289
A1596,2024,2.7236687068487,-2.72367069806021,807.912218032678,830.53320764702,-1367846,-59.741059765989,85.53,9.62573699051526,14.47,4,79.6165068778658,0.109088217880403,0.035968028419183,0.1200414446418,1.52457075192422,0.00414446417998816,-0.320524684920459,-0.294774726831662,-0.448268312342278,-0.277313214396619
A1652,2024,0.0,-0.21594654172472,997.396783806001,999.555288884974,-294092,,71.3,-16.695875686412,28.7,5,55.0646102542726,0.055935682517961,0.0200992131371878,0.0765480670543962,0.83167978104687,0.00342114266164899,0.00808530049036382,-0.0371035191576771,0.206913629090767,0.0471406666694145
A1675,2024,8.75361375131487,-8.75361269854491,1091.70538593309,1196.43683242644,-8314839,-23.7729687053367,78.06,-3.53435491843796,21.94,5,89.4456023343059,0.158347046992138,0.0619857377948437,0.102761016639239,2.05814591332968,0.00987383433900165,0.0766948231243388,0.235233859188812,0.149573099416559,0.261348582718381
A1694,2024,3.26043248571252,-3.26043248571252,945.365897775489,977.227748755304,-20785652,52.8065084047192,89.39,7.11803475134811,10.61,4,9.45393914130888,0.0127764612954186,0.00446287519747235,0.0206161137440758,0.228534755134281,0.000868878357030016,0.149966128914137,0.189312486447976,0.25775090383884,0.173585767102553
A1702,2024,7.50383952088591,-7.50384039713375,1055.3825034993,1141.00142971406,-8563605,125.230922342762,82.17,-5.09355509355509,17.83,5,86.5443934972905,0.0884955752212389,0.0417971409121852,0.1500340367597,2.27488087134105,0.00626276378488768,0.140047325299886,0.13110119968527,0.262140189218374,0.175313624428669
A1737,2024,12.1240013192497,-12.1239998205111,763.33522105921,868.650393167734,-8089469,225.08733527059,79.78,-5.17056935694758,20.22,5,72.4301792413506,0.0619980273354939,0.0276173030858109,0.123573340848246,1.6785965901085,0.00380442440467803,-0.106195105913297,-0.0596895901474701,-0.0453401356477578,-0.0222583995431136
A1749,2024,6.28078966999517,-6.28078966999517,1117.03823425557,1191.89889705882,-14416367,,83.4,6.22850592281238,16.6,5,53.7473947478116,0.0492259861389986,0.0177472634237969,0.071831077142302,0.806464149232463,0.00427488826996567,0.043564895057662,0.0587661093869602,0.150003258120008,0.0663692192226289
A2000,2024,10.5231334198932,-10.5231329368493,997.691911194416,1115.02776521027,-21785044,25.3061827386589,88.33,10.3849037740565,11.67,5,47.3780741975823,0.0435205784204672,0.0145995550611791,0.0663932146829811,0.843159065628476,0.00312847608453838,0.0407270314087609,-0.026360707299298,0.21205584534087,0.0568269728138719
A2019,2024,0.0,-0.686262087123433,919.761821580045,926.117414276472,-1768253,,88.32,-1.6918967052538,11.68,5,27.2780325135473,0.0208092485549133,0.010318989509741,0.0454292442731749,0.515050310426033,0.00158424320274031,0.000959393663204927,0.0180671139716768,0.294044370094016,0.0469950581248114
A2021,2024,6.3600394882702,-6.3600394882702,1047.71658695363,1118.87764713697,-10712586,-1.88358196925512,90.65,9.19055649241148,9.34999999999999,5,53.8307628178408,0.0476727331293284,0.0220647447253986,0.0752133999033661,1.02866806248993,0.00257690449347721,0.022315277106709,0.0897725298430142,0.0578441547615561,0.0771142714471774
A2024,2024,4.46781149485695,-4.46781149485695,1021.15302104288,1068.9099004446,-44727374,50.9267218711396,83.57,-1.47370903088894,16.43,5,4.46852855356398,0.0071298624859543,0.00342447428968912,0.0145272620257906,0.170675263523998,0.000601958371234416,0.0639854253179266,0.0733732726400278,0.234769400468806,0.14180183215194
A2029,2024,0.0,3.85756977338012,975.059282463772,938.842767639736,15884998,-2866.17792002898,90.26,9.47240751970892,9.73999999999999,5,15.5648186744477,0.0147960543854972,0.00663822980538523,0.0312450013329779,0.385017328712343,0.000746467608637697,0.0400203535467465,0.0549301635505894,0.238800033606062,0.0142416018842579
A2035,2024,0.0,-0.233507704253403,883.119015390786,885.185992881135,-164920,,88.38,-5.10039729410502,11.62,2,91.2046686119216,0.0961575593743966,0.0440239428461093,0.187294844564588,2.23575979918903,0.00926819849391775,0.286421755091274,0.348917953842307,0.407324330664383,0.291829275425253
A2057,2024,10.6296556404913,-10.6296556404913,804.406058399337,900.081636883332,-70158519,16.8489928057075,89.67,7.42781837786031,10.33,5,4.57690704460192,0.00795916037381958,0.00306623391450427,0.0142873452612007,0.209857615840034,0.000472982891067147,0.0348263236667382,0.012818497554198,0.19348340518872,0.0518928846041612
A2070,2024,10.5854637001485,-10.5854648991544,810.550486935351,906.508640928655,-8828534,,81.42,-4.26807760141093,18.58,5,84.7269695706544,0.132473196438306,0.0336180265309831,0.172451390150827,1.86789024168635,0.00454297655824096,0.504699254951844,0.328605203160038,0.429110316635991,0.512797263485571
A2083,2024,4.75268098227654,-4.75268098227654,1039.19463237021,1091.04869626498,-4414855,5.32303145623953,77.66,-2.12980466288595,22.34,5,81.4130887869946,0.0791098348887294,0.0358937544867193,0.170997846374731,2.06346015793252,0.00402010050251256,0.00588580382712322,-0.0461940521225711,0.148525129091647,-0.0136343739603943
A2097,2024,9.68877101270318,-9.68877101270318,869.779832381483,963.09156916005,-16077239,14.2898099676692,88.29,-1.65961238583203,11.71,5,45.5439766569404,0.0481600938278845,0.0176660313736989,0.0588623369007477,0.684723647559009,0.00263890925084298,0.062185295208549,0.0839695660836256,0.204959202310608,0.0919191643681335
A2098,2024,5.65442183326037,-5.65442183326037,956.709953964176,1014.04853577065,-64816909,17.3658667523166,87.46,4.75506048628578,12.54,5,4.15172988745311,0.00736063068136111,0.00317754002091545,0.0133000831255195,0.173678706459657,0.000563108358136916,0.249344380983026,0.236903409298667,0.415668556365202,0.330036550520373
A2107,2024,10.7581107976543,-10.7581107976543,1293.46071484806,1449.38741930405,-11883486,-3.91655611822268,95.69,0.578095438301447,4.31,5,91.6965402250938,0.0811825434068512,0.0458313780697638,0.209604254653527,3.13092444861567,0.011262318160488,0.0479478316603908,0.0701289783862865,0.209445968807137,0.0709546430446919
A2120,2024,4.77085657292906,-4.77085711330623,868.559143600662,912.072835344216,-8828754,23.2807619519986,80.42,-2.26057365094798,19.58,5,74.9395581492288,0.0701817744071265,0.032141567352835,0.110629589502829,1.7837967978813,0.00409293367039846,1.27760737365776,1.27384778578131,1.34128522423359,1.08067308043808
A2141,2024,10.5519432260389,-10.5519440578128,734.91677601006,821.61291072112,-12686072,33.54436509305,90.84,-0.285400658616895,9.16,5,44.0100041684035,0.0377764392048877,0.0165218139574907,0.0689269426039067,1.08871869890715,0.00146286894415283,0.0967759515819065,0.0890108075548227,0.281575037597625,0.066618195573653
A2142,2024,11.0970488933545,-11.0970488933545,1002.24214480874,1127.34406713505,-2564089,-35.24651684315,79.59,-1.27759861076656,20.41,5,98.9578991246353,0.214457108578284,0.106178764247151,0.2750449910018,4.15146970605879,0.0200959808038392,-0.385414863336058,-0.347649894481535,-0.435902127450405,-0.406097541553636
A2147,2024,10.7027459972975,-10.7027459972975,824.062001176947,922.830170289455,-10741631,35.3072980653113,80.91,-3.41411006326847,19.09,5,69.5373072113381,0.0967855055523086,0.0329631794272355,0.102746931618936,1.24886031560491,0.00257159555815313,0.0307485744072537,0.0785028705741359,-0.22380873403324,0.099404299011121
A2164,2024,0.0,2.90737919832032,1012.26017922827,983.661411955179,8054900,,77.78,0.309517668300226,22.22,5,19.7832430179241,0.0188085606610656,0.00874736368979705,0.0369947792414342,0.417902707188051,0.000760640320851917,-0.220042884671607,-0.282135058869837,-0.16621944573183,-0.189258203944257
A2189,2024,0.0,-2.62477267800766,835.417953156188,857.93684505988,-2888183,,85.31,0.0938636630294477,14.69,5,58.274280950396,0.051287188219974,0.0193328658719824,0.110788340178303,1.40048081738956,0.0019032355003506,0.120976416554359,0.0761962002070186,0.28450518975883,0.188861224724602
A2193,2024,2.74576405470025,-2.74576405470025,931.41766744413,957.714240815179,-6358827,-4.78554377932764,71.44,-11.0114598903837,28.56,5,40.0166736140058,0.0423219241443108,0.0141651248843663,0.0602451433857539,0.564754856614246,0.00231267345050879,0.202861908930899,0.219835177542162,-0.0323633096136662,0.24385234053927
A2198,2024,3.16231069000705,-3.16231109865621,1049.28373184555,1083.54891958909,-7738450,56.3771311412302,86.98,4.46793177996637,13.02,5,65.3939141308879,0.0538586515028432,0.0275385865150284,0.0790414297319253,1.1093419983753,0.00560519902518278,0.497222778853042,0.561072886183238,0.645607031561696,0.501069331538682
A2202,2024,5.92138740849851,-5.92138740849851,958.355043227666,1018.67471982069,-3767567,-45.0699658411975,77.05,3.93902603534332,22.95,5,47.9949979157983,0.0454441826886542,0.0196823466828786,0.0785773994984421,0.849456645641766,0.00182384679686906,-0.655695821114345,-0.623358034983885,-0.541821570925866,-0.57748412769691
A2205,2024,8.23539041996923,-8.23539041996923,968.525376024498,1055.44542766219,-11580880,43.6821981358465,77.05,17.1684914841849,22.95,2,72.5969153814089,0.0728293983244478,0.0273229246001523,0.121858339680122,1.31721249047982,0.00418888042650419,0.171920013907745,0.157887144410272,0.253643946665302,0.160371479818519
A2207,2024,4.07062231403482,-4.07062231403482,846.663716547759,882.590648424095,-4773827,9.71679217291478,80.98,0.821713147410372,19.02,5,55.7565652355148,0.0491376212720086,0.0208408192597916,0.0837226015091628,0.950323392022997,0.00305425799496946,-0.00164976083495138,-0.000993975481938173,0.230896118829178,0.0705085063636945
A2217,2024,2.50129714403315,-2.50129714403315,959.21207980834,983.820350128522,-7888624,,92.87,4.33659139422537,7.13,3,22.3926636098374,0.0234151003504301,0.00804396304555591,0.0364367633004141,0.415060528830838,0.00123446957629818,0.06742489891022,0.0533648470538262,0.210736729328129,0.107362565195977
A2246,2024,5.84312835174818,-5.84312835174818,983.239270469538,1044.25651920838,-3144829,-40.9234625129125,80.14,3.43314403717088,19.86,5,97.6323468111713,0.1616,0.0726,0.2132,3.1906,0.0184,0.0612721712538227,-0.0101047619047619,0.130289260969977,-0.0598624229979467
A2247,2024,5.99116349108829,-5.99116477159701,977.149882872811,1039.42345471969,-4678738,18.0156069846768,91.6,13.1702495675809,8.40000000000001,5,83.8015839933306,0.105241436236071,0.0482872472141973,0.165497317375155,2.33594717292612,0.00309533635988444,0.0801912004492467,0.0283212748574461,0.410081493414044,0.333563325721807
A2251,2024,7.53622785930428,-7.53622785930428,896.29446180973,969.34663280436,-29167102,-18.961126788426,84.78,1.60594439117929,15.22,5,16.7152980408504,0.0189431074286076,0.00714714904651972,0.0276082350336802,0.403782296575061,0.000695740172670061,0.0575085073232064,0.0858444889306121,0.204792805277143,0.0819566502245064
A2266,2024,0.0,-2.69459878093166,933.541972032685,959.39378527504,-2455095,-100.0,90.92,-2.28909188608275,9.08,5,79.5789912463526,0.0922475570032573,0.0277524429967427,0.129381107491857,1.465667752443,0.00651465798045603,0.0196189471002494,-0.0150993996581996,0.122114210393139,0.0951038338936405
A2272,2024,5.95937647219782,-5.95937694170479,1017.70491636689,1082.1971221267,-12692840,28.4483319568789,75.6,-11.4546732255798,24.4,5,47.4531054606086,0.0434981684981685,0.0208660387231816,0.0661302982731554,0.704343275771847,0.00255102040816327,0.141461538461538,0.0761757896191858,0.191043825748434,0.101119819267027
A2286,2024,6.41380342713614,-6.41380342713614,1213.9052234363,1297.09857638159,-9502012,11.7811435730629,84.05,4.90514228657014,15.95,5,73.2555231346394,0.07115923813207,0.0331625253794837,0.116213864449386,1.39224596345354,0.00386734989848207,-0.0969418286119438,-0.0797640916561927,-0.00723725800488259,-0.0439727209773064
A2299,2024,0.0,-1.82867830098446,984.779649785698,1003.12355252275,-3903289,,77.05,-5.68000979312033,22.95,5,52.0716965402251,0.0508566398049705,0.0181485745242771,0.0805173698110652,0.871267014288617,0.00277646102796777,0.337967265610887,0.346487545876492,0.412572615650155,0.357161598374342
A2308,2024,0.0,1.43869558929633,806.854759273263,795.41121323173,2360712,,79.91,-0.942109830172313,20.09,5,40.0666944560233,0.0359219142035371,0.0134018725904167,0.0572180405115966,0.853986904106236,0.00208065601860351,0.0556130377316352,0.076596222905861,0.438174849969661,0.0941438647773716
A2309,2024,8.51952018869848,-8.51952018869848,814.600864564467,890.464136441741,-19602766,-18.1761038395747,93.12,11.601150527325,6.88,4,23.8766152563568,0.0220122723288205,0.00939904548553618,0.0460212330768482,0.59364955683257,0.000584396610499659,-0.0125202915489756,0.0541127418752637,0.29069627496726,0.110958757672389
A2311,2024,3.80238891128053,-3.80238891128053,1161.23685534702,1207.13689477804,-31196788,,86.89,-0.43543027386272,13.11,5,9.10379324718633,0.00953388023809118,0.00448552862722358,0.01860726894411,0.257653539815462,0.000955093548001978,-0.0235272282002782,-0.0152873801654412,0.0997994454448692,0.0465711079696571
A2342,2024,8.08690620186811,-8.08690620186811,1043.65914678583,1135.48473199914,-137594028,39.0313760752791,84.3,-0.718407725827346,15.7,5,0.408503543142976,0.00391168908548077,0.00134707173804636,0.00647630643291518,0.0729491156603566,0.000259052257316607,-0.146068698575353,-0.154736176592409,-0.107914687749186,-0.145148088824857
A2366,2024,12.6611755083562,-12.6611766013633,1198.72358235824,1372.49797479748,-11583801,63.3879666577853,76.63,-4.22447194100739,23.37,5,93.3138807836599,0.128164867517174,0.0522080471050049,0.177036310107949,2.69067713444553,0.00804710500490677,0.0936341613792626,0.0781252850122761,0.143326817245081,0.111227912598482
A2419,2024,3.45643152195715,-3.45643152195715,957.361696575312,991.63694865189,-18519330,-2.6125035870869,89.01,-4.08405172413792,10.99,5,14.3559816590246,0.0136944254244091,0.00561943663967133,0.0307180128916488,0.333010648596321,0.000944443132717871,0.0779811174116182,0.0721218395671248,0.340557663272058,0.139299216193886
A2452,2024,0.0,1.78838055525934,1228.95200746229,1207.35981922329,1643511,,80.98,15.1265282911572,19.02,3,99.291371404752,0.367631851085832,0.109100310237849,0.332471561530507,7.01163391933816,0.0188728024819028,1.02420905506722,1.09070473667274,0.322355839513631,1.0736156487591
A2490,2024,3.65212357932753,-3.65212357932753,1086.64560592651,1127.83555413512,-5026327,15.7710921851996,84.06,2.58725896997804,15.94,5,62.6594414339308,0.0503413671135971,0.0199062268651806,0.0871103068191166,1.35296536974583,0.00427737106193962,-0.200122871596611,-0.190294316031916,-0.0976385620157868,-0.144130714933723
A2500,2024,2.53767092687867,-2.53767092687867,1041.13401941658,1068.24249873556,-16508088,-24.7072478511258,82.71,-5.45267489711935,17.29,5,9.48728636932055,0.0122200008160268,0.00577338936717124,0.0209310865396385,0.22391774450202,0.000734424089110123,0.00998107721646623,0.0172992715827746,0.11842064766181,0.0485585869960859
A2506,2024,3.37969166226604,-3.37969166226604,1032.38610609945,1068.49804545311,-9127076,3.61847647254627,77.98,-11.9963886694504,22.02,5,37.6573572321801,0.0291400491400491,0.0135626535626536,0.0562162162162162,0.655479115479116,0.00250614250614251,0.0332453114271296,0.0658828706589899,0.30156511079675,0.0180790592828425
A2528,2024,3.41225053085477,-3.41224956647962,1023.20895141188,1059.35685096645,-3538301,,79.42,3.46534653465346,20.58,5,71.9716548561901,0.0605586592178771,0.026927374301676,0.0994413407821229,1.54245810055866,0.00547486033519553,-0.140909594364829,-0.0886033519553073,0.0595225874742723,0.0686996268244752
A2530,2024,5.79318140086805,-5.79318140086805,787.307247500316,835.722147512973,-18361254,39.6665240684666,87.97,1.09170305676856,12.03,5,14.2309295539808,0.0159624988510677,0.00533104568154662,0.0319862740892797,0.375899996936181,0.000551487484297926,0.0274517590410284,0.00287123642618614,0.140328614241798,0.0652204492282355
A2542,2024,7.32972615677734,-7.32972615677734,959.682523462557,1035.5883107523,-107634710,28.756380476913,94.24,5.02618968015156,5.76000000000001,5,1.2588578574406,0.00485059812535603,0.00208006076194093,0.00964077954808306,0.107308694826604,0.000198512022923823,0.00734732632503637,-0.00488040463047036,0.17519430413117,0.0996351321026364
A2543,2024,2.44917730962878,-2.44917636569373,937.521291458016,961.059329414326,-2594645,-35.1847299869602,85.71,10.7507429900504,14.29,5,64.8436848686953,0.0642455017110056,0.0224086543768628,0.0974721271663539,1.30544210177724,0.00342201125952092,0.0969501463146797,0.0556199954146747,0.131087638834721,0.0472268539767566
A2550,2024,6.17693697826644,-6.17693697826644,1036.60153604565,1104.8472546729,-32246921,2.44874611412133,90.69,5.33101045296168,9.31,5,18.2159233013756,0.0176088971269694,0.00762610883092811,0.026744339997352,0.301734410168145,0.00145637495035085,0.0410929929002219,0.0248657383161269,0.118115390060313,0.0499353257584589
A2551,2024,16.7555541719805,-16.7555541719805,903.627573734001,1085.51094880356,-13073777,-2.90233683021597,94.31,6.49277326106594,5.69,5,78.0241767403085,0.0761270201304225,0.0287779982988375,0.149702296569322,2.61440317550326,0.00368585199886589,-0.179854585285557,-0.223512568423257,0.0557014305827511,-0.113916248566956
A2557,2024,11.4959162556847,-11.4959162556847,938.93396520352,1060.89337969541,-19571559,61.5690664710051,88.1,-5.13621190912029,11.9,5,51.8382659441434,0.0435378537450617,0.0187857776344433,0.0761106183987745,1.21881802789648,0.00225751834233653,0.178606716867834,0.136752055680588,0.267043958882119,0.113596608147496
A2571,2024,3.01560251205726,-3.01560234185805,1212.45313204817,1250.1527682029,-17718075,,85.32,-1.71639212072343,14.68,5,15.1896623593164,0.0135973049506884,0.00639585977931843,0.0330534127526609,0.332316180060541,0.000903232106239625,0.0143589493213553,0.0100558397459925,0.108239372621857,0.0348016870167572
A2587,2024,0.0,0.20469872484123,962.515583606046,960.549351332398,403754,,75.65,-10.6531238927601,24.35,5,42.9012088370154,0.0378381279519107,0.0145985401459854,0.0698261056247316,0.547928295405753,0.00305925289823959,-0.0435952060367862,-0.0241788321167884,-0.0142820657082366,-0.0509417637407404
A2591,2024,0.0,-0.43468069458516,806.423047304731,809.94371627639,-1344121,,77.7,-7.76353276353275,22.3,5,18.6994581075448,0.0179714510663061,0.00701742374970048,0.0292335604011912,0.388217574367576,0.00123232807311813,0.105922080608372,0.116296682983603,-0.00658391952831716,0.0605082373590644
A2592,2024,5.38805034858469,-5.38805034858469,1049.52432120698,1109.29361996429,-27049672,-12.949914409902,84.34,-2.60969976905311,15.66,5,18.2909545644018,0.0157912625166671,0.00684985228371984,0.032863604277236,0.372689482077963,0.00122879029517112,-0.00409418970972731,-0.0360622051186198,0.115436165946218,0.0557222927697432
A2597,2024,9.3794903694016,-9.3794903694016,830.933111849391,916.937142857143,-7766164,206.950022271785,83.93,4.80769230769232,16.07,5,74.4726969570655,0.0726536124240378,0.0334908845374747,0.106549628629305,1.44969615124916,0.00459149223497637,0.120324658792796,0.115127903294234,0.139674418945873,-0.0222122494688823
A2598,2024,2.30869468162171,-2.30869451029872,1093.35022970786,1119.18888198615,-13475684,1.95004058880627,82.98,6.24839948783612,17.02,5,14.9812421842434,0.0157022865142324,0.0066962202519832,0.0257349510032664,0.251959869342044,0.00121325244983668,0.0155313604093061,0.00700494246173672,0.0533308850975921,0.0158644010471964
A2599,2024,0.0,0.156515978189068,985.164692594775,983.625162050678,156755,,77.05,-13.7467815963282,22.95,5,75.3480616923718,0.0622376783787025,0.0329775752488308,0.130231442619019,1.36167406163809,0.00515649358436263,-0.0702698925294181,-0.0181939439076163,0.0934889658337271,0.064560491929072
A2600,2024,4.41044412498413,-4.41044412498413,829.032220786321,867.283264575774,-9234873,-24.9134989172678,77.05,15.3788559448937,22.95,3,30.1125468945394,0.0307733333333333,0.0113066666666667,0.0397866666666667,0.525066666666667,0.00176,0.0405524257703081,0.0730133333333332,0.130303473856908,-0.0883052999240699
A2612,2024,0.0,0.69352268916361,1120.2138883621,1112.49845913142,976403,,77.97,-2.69561961812055,22.03,5,70.0291788245102,0.0840646190666135,0.0274232149980056,0.0925408855205425,1.14170323095333,0.00468687674511368,0.0405463294325185,0.0255504445708046,0.292859687923744,-0.0161933682463298
A2616,2024,6.80180601181178,-6.80180608302706,945.52521819548,1014.53169686723,-95510487,14.4052127689558,88.15,2.22660327032355,11.85,5,1.3505627344727,0.00554160609664772,0.00235231928108894,0.00857230958988591,0.0940222897669706,0.000273115721774371,0.0392989385160139,0.0161666886921281,0.140449143098369,0.0782226696809604
A2619,2024,4.35027800771039,-4.35027800771039,1009.15927934519,1055.05720071673,-17315817,,72.1,-9.89752561859535,27.9,5,21.9007919966653,0.0252277505255781,0.0082818372937504,0.0261196406956743,0.315729120214054,0.00178378034019239,0.0168400625303218,0.021069343836152,-0.0402970308025106,0.0137967701621053
A2620,2024,0.0,1.87566185456498,1064.4776941949,1044.87929189066,19555521,,83.05,0.556968155951076,16.95,5,20.5418924551897,0.0170424127059663,0.00800071381833323,0.0402117661055261,0.387781809529475,0.00110046993040271,1.52601365225277,1.49163803261508,2.01124815504159,1.87997292286012
A2628,2024,0.0,0.434925707596278,1128.96030037214,1124.07142477406,367839,,51.94,-21.0158150851582,48.06,5,94.1475614839516,0.131606397774687,0.0573713490959666,0.205146036161335,1.97392211404729,0.010778859527121,0.0366483844815175,0.152943457793945,0.255859122788077,0.0974962856071429
A2634,2024,5.6673309510487,-5.66733273696744,1079.37399869217,1144.22079859408,-3173343,-5.316616590035,74.21,-9.10093091621755,25.79,5,90.5460608586911,0.0960074280408542,0.0445682451253482,0.155246053853296,2.76118848653668,0.00909935004642526,-0.143286014112465,-0.0679522891222055,-0.122496364705692,-0.17886717559826
A2643,2024,10.9170542873556,-10.9170542873556,897.546796500141,1007.5405447361,-7794157,-25.5045735294427,75.13,-9.84039361574463,24.87,1,85.3522300958733,0.0837865397688647,0.0407885791978246,0.158225696804895,2.04231815091774,0.00594833446634942,-0.000485823565361341,0.0249215326091673,0.308439696340379,0.0486226034039313
A2645,2024,0.0,0.40991939120056,976.883518062397,972.895431034483,971498,,92.6,3.56783357566268,7.40000000000001,5,37.1654856190079,0.0304414811666578,0.0135472560165755,0.0576953726823567,0.703501035966637,0.00207193327312331,0.115454995817967,0.0869932693141579,0.261578712908368,0.184242735542812
A2666,2024,6.16301778979317,-6.16301778979317,1114.41373239437,1187.60610810985,-9104546,2.24457402932437,77.06,-11.2007374971192,22.94,5,77.7907461442268,0.0954234613361389,0.0351394003156234,0.116465018411362,1.05576012624934,0.00652288269331931,0.0786909489753714,0.107158126661859,0.0716813032413516,0.21456376343278
A2671,2024,17.267023635801,-17.267023635801,2043.89215059055,2470.46853674541,-52008193,67.35135193925,54.08,-17.7615571776156,45.92,5,92.5135473113797,0.159312061552387,0.0841819416157502,0.137587689522516,1.65908576601041,0.0183299389002037,0.214261474397791,0.218359724809148,0.28517165162136,0.180651119551323
A2684,2024,3.13630077720287,-3.13630077720287,930.187062706271,960.305119636964,-7300617,-44.7766449458032,82.44,-0.602845430431637,17.56,5,39.1329720716965,0.0363218144859313,0.0143896437359581,0.0585749438322456,0.621161870118755,0.00230020327377768,0.0648775799939224,0.0647282178254682,0.207648679152921,0.145415164967436
A2695,2024,6.44405110531014,-6.44405110531014,1152.74457322273,1232.14460100266,-24580343,148.099466512843,86.54,5.89818893783652,13.46,5,32.0133388912047,0.0276284883952387,0.0104303515267328,0.0473346868904017,0.539432302241331,0.00226919861459453,0.0182282051719529,0.0593787743568958,0.16659187972352,0.0806550906182146
A2704,2024,10.9556564804716,-10.9556564804716,973.541426024955,1093.32203208556,-6719692,39.9476047140346,82.91,-0.444284341978872,17.09,5,94.2642767819925,0.107472053343793,0.0568738968425181,0.216120808001569,2.85703079035105,0.00902137674053736,0.0253711211882281,0.278295517974867,0.100941225263036,0.0737138973510463
A2706,2024,11.415664800676,-11.415664800676,887.44348123946,1001.80633431703,-13020897,15.7548885735926,85.62,-4.64416972936853,14.38,5,62.234264276782,0.051901025950513,0.0224300945483806,0.114463890565279,1.29752564876282,0.00261516797425065,-0.0708737090217601,-0.0624813344712106,0.16151744083986,0.0140367821506662
A2710,2024,0.0,1.23522933736954,1146.24693896564,1132.26091990737,2101763,29.5582788035762,87.65,7.34843845682792,12.35,5,58.0241767403085,0.0538340117969594,0.0240093046440143,0.0941264434659799,1.10434493644596,0.00224308382487331,0.105185786448069,0.0367880070930722,0.19262777156888,0.0904213242594508
A2729,2024,0.0,-1.89007085185784,1003.41493728946,1022.74555287299,-17582664,-100.0,89.46,3.06451612903225,10.54,5,5.54397665694039,0.00875931842385516,0.00394036208732694,0.0141107561235357,0.166986155484558,0.000745473908413206,0.0277690679433031,0.0022535754872741,0.203615121093432,0.0225306813114314
A2735,2024,0.0,1.26301345892392,974.691499185681,962.53455816921,5792442,,90.4,5.41044776119403,9.59999999999999,5,15.8065860775323,0.0154910028255589,0.00713825410201755,0.0302632231200119,0.282878104396966,0.00101620978535666,0.00668700195031469,-0.0158627868933723,0.116385847647942,0.02266513804527
A2754,2024,9.40391908734501,-9.40391908734501,891.125611290902,983.624901114707,-10289621,-17.4453869888014,81.71,0.839195359743296,18.29,5,66.4860358482701,0.0607407407407407,0.0258689458689459,0.103019943019943,1.46883190883191,0.00307692307692308,0.0623899371069183,0.0471839659612585,0.24109669080957,0.105318138651472
A2762,2024,0.0,2.51309448447895,930.303195306234,907.496939766156,2161212,,78.28,0.64283877603497,21.72,5,69.8874531054606,0.0680584047303005,0.0263062628212864,0.120308917581755,1.41764209002051,0.00337878605044045,-0.033350319864779,-0.0337648488386125,0.0591409257229895,-0.0235565034500353
A2772,2024,19.4417359420274,-19.4417373583201,687.550418238081,853.482182574219,-13727203,5.86646769277042,86.11,-3.86290052472926,13.89,5,78.1158816173405,0.0767989674088416,0.0283962568570507,0.152307195869635,2.57986447241045,0.0037108744756373,0.128895695770904,0.231218835047216,0.254803560942407,0.220936986424728
A2773,2024,11.3079063464502,-11.3079063464502,870.267398551857,981.223198937334,-8520074,3.59724949259675,93.7,-0.202364469059535,6.3,5,85.1688203418091,0.0771354335823319,0.0350763234816499,0.155894771029555,2.31990906138357,0.00714517700552127,0.114197831813413,0.122266969795388,0.360063956371364,0.0902411364132488
A2778,2024,4.08244039867545,-4.08244039867545,862.400910795607,899.106393427985,-8221294,74.587019098555,98.69,2.48182762201454,1.31,5,32.4718632763652,0.0261961463520242,0.00979649274734791,0.0596990690625677,0.742530850833514,0.00146135527170383,0.153186489765407,-0.00624164603669146,0.301835274357274,0.0602122969103951
A2783,2024,5.20886330514461,-5.20886330514461,922.205510699023,972.881582449758,-13707472,5.27523915173213,85.98,0.939187602723641,14.02,5,34.1308878699458,0.0319129969691567,0.0121679443751114,0.0520591905865573,0.4434391157069,0.00249598858976645,0.0915794608220963,0.0927395783242498,0.130975459057391,0.0825334086822772
A2801,2024,5.62216456528295,-5.62216456528295,1021.2899612497,1082.12903648987,-6028909,38.2047280988964,77.05,-6.68523676880222,22.95,5,99.2580241767403,0.254242819843342,0.118798955613577,0.303198433420366,4.94712793733681,0.02088772845953,1.86040491316937,2.06575554830287,2.22773030785553,1.51386813572829
A2802,2024,6.34827742757965,-6.34827651789143,1064.93352780536,1137.12112090367,-6978519,-15.3791792513277,77.05,-4.87654320987655,22.95,5,88.837015423093,0.105570594101724,0.0470152443368001,0.149736429690839,2.00869069668044,0.0069810514318279,0.108835340395681,0.104241423840413,0.0657278880701801,0.237206848809641
A2809,2024,8.86050746062224,-8.86050746062224,882.2918186664,968.067512867923,-20597489,258.452157596867,91.89,1.87361419068736,8.11,5,29.645685702376,0.0243699421965318,0.0107745664739884,0.0446705202312139,0.591768786127168,0.00166473988439306,-0.049382235292792,-0.109050207805857,0.0855151873857138,-0.0570656325455477
A2811,2024,8.70918890849382,-8.70918890849382,795.301196878625,871.173327709234,-25901835,47.8371867400694,95.18,12.9598860669357,4.81999999999999,5,16.5235514797832,0.0160656535799979,0.00646799040233682,0.0348784643738916,0.411830163090726,0.000660708697012901,0.0506937441318636,0.0454991986140924,0.124822994409376,0.0657974575433313
A2831,2024,8.12655875723277,-8.12655937135646,851.960602747215,927.31979657851,-13232773,16.4460404584144,83.17,-4.28127517550926,16.83,5,43.5848270112547,0.0544673651330774,0.0142513177588339,0.0545324396433917,0.626537385306176,0.0026029804125724,-0.0292071205940059,-0.0300486848138793,-0.373548236475212,-0.0466270139764031
A2833,2024,0.0,0.113111791515774,847.772823618471,846.814976028261,75919,-103.756116385729,92.5,-0.494836488812386,7.5,5,67.7532305127136,0.0626928471248247,0.0301542776998597,0.0994389901823282,1.51935483870968,0.002945301542777,-0.205208723110428,-0.17012914913511,-0.039496677863953,-0.151428255614628
A2844,2024,6.91051594712545,-6.91051594712545,1088.20445352485,1168.98752270101,-19572122,53.2803089520327,94.03,5.65168539325843,5.97,5,39.1246352646936,0.0366275051831375,0.0138748604539897,0.0551273191217904,0.51209398756047,0.00292382116846526,0.0795756637190462,0.107246769035778,0.145869179745748,0.118613641275325
A2880,2024,6.64090968712918,-6.64090968712918,1019.26989976678,1091.77359842618,-16289841,-3.69493449920552,90.2,-0.868227277722818,9.8,5,42.2009170487703,0.0349018553374563,0.0135520301156225,0.061952137671417,0.88098951331003,0.00242000537778973,0.00843740352344829,-0.00104464624094603,0.236118604444221,0.078001741284332
A2909,2024,6.30555211584919,-6.30555151893702,950.474846194836,1014.44094245023,-10563617,14.8482375257029,85.36,-4.10066284687114,14.64,5,53.7724051688203,0.0408435072142064,0.0191638919718831,0.0917499075101739,1.27724750277469,0.00221975582685905,0.104299305072513,0.117514751343454,0.211404557766047,0.117400201022135
A2916,2024,10.515125716385,-10.515125716385,836.509171002748,934.805102761278,-25616313,41.855162200004,96.72,2.29508196721312,3.28,5,24.5268862025844,0.0208633407533499,0.00829295971367465,0.0381476146829034,0.464100213871066,0.00161494478634717,-0.02978764209743,-0.0570774549640185,0.0412049942807797,-0.00186536377275502
A2918,2024,16.6494277420474,-16.6494277420474,883.377890804598,1059.83422413793,-30703402,17.0422588955507,92.06,1.600264871427,7.94,5,47.1696540225094,0.0429038112522686,0.0179310344827586,0.0660617059891107,0.963194192377495,0.00225045372050817,0.0781720332025905,0.0924369747899158,0.167069089117881,0.143072478331868
A2920,2024,12.5462965891166,-12.5462977085713,818.062505235821,935.423525592695,-11207508,77.5403621900332,84.63,-0.703977472720883,15.37,5,74.4310129220509,0.0737775588126617,0.0344870057888903,0.1156546372706,1.43318142628403,0.00394137209015889,0.0105366833582813,0.0240581793581668,0.006731202256887,0.0664885323284281
A2952,2024,11.8957695706748,-11.895771069885,1066.94074074074,1210.99832970225,-7934692,2.5929022341428,77.05,1.7027455121436,22.95,5,98.9245518966236,0.188515300340008,0.0902908953532301,0.349452210049112,6.94068757083491,0.0173781639591991,0.58767931845988,0.644584165362405,1.09631874383972,0.822710959233438
A2973,2024,12.1974385459618,-12.1974385459618,2155.41172358698,2454.83923007789,-59969341,730.373260828688,77.21,9.81368226425827,22.79,5,89.1121300541893,0.0986384562640807,0.0505436379665001,0.0984425506905671,4.29327064354981,0.0236066216083848,0.572374245508603,0.582689151333748,0.825178609767093,0.669721718521916
A2975,2024,0.0,-0.770266114950652,917.477571777355,924.599448024509,-4853929,,87.32,-2.54464285714286,12.68,5,12.3301375573155,0.0140290882122698,0.00576820073338552,0.0245766552676033,0.257756169914713,0.00096823369453257,0.248896699222688,0.342666921530181,0.30059696397264,0.251888531460805
A3016,2024,4.14910437550704,-4.14910437550704,927.872086720867,968.036950177194,-11560251,,89.32,5.23091423185674,10.68,5,33.6473530637766,0.0309892147772193,0.0121028744326778,0.0551949636425748,0.51295690791079,0.00204968034746962,0.155950725399073,0.120800939257823,0.273235168813029,0.200227745210477
A3029,2024,5.13537234370231,-5.13537248005321,958.12797737088,1009.99498171162,-37662914,3.0080622599747,94.26,9.05935439083651,5.73999999999999,5,6.01917465610671,0.0113237666073596,0.00400738289629026,0.0182743311328755,0.194050449791317,0.000382447330351353,0.0493472663775576,-0.0221985733051764,0.177181034363124,0.0851975716511899
A3030,2024,2.94658803455842,-2.94658803455842,1180.04276505123,1215.86942813655,-33612432,2.19910728044045,79.77,6.47357180993059,20.23,5,4.62692788661943,0.00659121999751275,0.00317124735729387,0.0164283049371969,0.19970152966049,0.00052232309414252,-0.0146819253048965,-0.0314936244714588,0.174901399160666,0.0433908731964766
A3047,2024,12.2868832528792,-12.2868832528792,907.471157833624,1034.5900265406,-30653444,10.3435391379297,89.93,1.420999210556,10.07,5,35.1896623593164,0.0293976417862669,0.0121111881769194,0.051219121805474,0.819239182628181,0.00170730406018247,0.0273836725131006,0.0356354315540214,0.221171380084067,0.11270081370919
A3053,2024,0.683765165233267,-0.683765165233267,1048.53195749973,1055.75081379613,-2368449,-75.0945999702832,93.0,5.1798235693282,7.0,5,22.025844101709,0.019547222499252,0.00884279113061401,0.033210332103321,0.424055051361324,0.00132974302716,-0.0987510786643347,-0.0842016958253121,0.0743225685016652,-0.0648777651525228
A3094,2024,8.34643612193659,-8.34643612193659,864.400805618385,943.117505794309,-11275695,68.0058627824615,88.64,9.17600689740116,11.36,5,54.4643601500625,0.0474370112945265,0.0183318853171156,0.094874022589053,1.28410078192876,0.00199826238053866,-0.0152076455256299,0.00842264990971583,0.201560792810502,0.192117060679501
A3195,2024,0.0,1.70374780236682,921.327204189687,905.893070902394,1072734,,82.87,-2.16056670602125,17.13,5,88.2117548978741,0.116705183228788,0.0330141961043249,0.182403433476395,1.92769891053153,0.00742819412347309,-0.00740613618040779,-0.0762404645591809,0.0813784106342482,0.0460204818765138
A3229,2024,1.73767333797804,-1.73767333797804,955.053472146185,971.942660620217,-11105925,-51.6416393986837,95.44,9.7642323174238,4.56,5,7.86994581075448,0.0107703507363784,0.00405054785059638,0.0200100797043287,0.269874750340657,0.000522651335560824,0.0711319049946706,0.0827410786194173,0.16262551644397,0.0697681440368805
A3235,2024,0.0,1.25018228058811,1131.0072036151,1117.0421407053,1576097,,89.84,5.43363454993547,10.16,5,78.5368903709879,0.0696774193548387,0.0303225806451613,0.123655913978495,1.43043010752688,0.00806451612903226,0.0385358621747355,-0.026676208301222,0.229388208104754,0.0798364632940965
A3236,2024,7.88647591200318,-7.88647591200318,835.170242842202,906.674943892448,-26253094,11.0938676133824,91.69,-0.304447102315974,8.31,5,16.1067111296373,0.0154623298219676,0.00659151111932483,0.0307090494671348,0.429680280909259,0.000708433438058276,-0.0538291135341588,-0.0706273078024766,0.116854802030387,-0.0222954448528014
A3250,2024,5.78108722954311,-5.78108722954311,845.244161648755,897.106681445159,-48990166,27.241248693957,83.25,4.33638300538914,16.75,5,2.57607336390163,0.0063773565729966,0.00290919254027136,0.0131231261751105,0.154924030692616,0.000215966258448092,0.0182814497224056,0.0223474035048238,0.130451413428011,0.113174834323653
A3266,2024,5.1450441350572,-5.14504321818039,1644.95353940088,1734.17773325701,-5611488,,80.38,-0.322420634920641,19.62,5,94.2642767819925,0.0992408813182744,0.0535086095167562,0.190335123125347,3.49250138863173,0.0112942047768932,-0.127312988273362,-0.196450938460404,-0.0663980527481933,0.0231244926153276
A3272,2024,4.41329756724026,-4.41329756724026,1029.4120364989,1076.94063117517,-4906662,-9.16473749540655,90.26,4.8072457036693,9.73999999999999,5,65.6273447269696,0.0558842866535174,0.0201621740083279,0.109029147490686,1.53440718825334,0.00350646504492658,-0.0326508690539026,-0.0521574699800846,0.0417887333709653,-0.0359940844168847
A3273,2024,1.75555254012112,-1.75555254012112,978.326168538247,995.808102984931,-7285771,36.6492351828637,90.33,0.747267454829357,9.67,5,18.3826594414339,0.0163219042221593,0.00697081326154718,0.0287333522244262,0.322640974780391,0.00150184188155285,-0.0260142033752735,-0.0543111540096344,0.14398377275375,0.0537585245557775
A3280,2024,7.19109112612217,-7.19109112612217,977.948028074866,1053.72214795009,-16323564,53.0643889057048,92.42,13.0243365537483,7.58,5,34.3559816590246,0.0313921519620095,0.0133466633341665,0.0558360409897526,0.680829792551862,0.00139965008747813,-0.071578398645808,-0.0749061769306708,0.0328958367185859,-0.0735964807319427
A3283,2024,0.0,-2.02114894936534,1096.28969457929,1118.90441949838,-6708432,-100.0,86.02,6.49993809582766,13.98,5,33.4556065027095,0.0269514873228189,0.0141744859253344,0.0489119584747455,0.487043322020363,0.00227590337392693,-0.0144367357691067,-0.0478443150155806,0.134858226066866,0.0932220736850883
A3287,2024,0.0,-0.548120069449362,1135.79748724427,1142.05733268935,-1010940,,82.13,-5.88976738856423,17.87,5,51.7215506461025,0.0445928313761609,0.0186507022795303,0.0670811267173229,0.625834676490905,0.00514237470258654,0.0697510243500411,0.0960748964101244,-0.13188176909765,0.0876841004358212
A3289,2024,8.28523949505648,-8.28523949505648,814.85155827612,888.46283170766,-39756271,12.5448841712231,77.44,-7.71064235490406,22.56,5,8.97040433513964,0.0138095644020118,0.00526383087545819,0.0185832409854232,0.199450174750661,0.000788509078509931,-0.0242903217561328,-0.00874796564122742,0.0676324946483092,-0.0538733857116023
A3299,2024,5.55275128709272,-5.55275113525347,1104.44909942542,1169.3819700424,-36569933,255.801511239729,89.64,12.9821023443408,10.36,5,10.7878282617757,0.012894244374458,0.00463279930622119,0.0229357798165138,0.292847688164681,0.000821580172531836,0.112436711813303,0.0763919298954404,0.215227281046241,0.133099951714148
A3302,2024,4.91435404423056,-4.91435404423056,809.003663885323,850.815762729996,-9380628,22.4018009866908,74.59,-1.28374801482266,25.41,5,35.839933305544,0.0406431442608307,0.0153528360875391,0.0485707905314873,0.536232693166592,0.00161902635104958,0.0423377573394944,0.0790850507241754,-0.309687638129683,0.155317429741331
A3317,2024,0.0,1.09843689695832,990.662717313059,979.899143567139,4366093,,85.08,3.36532620580731,14.92,5,24.468528553564,0.025455320055384,0.0100117158376824,0.0357865587389498,0.373770724606809,0.00152660915255441,0.230995971147559,0.226181269786877,0.236259472004303,0.207278488076568
A3318,2024,6.78450241725184,-6.78450241725184,914.55620855045,981.120341860098,-13489621,-1.74225562998459,83.28,-2.10414952392147,16.72,5,42.2175906627762,0.0300886126173787,0.0149451130802804,0.0594498082264251,0.845390821319931,0.00277741039545034,0.0857617305177151,0.092610691341018,0.338674185696296,0.18394853930173
A3319,2024,10.7566939428677,-10.7566960317335,897.473531635997,1005.64803377867,-5149539,-18.8166728623773,88.13,2.73956633247843,11.87,5,86.2109212171738,0.0941086457536343,0.035195103289977,0.167941851568477,2.92042846212701,0.0053557765876052,-0.217339627453528,-0.215623737352028,-0.1077218338526,-0.213429368155667
A3320,2024,0.0,-2.05092207427308,1031.29420134121,1052.88811613237,-4340636,,87.98,-3.5201228204847,12.02,5,51.1129637348895,0.0498840722265158,0.0198131103772922,0.0717347010468629,0.849012857443968,0.00266985175296845,0.160566797036621,0.202497869311673,0.224329749917692,0.264871554985264
A3324,2024,3.79301017418972,-3.79301017418972,918.972607217049,955.203576040489,-18068674,572.470133919583,94.82,2.86396181384247,5.18000000000001,5,13.7390579408087,0.0154088782026423,0.0053775950774322,0.0266294371622844,0.343985108198247,0.000827322319604954,0.0655200819028449,0.00218598126907956,0.262869002792487,0.0871245373549893
A3325,2024,2.50458650993644,-2.50458650993644,947.072343804537,971.401945898778,-13940862,,89.4,-3.00531626342627,10.6,5,9.95414756148395,0.0126336869913503,0.00547530785291235,0.021070348118795,0.258766883974605,0.000724359793770506,0.0121787816056651,0.0333832014883984,0.148658427980606,0.0737557339087105
A3327,2024,3.05900198172467,-3.05900198172467,1316.35298885512,1357.89089834515,-22138875,,85.46,7.37529840432214,14.54,5,50.6961233847436,0.0322109237045607,0.0168665895390611,0.0808622054435852,0.986482372282774,0.00353163246666261,1.57774446187038,1.7142375883239,2.26511771107679,1.97063263422402
A3336,2024,3.4070512781569,-3.4070512781569,928.972791423531,961.739758145987,-8692552,,91.54,1.79028132992327,8.45999999999999,5,34.5477282200917,0.0258365099534096,0.011529954350793,0.0544025601204763,0.564167725540025,0.00258835709915761,0.156209970728796,0.137913843004377,0.186797593349828,0.102362416666699
A3361,2024,0.0,-1.57140361226571,1016.49117148814,1032.71936082877,-996281,-100.0,75.13,-4.0975236150115,24.87,5,94.4643601500625,0.130998702983139,0.0620715212154901,0.172688530665184,2.52084491384102,0.0103761348897536,-0.0806730254297147,-0.090091969803876,-0.0161243073534733,-0.10850199507257
A3365,2024,5.60806537178218,-5.60806537178218,1002.12531939605,1061.66413830072,-13328360,-12.9224369456044,92.65,6.78884278469341,7.34999999999999,5,49.3538974572739,0.0432536718944486,0.017612646253423,0.0666542195668409,1.05657206870799,0.00261389096340553,0.125379705984572,0.194777875845837,0.303163764743641,0.243434466019417
A3378,2024,7.87357172020689,-7.87357123169359,1015.99700456857,1102.82903413499,-16117414,75.0942857962288,81.58,0.765810276679848,18.42,5,45.68570237599,0.039509450660598,0.0157405651431822,0.0733927555471269,0.766293697452431,0.00265503508439219,-0.0465956586300622,-0.0376479777282885,0.0720903502346415,0.0117995925160058
A3379,2024,4.63750015834978,-4.63750015834978,1091.03303907904,1144.09022507873,-8222166,-31.0930968611033,83.66,21.2288074192146,16.34,5,97.6490204251771,0.194143484626647,0.0676427525622255,0.279648609077599,4.09106881405564,0.0108345534407028,3.36789017503227,3.19970435859894,3.27340149354643,3.47507080251315
A3380,2024,0.0,-0.652820066744647,918.548727159144,924.584600968296,-2318862,,91.8,8.52346613074831,8.2,5,29.4789495623176,0.0233651257244558,0.0104504175603523,0.0413453201296034,0.50714187924976,0.00219048053666773,0.326302305085909,0.365592319161955,0.671761456361314,0.654588029936567
A3391,2024,0.0,3.8867991128237,983.726946432444,946.921990891347,3394153,-100.0,88.93,6.83565593464682,11.07,4,94.5060441850771,0.160597149966071,0.0576792580864058,0.173942546935083,2.5335896855915,0.00904772675865189,0.683750474064469,0.731504290601674,0.555038474065222,0.496918782974367
A3454,2024,1.98217083847258,-1.98217083847258,1007.0865900302,1027.45245293138,-28860057,-48.4798175439371,88.97,0.383617285343567,11.03,5,1.83409754064193,0.00565083771190641,0.00244238759158953,0.00934596285047361,0.110844741656678,0.000441612516560469,0.0609021071526685,0.0642861649107312,0.177762780478413,0.12849156749737
A3457,2024,15.386141633137,-15.386141633137,870.026768615523,1028.23200053509,-44940411,10.346029116353,88.16,2.38067587968877,11.84,5,27.3947478115882,0.0190597204574333,0.00927102451880089,0.0407077980140242,0.661489952468351,0.00155301425949456,0.0591119780947438,0.0864539228171017,0.299161217525165,0.185282896172178
A3458,2024,11.7310399973298,-11.7310397103342,817.836287586288,926.527609368518,-40875328,-15.591277567099,87.92,-1.99531824768698,12.08,5,13.3555648186744,0.0146510388918487,0.00547564079796365,0.0249807612620612,0.351210560587225,0.000858343692653762,-0.0817021843367074,-0.110875093433249,0.0450615038210273,-0.0417722433393682
A3466,2024,4.38271955359669,-4.38271955359669,882.120412105602,922.5533376261,-3014032,-55.543375428521,77.05,-1.14190402874006,22.95,0,86.8945393914131,0.152295229522952,0.046984698469847,0.13033303330333,1.89126912691269,0.0054005400540054,-0.0103996173675945,-0.0172762730818537,-0.230359396240967,0.146783006912589
A3473,2024,6.46891690711574,-6.46891675993401,1134.80239181988,1213.28905055787,-43951901,-2.6668871754967,95.6,1.82128022153583,4.40000000000001,5,10.0708628595248,0.0122366288492707,0.00522690437601297,0.0261750405186386,0.265498379254457,0.000567260940032415,-0.018841027697483,-0.0725523969162698,0.0333400639106333,0.0238763125253878
A3476,2024,0.0,0.0451912093620973,1081.1272651648,1080.63891137191,86884,,74.51,5.50835457377513,25.49,5,61.0087536473531,0.0649775545917979,0.0274670927489919,0.0752491820741079,0.826143194095716,0.0040325648634254,0.177698318310508,0.137505913677523,0.224472557798969,0.191927749391799
A3477,2024,12.7067353427109,-12.7067353427109,754.156443665549,863.934287056792,-17288693,13.2197858445315,79.47,6.85760387252924,20.53,5,50.5960817007086,0.0702510778594978,0.0180065939639868,0.0758305858483388,0.707752134584496,0.00219798799560402,0.205196269056274,0.16989375833348,-0.301876060557165,0.15721001008558
A3504,2024,3.49611958609884,-3.49611958609884,901.531181584218,934.191638426961,-22436950,-1.67129803466619,94.52,7.15338397007142,5.48,5,6.4360150062526,0.00946001418069187,0.00391834906892563,0.0183229465984998,0.237993058924506,0.000485128932343173,-0.00629928107110442,-0.0372633154598529,0.234673913666529,0.0725481051849881
A3507,2024,0.0,-1.35989062169092,894.70988491884,907.044700738731,-981802,-100.0,75.81,0.663922453857389,24.19,5,78.8661942476032,0.0965732087227414,0.0309968847352025,0.157009345794393,1.85482866043614,0.00342679127725857,0.0518392339210902,-0.0115272286125091,0.155978436970112,0.111465304860412
A3509,2024,8.87153709173261,-8.87153709173261,828.094593081831,908.71124855405,-8641783,-8.17977071566645,91.63,0.0655236431145597,8.37,5,54.7061275531471,0.0388469981865038,0.0178486207883936,0.0906748114918393,1.04591008876587,0.00362699245967357,-0.107917134190133,-0.1191064668358,-0.0586282294261462,-0.0826748685655717
A3521,2024,0.0,-1.60407064213549,1153.54830860061,1172.3536899633,-9428266,,90.43,3.78744404912202,9.56999999999999,2,13.1721550646103,0.0106824381633542,0.00518075327235633,0.0273250349586227,0.347683561424019,0.00105448960410792,-0.0297559424675256,-0.0293638039504606,0.234697764241014,0.0629794791166278
A3527,2024,0.0,-0.174630196296576,1072.13625818212,1074.01180710912,-181088,,68.82,4.65328467153283,31.18,5,88.5118799499792,0.103930131004367,0.0425036390101892,0.156186317321689,1.55050946142649,0.0110625909752547,0.272788179697314,0.351716519667915,0.243064879098999,0.341168739776207
A3531,2024,0.0,-2.47796161892052,1470.69173306773,1508.06090344504,-3826902,-100.0,82.45,9.29215270413574,17.55,5,67.002917882451,0.0610098739664446,0.0284980332343261,0.100104358994943,1.10612507024163,0.00409408364774825,-0.311298592024288,-0.400979764478476,-0.157322679035701,-0.321991587569174
A3547,2024,0.0,-2.15735899491393,897.636538553755,917.428770659506,-9905933,,85.02,-0.0705218617771536,14.98,5,14.0225093789079,0.0162004050101253,0.00662516562914073,0.026025650641266,0.245331133278332,0.00097502437560939,0.0524711715923739,0.00480875658255094,0.119014753584063,0.0518196094437246
A3554,2024,5.77316155026093,-5.77316155026093,817.836658523344,867.944496471227,-7383891,42.7481000148473,79.78,1.69534735500318,20.22,5,50.6877865777407,0.0589018302828619,0.017720465890183,0.0656405990016639,0.766472545757072,0.00299500831946755,0.0828061016071019,0.0772639659972653,-0.297800443009785,0.0482009827573896
A3555,2024,3.13003297549547,-3.13003297549547,880.83691403042,909.298249071975,-3465566,,85.1,4.88045353709637,14.9,4,65.88578574406,0.063914373088685,0.0235474006116208,0.102752293577982,1.20203873598369,0.00377166156982671,0.0327056428835778,0.0860703363914373,0.122706834869892,0.111543201424072
A3560,2024,7.09597098297919,-7.09597098297919,1056.94648654119,1137.67561829589,-39888264,4.03371851131467,82.27,2.10996648876753,17.73,5,18.7494789495623,0.0173856272366767,0.00793113453912371,0.0262114324402747,0.31519005706548,0.00149917787020021,0.0125222085858014,-0.0104107131866102,0.211194642993108,0.0308077657385962
A3563,2024,4.27492777627467,-4.2749275654868,1015.07849856052,1060.41026947767,-20280709,33.3794357550258,79.86,1.77137759653371,20.14,5,19.6665277198833,0.0210004530554593,0.00892785758068385,0.0316605815100072,0.298190443194841,0.00122591477227301,-0.0261954094357782,-0.00642272739386515,0.0327112032689312,0.0492175998720784
A3566,2024,0.0,-1.11368358693611,1115.7731234747,1128.33925253514,-8629764,-100.0,88.22,6.18680789600385,11.78,5,11.1129637348895,0.0130287346064608,0.00528288416919507,0.0189362841334999,0.249205782616455,0.00108870248081385,0.0327166936193165,0.0145442218753857,0.0542428838968901,0.0847893940701366
A3578,2024,3.42768601017405,-3.42768601017405,1050.97289612733,1088.27556543592,-4631201,,85.98,1.39150943396227,14.02,5,62.1759066277616,0.0562894321766561,0.0229692429022082,0.0725552050473186,0.851143533123028,0.00699921135646688,0.0199132492113565,0.0332164655054176,0.0543499752982342,0.144292913749327
A3579,2024,0.0,-2.62965977058033,961.500167869733,987.467195456326,-3712454,,82.81,7.58737170326102,17.19,5,69.2205085452272,0.0569322892676186,0.0249654537079687,0.114325195762322,1.27333026255182,0.00469829571625979,0.122998831679484,0.118189531867439,0.262941787216315,0.219400521318083
A3588,2024,3.26358737857026,-3.26358737857026,1140.56790055804,1179.04713401101,-16852519,,80.2,5.86061246040126,19.8,5,21.9091288036682,0.0215975960936522,0.00920245398773006,0.0390321772880932,0.495836985100789,0.000719919869788406,0.137442228903353,0.108455324060014,0.344369842153145,0.264026064315471
A3591,2024,5.45481933714099,-5.45481933714099,1179.05560810059,1247.08165961945,-14672403,128.288496330867,85.71,-8.40012824623277,14.29,5,41.6340141725719,0.0281522386443614,0.0135347301174815,0.0607980076877267,0.81024308375291,0.00303177954631585,0.0243083752909968,0.0440911550712948,0.125883972738678,0.0548102221806949
A3599,2024,0.0,-0.517951000848923,990.022203583782,995.17673142441,-792787,,83.58,-3.31983805668017,16.42,5,57.7824093372239,0.05325,0.02125,0.0728333333333333,0.923666666666667,0.00408333333333333,0.066414453125,0.0722883858267718,0.143387644066705,0.100831171383648
A3613,2024,3.53256196707655,-3.53256196707655,861.495393495394,893.04267954268,-2273676,,80.65,-6.93514885760442,19.35,5,95.3897457273864,0.132598939208486,0.0534475724194206,0.191554467564259,2.77947776417789,0.0116279069767442,0.58959925925383,0.813593898028477,0.689287942891357,0.540128691018665
A3617,2024,0.0,2.00596010590087,906.694779116466,888.8645116179,1989002,,90.42,-2.49110320284698,9.58,5,59.7248853689037,0.0507977857375448,0.0184521871268859,0.126234668403343,1.305655052643,0.0022793878215565,-0.0323438192290651,-0.0875982365344067,0.136245026153283,0.0687408720195606
A3621,2024,0.0,0.753738079233306,990.29002411091,982.881670685152,1474855,-100.0,89.26,1.61657559198543,10.74,5,45.9524802000834,0.0417094719539758,0.0151359495924937,0.0662283405246216,0.759057598794603,0.00301349222655982,0.222544416460173,0.274646719489695,0.423072162278502,0.26873922552364
A3623,2024,0.0,0.920355250806795,931.40413113287,922.910079753632,1290824,,82.25,-2.24625623960067,17.75,5,59.0454355981659,0.0709549642641867,0.0256608972703005,0.081374321880651,1.00275553259278,0.00241109101868596,0.166978788885273,0.116734031034659,0.245600398700835,0.123799795307049
A3630,2024,3.32055619973337,-3.32055619973337,959.696353820137,992.658124722777,-19023952,205.896219171721,87.19,7.85502226620484,12.81,5,53.8224260108379,0.0440416393681299,0.0189997816117056,0.0782558054888258,1.04076581495232,0.00320302831768217,2.46115471740126,2.65525398558637,2.78157230761855,2.81723247544682
A3631,2024,1.44548076238998,-1.44548076238998,984.043206184037,998.475984456439,-6224915,-46.6979690150421,82.59,-4.53126806149578,17.41,5,21.417257190496,0.0214982895521451,0.00734394124847001,0.0348680287480777,0.340708658946113,0.00153783385117534,0.2073305048175,0.183658907410355,0.28645347408774,0.210847042766579
A3632,2024,0.0,0.97139182420767,1087.4056671199,1076.94431806296,2400503,100.0,89.59,1.54142581888247,10.41,5,47.4197582325969,0.0359021266864853,0.0178367253601646,0.0704321975760347,0.834381431511548,0.00302995655156643,0.134744572725572,0.140715258652402,0.270407017546287,0.121402566235584
A3633,2024,4.21940180999367,-4.21940180999367,1043.06131140592,1089.01106394923,-16043448,-6.16046948051447,77.33,-7.79778228210326,22.67,5,21.3588995414756,0.0213134749951852,0.00940489182769468,0.0387430185529948,0.355909353534057,0.00102715542145471,-0.0744225843881959,-0.099852853228275,-0.0661431553407059,0.0408743008475871
A3644,2024,0.0,-2.27834798693504,995.988957460567,1019.21011049568,-9910881,,76.55,-3.43131071023086,23.45,5,18.9245518966236,0.0218442507731234,0.00761877987067754,0.0280011245431543,0.325217880236154,0.0012369974697779,0.0169299309524616,-0.00376050124857364,0.00443073518229352,0.0183190149553891
A3664,2024,2.69981715369125,-2.69981715369125,895.04309904206,919.878126494205,-6025077,,77.41,4.53747467927076,22.59,5,69.7707378074198,0.066740699611327,0.0288728484175458,0.113270405330372,1.1776790671849,0.00399777901166019,1.15887475846752,1.27129329360904,1.40836917876564,1.37304433633589
A3667,2024,0.0,0.938379123523363,1036.67448530567,1027.03698465085,735881,,71.85,-11.2195724700358,28.15,0,82.9929137140475,0.0948463210183173,0.0339956535237504,0.141881403290903,1.93231915554176,0.00527786401738591,-0.0106440317384379,-0.0676105889154148,0.149635043170846,-0.00133698103980236
A3671,2024,0.0,-0.600578214642477,1090.14640518155,1096.73314552634,-1094242,,82.96,3.38983050847457,17.04,4,57.9741558982909,0.0491728982551552,0.0216028400936627,0.0882241861167762,0.899539240123876,0.00377672029609487,0.00110235800642489,-0.00310093914444707,0.177053047284966,0.0914885009836009
A3675,2024,0.0,-1.34579887319036,902.744985494438,915.059850653551,-7691717,,81.63,-3.075279031109,18.37,5,9.87077949145477,0.0135909782586038,0.00535718008046193,0.0207199883267671,0.242740708315094,0.000729577053759406,0.0933490376848055,0.138105575542705,0.213097563811073,0.191662621458456
A3677,2024,0.0,-1.21508561705613,865.520438652824,876.166613150665,-4774426,,81.6,3.14751611679939,18.4,3,23.7849103793247,0.0239192534755285,0.0104361074081127,0.0426966292134831,0.487450009521996,0.000761759664825747,0.494833345965636,0.566338176931684,0.670669640118858,0.636572745606454
A3692,2024,3.03057026103448,-3.03057026103448,841.225555989923,867.516245330553,-2421057,,84.34,-4.03913983388326,15.66,5,78.3076281784077,0.0772457688413135,0.0341385794879213,0.12382467814263,1.71054534934182,0.0046289599305656,0.0491752744924594,0.078104769507441,0.252311105786026,0.125865616192584
A3694,2024,4.44050222321048,-4.44050222321048,948.071462859337,992.126878977397,-6424337,20.7372668238199,79.07,-3.21909424724603,20.93,5,51.8549395581492,0.0518722645485492,0.0188036958988491,0.0791862538498946,0.932241854433458,0.00235046198735614,0.0419037335437519,-0.0439225415781839,0.0867807957670163,0.0076139861611725
A3696,2024,4.250444271284,-4.250444271284,815.039481204375,851.220117943522,-5570805,,90.9,1.82592136215975,9.09999999999999,5,54.6811171321384,0.0432016962629208,0.01775775245163,0.100008834702712,1.23058574078982,0.00238536973230851,0.169453512129823,0.111462057106656,0.257037309137347,0.20829883057486
A3698,2024,3.6499734272602,-3.6499734272602,927.899656493592,963.05075307174,-5321173,,76.2,1.66777851901268,23.8,5,62.0842017507295,0.0600644864117918,0.0240442192538001,0.0920313219714417,0.970152003684938,0.0037770612620912,0.117571528148604,0.123399355135882,0.117056181679946,0.132658660165598
A3712,2024,0.0,-0.851880542012327,1017.07947690646,1025.81822274241,-1164735,-100.0,77.6,6.65200659703132,22.4,5,44.4268445185494,0.0407530141718959,0.0163576112247056,0.0784037227666925,0.865472749065783,0.00162165973348375,-0.304694733629419,-0.3344908869128,-0.19906633695437,-0.218285324264224
A3714,2024,2.75983652381082,-2.75983652381082,939.673039443956,966.342513064625,-6185291,-50.9551248214624,79.26,-2.80809319435928,20.74,5,59.3330554397666,0.0583141897861813,0.0216469340872946,0.0865877363491783,0.972079872769041,0.00344583848736526,0.657409332349303,0.499535107903736,0.630991205921282,0.748674169718463
A3715,2024,0.0,-2.7125201522691,851.281304347826,875.016297760211,-3602972,-100.0,77.05,-1.92209775967414,22.95,5,83.6932055022926,0.105538540071465,0.0446656457376212,0.145610005104645,1.4382337927514,0.00510464522715671,1.15332666436134,1.75619716380931,0.708164254840415,1.03307567833749
A3720,2024,2.31777661785965,-2.31777661785965,816.989629296726,836.374931906085,-2846848,,80.95,0.024712714691704,19.05,5,49.5623176323468,0.041641363754663,0.0212544460831092,0.0781643098811486,0.977444261299558,0.00190856250542205,0.117559231643784,0.130921352891698,0.214535777214335,0.133382493276655
A3722,2024,6.06038410840107,-6.06038315283385,914.524270670537,973.523526456798,-6342184,,75.95,0.462962962962974,24.05,5,52.6469362234264,0.0529926661935179,0.0196356754199196,0.0821701758536393,1.00725494834792,0.00205031148963016,-0.319902143608119,-0.336240073918342,-0.24789615509705,-0.193778274592661
A3723,2024,0.0,-2.05440317227469,923.281157683518,942.646926035338,-4169295,-100.0,78.34,-2.92441140024783,21.66,5,44.060025010421,0.0323220686123912,0.0179851510496672,0.0588197644649258,0.69758064516129,0.0032642089093702,0.164438218825121,0.169099981819126,0.210142559934124,0.214367542307518
A3724,2024,0.0,-1.53396139071914,845.619050013408,858.792596875838,-1571973,,77.05,-0.78547514808138,22.95,5,66.3026260942059,0.0615145228215768,0.0264522821576763,0.0925311203319502,1.28724066390042,0.00383817427385892,0.0263429780834887,0.0479740787885801,0.18302413695247,0.0133584367631199
A3730,2024,0.0,-0.480632604533598,904.831077428476,909.200993845642,-420351,-100.0,89.17,3.34955957348169,10.83,5,74.0975406419341,0.0796642995480955,0.0392511297611362,0.118915429309232,1.20890897353131,0.00374435119431892,0.0768786259317604,0.107876958328408,0.13940203783974,0.0406398267934519
A3731,2024,0.0,2.83977672378245,1026.72759407704,998.375946337119,2037236,-100.0,82.11,10.8097165991903,17.89,5,85.9358065860775,0.102811512227583,0.0352686740974879,0.189818665779404,1.94826152054567,0.00515721177840626,0.0744072167866765,-0.00382631841623679,0.195428833387381,0.0427836428321777
A3738,2024,0.0,2.06195806012651,1119.30392632649,1096.69062557774,3914091,,80.18,8.32207511483384,19.82,5,59.8499374739475,0.0580500320718409,0.0261385503527903,0.0965362411802437,1.08009942270686,0.002325208466966,0.0973966744485366,0.115451036356943,0.41643368243693,0.227900125911672
A3739,2024,10.3540166017035,-10.3540166017035,805.891729825478,898.971375264977,-12821535,-37.6220894117757,79.0,-4.25402981456794,21.0,5,31.9049604001667,0.0293190770962296,0.0129431626336522,0.0508722566122679,0.614237478897017,0.00135059088351154,-0.283928327685916,-0.271693314354442,-0.198769088606947,-0.337910846199294
A3759,2024,0.0,-2.39075309295038,914.154529910334,936.545008672034,-5473666,,92.86,2.43794815223386,7.14,5,33.1137974155898,0.0345265941218346,0.0112376690735279,0.0509000305095088,0.631292586189362,0.00152547543984542,0.0313427792522218,0.0174835305151588,0.278907375283382,0.0421461523012192
A3764,2024,6.0632437730029,-6.0632437730029,1050.10740249068,1117.88765619403,-12866590,-4.12498500391575,83.95,3.10734463276836,16.05,5,69.5206335973322,0.0654334621755936,0.0274249953984907,0.110620283452973,1.58991349162525,0.00312902632063317,0.511083121395204,0.485739733591522,0.630630285530334,0.585056398498708
A3770,2024,14.7874854810084,-14.7874854810084,1004.25773681378,1178.53315617151,-15542579,-7.82057149709722,56.45,-14.1575425790754,43.55,5,75.7148812005002,0.0590770791075051,0.0295385395537525,0.105476673427992,1.88463488843813,0.00633874239350913,0.00471590829972012,-0.0413518516878217,-0.0937168236252208,-0.0623174199559382
A3783,2024,8.67008524352971,-8.67008524352971,933.634638848219,1022.26596984979,-13075603,25.9328036213041,88.72,-2.49477964611495,11.28,5,25.994164235098,0.023489932885906,0.00968360498561841,0.0456375838926174,0.61150527325024,0.000910834132310642,-0.392031084422466,-0.443690468723399,-0.374190807513656,-0.426896367338265
A3791,2024,0.0,2.28547947433034,947.93236345074,926.751644830129,2987498,,86.23,1.10212217141517,13.77,5,53.9641517298875,0.0389886779603303,0.0193240827445305,0.101642972673874,1.05499276410999,0.00263897165233677,-0.0102096744152866,-0.0293364590631977,0.13152522578235,0.0960655970722175
A3797,2024,0.0,0.963601026851165,1057.57757178898,1047.48400515917,1424283,,87.73,2.92116377287659,12.27,5,61.7173822426011,0.0505884419462498,0.0220446161953276,0.126910240646408,1.29843667662041,0.00228350606007377,0.0757133613850834,0.0327595292464429,0.154853405973785,0.158647142671669
A3799,2024,0.0,-2.60759000001565,1649.64840193327,1693.81618334892,-5665843,,83.7,1.57766990291262,16.3,5,66.8195081283868,0.0577208126253379,0.0245880198796756,0.136367599616357,1.37631877234284,0.00279012991542419,-0.0952558842157451,-0.120916613666446,-0.00983594613736254,-0.0352285639319273
A3825,2024,0.0,0.743352775445814,1031.21720532319,1023.60818546684,720422,-100.0,71.52,-3.93552719946274,28.48,5,92.997082117549,0.114359139094121,0.0507548988114359,0.187761002248635,2.06553164150337,0.0101188564086091,0.242828660403055,0.376137978083262,0.291468789243333,0.316830495770425
A3832,2024,1.94388941598639,-1.94388941598639,962.543417262614,981.625124155741,-1536917,,85.23,0.983412322274879,14.77,4,88.837015423093,0.10615063433435,0.0430383812429741,0.148546651678176,1.95712220973181,0.00802954873936085,0.162288837931746,0.119665174042025,0.134779221814092,0.192637710602769
A3834,2024,4.48452238098551,-4.48452238098551,1074.95330281551,1125.4231561331,-51267277,-21.1775900183358,77.05,17.1684914841849,22.95,4,6.27761567319716,0.00881846271635996,0.00406059446009133,0.0143556369801209,0.171652402176588,0.000861338218807252,0.139668502198275,0.130688556074773,0.256192257650918,0.18210571047396
A3840,2024,2.64963556900343,-2.64963597086237,1080.58600970631,1109.9968864861,-6593448,191.020289950305,87.65,2.33508464681845,12.35,5,32.0550229262193,0.0268987341772152,0.0133097542814594,0.0589166046165302,0.55891660461653,0.00134959046909903,-0.135073748883418,-0.127533931627281,-0.0763662089831035,-0.115919672734123
A3864,2024,6.79126687302806,-6.79126687302806,875.05545587289,938.812734082397,-30914119,27.8832898418475,84.21,8.49007987632052,15.79,5,15.5648186744477,0.015779779979093,0.00614764298870028,0.0316342276867938,0.35743441684504,0.000846234257553885,0.130492535168853,0.0991224008912552,0.19745419509499,0.137199825545008
A3873,2024,3.56962771233384,-3.56962735615629,1091.76874344705,1132.18347447375,-10022045,,81.54,-3.20512820512819,18.46,5,27.411421425594,0.0251625545559811,0.00939698940055224,0.0422196490603011,0.602431638015498,0.00133606484368041,-0.0511237410595807,-0.0752914954170856,0.0365736719059345,-0.0130440635394555
A3891,2024,9.24877280227703,-9.24877280227703,988.137644305772,1088.84218408736,-19365483,12.915147418083,89.09,9.2726603704158,10.91,5,33.8307628178408,0.0237509300062954,0.0111600755451268,0.052423739483775,0.805242373948377,0.00183139701253362,-0.104450227409684,-0.114652422719523,0.0572723508826505,-0.0365935490510391
A3894,2024,5.06109838308312,-5.06109838308312,856.744269319949,902.41645387573,-6224388,8.27681510659661,92.15,13.5971400394477,7.84999999999999,5,50.4210087536473,0.0457583143328878,0.0182404277065807,0.0639201195062505,0.918861545719003,0.00322352386193883,-0.107083890242944,-0.103218452538368,-0.0953176788269859,-0.116860343999408
A3899,2024,9.09657466332799,-9.09657466332799,913.829500321729,1005.27510040161,-16485447,31.6093967758847,87.3,6.72371638141809,12.7,5,28.6952897040433,0.0265469639926634,0.0124529394729221,0.042668211217299,0.658316439810793,0.00101361135244715,-0.29537978787671,-0.248672651800367,-0.102062114102276,-0.238711951166886
A3908,2024,0.0,-3.10462031441764,862.685117820622,890.326371205691,-2735489,,82.54,3.75864236329354,17.46,5,94.0892038349312,0.128933231005372,0.0516116653875672,0.192824251726784,2.24040675364543,0.010552570990023,0.677148826658209,0.818980360902847,1.1594944480264,0.809125829341059
A3919,2024,2.23587302804525,-2.23587302804525,881.232477728759,901.386331595387,-6633117,-42.4781415590308,82.45,-4.79214780600461,17.55,5,26.2692788661942,0.02326982453498,0.0100158144438587,0.0381052790119738,0.395662323970178,0.0019579787634611,0.03775850003398,0.00256840420333293,0.12326162504193,0.076326969579202
A3922,2024,1.35264211214803,-1.35264211214803,926.069004567236,938.767164570231,-1356773,-31.4007905649941,89.25,2.65700483091788,10.75,5,74.7644852021676,0.0808804709495777,0.026106987458408,0.133990273867417,1.30253391348861,0.00486306629127208,0.274618961654937,0.217050347275732,0.341246902475146,0.24535427819988
A4502,2024,0.0,-0.77825027702468,1129.46581808539,1138.32483426147,-668147,,86.88,19.9502968383266,13.12,5,78.7411421425594,0.101116625310174,0.0288461538461538,0.15136476426799,1.35933622828784,0.00465260545905707,-0.0414509953628331,-0.0146843645484949,-0.092186994496963,0.0374346166023092
A4513,2024,0.0,1.05364728576316,995.237593351,984.860635991327,2067588,,69.71,4.09138420188143,30.29,5,62.2426010837849,0.0648416177321975,0.0282027954677033,0.0854354478537755,0.876933256140931,0.00363907038292945,0.422232788408728,0.402033580675882,0.327310828164451,0.465465058020753
A4516,2024,3.44622836248603,-3.44622780127805,1074.34949419258,1112.69551642313,-6140732,110.518533704314,79.77,4.12478788669886,20.23,5,55.6398499374739,0.043174405963659,0.0184034788010561,0.0826991768908216,1.06033545581612,0.00380493865507066,0.0591221462960087,-0.0732285864147427,0.160611602515266,0.112520681056465
A4527,2024,3.93305871188046,-3.93305871188046,897.754647297056,934.50945274145,-42763187,15.7924249995302,85.05,-0.827891791044785,14.95,5,2.35931638182576,0.00650246096401901,0.00258825526137135,0.0101620841819416,0.124459012219959,0.000487949762389681,0.0472634638329353,0.0678590515809392,0.243128462841081,0.0947500377159238
A4542,2024,5.43697670960304,-5.43697670960304,949.016954889656,1003.58144427689,-26920373,179.334116952212,57.29,-26.2012108720855,42.71,2,8.39516465193831,0.015371399327387,0.00429521859921041,0.0148047960228104,0.224429741190232,0.000657990934347127,-0.216877680364076,-0.197301738691196,-0.464841411710056,-0.184069190775034
A4546,2024,7.71323347211486,-7.71323347211486,889.624360914901,963.978254288597,-8842165,25.5356497129501,88.12,-2.7373068432671,11.88,5,61.6340141725719,0.0651844365841334,0.0225366346639717,0.0852956038403234,0.905608893380495,0.00404244567963618,-0.0940003274210911,-0.0496253211916614,-0.392542024272322,-0.00438229204051252
A4548,2024,9.88304425151978,-9.88304425151978,790.339113345763,877.014882251048,-52440227,33.7603280878715,92.5,5.75054304332914,7.5,5,8.47019591496457,0.01044947036931,0.00437609913704961,0.0190789742750808,0.282074352787207,0.000654369964418633,0.116189400592953,0.0762642258134986,0.197005699758051,0.141072034402162
A4551,2024,0.0,0.653141890436106,1051.33392321683,1044.5117792361,1110263,,87.58,4.81091431306845,12.42,5,58.3409754064193,0.0477465417224453,0.0214933809311319,0.0838911200356983,0.900416480737766,0.00423917893797412,0.0410588405784625,0.0263846203803215,0.128599659128057,0.0713101411715075
A4556,2024,8.3356640139948,-8.3356640139948,829.045380223922,904.436137900454,-27204001,4.32980966483494,97.41,7.22069345074299,2.59,4,24.4935389745727,0.0211580025025594,0.00947939180222197,0.0362871118189057,0.498047245288742,0.00140294998672885,0.165240174454143,0.212958772309849,0.315555223632509,0.245608963920656
A4559,2024,0.0,0.271449354610255,1158.25740642899,1155.12183566112,1637972,,60.65,-7.77068126520682,39.35,5,15.8482701125469,0.014053737528434,0.00664399450462827,0.0259228395756852,0.323010743001284,0.0012837548703858,0.0145726402782601,-0.00609495266158744,0.168270493879352,0.030568997633543
A4566,2024,3.60587738447882,-3.60587738447882,889.962293461376,923.253689450643,-5657673,-19.6240124142475,85.4,0.435140538633429,14.6,5,54.005835764902,0.0484351172754339,0.019533802919178,0.0755936388061869,0.784982935153584,0.00392128385738145,0.0520523479366482,0.0722392129511574,0.116157462614965,0.112845231572993
A4573,2024,6.48794655857637,-6.48794655857637,994.184224556166,1063.16157967692,-15525699,35.5376096222918,90.02,6.1681802099304,9.98,5,30.454355981659,0.025076648515078,0.0103875898046035,0.0441129364389329,0.453255845879284,0.00247105660550039,-0.072262926632508,-0.0937673396979181,-0.0692226952969415,0.0202544374661699
A4575,2024,1.9789096070056,-1.9789096070056,1027.43420344818,1048.17667231502,-3084737,-2.81587062350588,85.21,4.52649656526006,14.79,5,69.5206335973322,0.0586727428083167,0.0251590240197475,0.108800911421248,1.11440235450489,0.00617108136333428,0.180407957180956,0.159092136344722,0.254841757166917,0.231387849537461
A4577,2024,8.30867322243196,-8.30867322243196,1079.25877192982,1177.05655470334,-8874562,-52.69007135489,81.34,4.7655847501288,18.66,5,87.4531054606086,0.085078318219291,0.0390766694146744,0.154163231657049,2.64666117065128,0.00725474031327288,0.28415617240375,0.191523282716804,0.336497614187978,0.339979721598393
A4585,2024,5.87722069911642,-5.87722069911642,1046.26427484452,1111.5951766574,-7899290,,96.71,7.7788922322523,3.29000000000001,5,69.0704460191747,0.0640729865771812,0.0292575503355705,0.117030201342282,1.43110318791946,0.00293624161073826,0.0446592439347537,-0.0366043229372286,0.180982450571377,0.0999965566462986
A4588,2024,0.0,1.90990190732379,875.52413428002,859.115864007225,4215219,-4.06981969081389,86.7,0.896078203188637,13.3,5,29.0454355981659,0.0267790417670016,0.0117080461678984,0.0479531678153284,0.428174043012538,0.00170223366270863,-0.0842081051949365,-0.0951413272116673,0.0358627995041725,-0.107320507312565
A4592,2024,0.0,-0.0232119170399805,1322.90107341558,1323.20821540881,-101578,,81.59,10.0337154416723,18.41,5,51.1463109629012,0.0383636153223007,0.0184006480731397,0.0632449947922694,0.911584307371832,0.00422404814257609,0.516931475297857,0.550831378886024,0.593711209792419,0.618414165714898
A4597,2024,4.47961859069553,-4.47961724781094,1003.4809830145,1050.5412081711,-3335817,16.6635482412255,72.79,-4.4750656167979,27.21,5,98.4993747394748,0.196018893387314,0.0769230769230769,0.339068825910931,4.17139001349528,0.0138326585695007,1.06029110896595,1.31828885400314,1.0910048209196,1.4545092581567
A4604,2024,2.64675317902028,-2.64675317902028,971.762087290865,998.18148754485,-78139392,86.3934579442373,84.31,1.87288545190913,15.69,5,0.0416840350145894,0.00199858243620202,0.000742243705377921,0.00332488676220519,0.0354330109845984,0.000103427401569055,-0.260371454004281,-0.256335169478856,-0.190620050937445,-0.147254770897527
A4613,2024,0.0,-0.0893904025686509,933.363522261858,934.198606156692,-75849,-100.0,85.92,10.0550787754579,14.08,5,75.8065860775323,0.0821274931560422,0.0288098031547386,0.119932212227871,1.45535132316517,0.0046929996089167,-0.0195220888042845,-0.0519069561816667,0.0984796734181446,0.0327268650202016
A4614,2024,0.0,0.0992676521094986,972.66331304803,971.698730532653,176889,,89.81,6.54881955154822,10.19,5,37.7157148812005,0.0346660075387753,0.0121732682444541,0.0507322498918618,0.679602051535562,0.00253352283260211,-0.043743813704759,-0.0508577280012913,0.060412349557531,0.0187782429006997
A4617,2024,4.33675189858803,-4.33675189858803,1085.31287932367,1134.51393389146,-35896499,,96.51,3.88589881593111,3.48999999999999,5,9.37890787828262,0.0135121302078002,0.00428225338656294,0.0242433548299041,0.172893847886171,0.000904220834612891,0.0586649542577878,0.0626805046924081,0.325570372967375,0.115799947239471
A4618,2024,1.15703684823221,-1.15703742931583,843.755456349206,853.632301587302,-1991172,-48.3356745909632,82.91,7.70329955832683,17.09,5,38.7077949145477,0.0381765666206204,0.0158231822177571,0.055569508979028,0.840512369709908,0.00131859851814643,0.125204068818285,0.0718929889448375,0.304323647804033,0.0931706684398951
A4620,2024,0.0,2.60693197005986,1130.22010948823,1101.50463305737,5119510,,81.42,0.979784199429501,18.58,5,41.0504376823677,0.039025602783992,0.0194506587124037,0.0564876957494407,0.710912254536416,0.00167785234899329,-0.105241696663936,-0.169602193993731,-0.0357838811714875,-0.0807911328045557
A4626,2024,6.39175460538398,-6.39175460538398,865.08304727452,924.152614577557,-26844283,-1.41766976729138,83.86,-4.20379255197625,16.14,5,18.3409754064193,0.020749844153531,0.00733220530174845,0.0318520497521299,0.28040490396889,0.00121708671000683,0.111481397366865,0.156991445760481,0.140501999592507,0.164352293593544
A4629,2024,3.99739003181948,-3.99739003181948,1129.88318406873,1176.92965268676,-12922724,-28.008769045661,87.29,8.84039900249377,12.71,5,94.6561067111296,0.128607277289837,0.0506064408197407,0.192597239648683,2.43370974487662,0.0123379339188624,3.19945874060537,3.10773556866619,3.83027972428907,2.97524870654494
A4638,2024,0.0,0.188616413212735,941.536312022387,939.763763319341,131750,-105.747891167444,81.53,-0.0857843137254818,18.47,5,91.0796165068779,0.130533484676504,0.0501324252743095,0.208286038592509,2.11293984108967,0.006053726825577,0.161672994376818,0.180685331365297,0.221309198927717,0.196775253285712
A4641,2024,2.40886949955126,-2.40886949955126,1158.13047490528,1186.71693725277,-49315764,,82.78,-3.74418604651163,17.22,5,1.09212171738224,0.00445355912471996,0.0019763514656812,0.00926583957711493,0.0812131549202353,0.000372257981549541,-0.0225151650565024,-0.0269717828449986,0.0794531784063299,0.0488784482560608
A4649,2024,3.72100042721327,-3.72100042721327,902.576266037668,937.459124048461,-3904229,80.0488187756292,91.84,1.50309460654288,8.16,4,70.6794497707378,0.0762909494725153,0.0267629094947252,0.116157690172127,1.08883953359245,0.00455302609661299,0.174200801534901,-0.00945374262975597,0.0582063488399257,0.144036722529488
A4650,2024,4.84828842646876,-4.84828842646876,1252.25685363616,1316.06340330351,-4450124,,78.5,7.06492089470814,21.5,5,91.4547728220092,0.100117096018735,0.0431303669008587,0.182669789227166,2.73790007806401,0.00839188134270102,-0.0922300123855072,-0.206728821431042,0.0965184160493413,0.15149329174435
A4652,2024,0.0,0.824522572700371,891.712624069479,884.420378411911,705306,,80.23,0.601880877742952,19.77,1,71.9132972071697,0.0883665966386555,0.0295430672268908,0.0965073529411765,1.12526260504202,0.00485819327731092,0.0233258173959239,0.0630228653961584,-0.0594611016655961,-0.0805564246975386
A4654,2024,3.25360679014429,-3.25360679014429,865.139949615487,894.234834924423,-3510938,29.430014948675,52.04,-27.6418242491657,47.96,5,57.4822842851188,0.0598490762425189,0.0202966432474629,0.0818804753230983,0.920981871801544,0.00338277387457715,-0.159438113554791,-0.112595458710925,-0.160421203622852,-0.0800111063138813
A4657,2024,2.95195278597609,-2.95195278597609,899.021955324357,926.367898306814,-2144797,85.3800391193226,73.07,11.1161800486618,26.93,5,89.6540225093789,0.102444903581267,0.0473484848484848,0.184056473829201,1.72865013774105,0.00774793388429752,0.160450415610334,0.263141620284477,0.132677423586514,0.199394928163169
A4671,2024,6.05399272603195,-6.05399252565676,976.405716606273,1039.32646299304,-30213284,329.108623407013,80.32,1.27348379775563,19.68,5,12.280116715298,0.0129601636137293,0.0054241508091766,0.0229637204339321,0.313178018851147,0.00095589542948604,-0.126934432654244,-0.161979171315824,0.0760620319705179,-0.0234928021638772
A4678,2024,6.29770018406092,-6.29770018406092,919.187257934186,980.965525648527,-8868641,,86.06,8.79898862199748,13.94,5,54.0641934139225,0.0449356327422881,0.0208080317383208,0.0917334628774998,1.22014411788519,0.00186219739292365,-0.0118290910000143,0.0201905069079162,0.189518709335877,0.0133032469100002
A4692,2024,0.0,-0.397658926039342,996.618238533836,1000.59720262377,-1861057,,89.99,1.43146979260595,10.01,5,14.822842851188,0.0153210179563364,0.00622658571244025,0.0239503940059424,0.245032941480429,0.00144684149334711,0.0476619594458307,0.0112234638074322,0.0881450336199928,0.110005359297998
A4701,2024,11.0740911517189,-11.074089637445,824.976328950326,927.711985839514,-7313135,4.50088501872707,91.35,20.4668337069761,8.65000000000001,5,83.6015006252605,0.103385930309007,0.0330374753451677,0.173734385272847,2.49424720578567,0.00394477317554241,0.018746409622975,-0.0393220404532622,0.19360071190066,0.106973548269095
A4707,2024,1.92905963540693,-1.92905963540693,916.91439939371,934.950145257042,-2855780,,88.79,7.04038577456299,11.21,5,44.3851604835348,0.0352870363403807,0.0167030321270032,0.0646302008878188,0.96320818599052,0.00218192762019412,-0.0339990777773372,-0.0854916642497607,0.154152925367319,0.0188715659674663
A4709,2024,11.7646930671021,-11.7646930671021,1049.6589708543,1189.61332752268,-42391055,30.7045496723665,82.35,2.42537313432834,17.65,5,23.6848686952897,0.0213005354232948,0.00838053852719795,0.0367812524249243,0.500116396368433,0.00131915884224412,-0.0484127174878161,-0.0428363214253236,0.0304006171525283,-0.0112932987672895
A4711,2024,3.99142092895301,-3.99142208791732,1030.50179131214,1073.34345922277,-3443956,-55.4136890825418,77.86,2.43389027759505,22.14,5,89.7207169654022,0.105592219520667,0.0455019103855505,0.136505731156652,2.14814171587357,0.0093782563390066,0.198919116218555,0.195361951658051,0.425780377948779,0.00599768208845883
A4723,2024,8.36372336273716,-8.36372336273716,1222.9067314077,1334.52250166003,-13447468,33.0822405174658,79.86,9.95456422965717,20.14,4,72.5135473113797,0.0644159072079536,0.0272369511184756,0.10149130074565,1.63287075393538,0.00486743993371997,0.148731275964217,0.055826213241292,0.12945383186436,0.101592064309546
A4733,2024,11.0680302906783,-11.0680302906783,1138.79722850679,1280.52626319759,-37586540,4.69841087499633,94.32,5.02171250417547,5.68000000000001,5,24.8020008336807,0.0216322107369123,0.00746082027342447,0.0368039346448816,0.56447982660887,0.00150050016672224,-0.0893869385033106,-0.0890379666150227,0.166215216234086,-0.0282354173812615
A4737,2024,13.5368854410845,-13.5368849948687,812.247350771294,939.414859993293,-30337081,47.2484890774213,83.96,-3.93592677345539,16.04,5,25.6273447269696,0.0231286985589737,0.0105253647739079,0.0371775760039752,0.617608528707594,0.0009938112662059,-0.0400865817277735,-0.0357407755516599,0.0302112393612152,-0.0668052891931466
A4744,2024,11.617809809525,-11.617809809525,795.379275784028,899.931619786615,-12935216,32.897957237881,77.97,-3.71696715238331,22.03,3,63.2680283451438,0.0705662862159789,0.0233757682177349,0.0854916593503073,1.16703248463565,0.00340210711150132,0.0794338440456124,0.181392991788463,-0.243549294819973,0.172099744550091
A4749,2024,11.3574339328223,-11.3574339328223,999.386353571587,1127.43391568133,-11565768,21.1926831514795,85.37,17.2664835164835,14.63,5,89.2788661942476,0.110164333536214,0.0450395617772368,0.148660986001217,2.19324406573341,0.00715155203895313,0.181206465138297,0.269710792124573,0.215920165189321,0.31180684833665
A4754,2024,0.0,0.505756955880009,963.192085052728,958.345187605074,507412,,85.55,7.20551378446115,14.45,5,86.4443518132555,0.0894423009470361,0.042792002806033,0.169414240617327,2.04822869168713,0.00561206594177482,0.256513097362227,0.228017869999446,0.573645716096742,0.396946914126241
A4756,2024,8.54381634663324,-8.54381634663324,821.687748223975,898.449635005873,-21956356,-8.78502762660463,86.2,1.07879924953096,13.8,5,28.1533972488537,0.0241359537090132,0.00974821456497941,0.0444143251837565,0.64609289475056,0.00130323724130741,0.237214177651695,0.276694738301369,0.461126208659806,0.244018631116356
A4757,2024,7.05183729451727,-7.05183808011056,857.734384515006,922.809409888357,-8976449,-2.38919236090012,88.32,5.19294902334445,11.68,5,48.4952063359733,0.049782752780028,0.01944178510936,0.0709183297739156,0.791148096325208,0.00220929376242728,-0.153472273363281,-0.133785582046149,-0.446720972972059,-0.0830076481989204
A4764,2024,9.91574994137125,-9.91574994137125,964.227184918732,1070.3615607514,-6373157,43.1114303761966,85.86,-7.45850398792843,14.14,5,94.5560650270946,0.154850746268657,0.0574212271973466,0.23030679933665,3.24896351575456,0.0068407960199005,0.255872178814195,0.113704732153188,0.144594018081936,0.419279832365267
A4768,2024,8.22982713655659,-8.22982713655659,802.301664355062,874.251011326861,-4980046,-32.1710907141991,86.22,-4.43360673908224,13.78,5,70.4793664026678,0.0849637433301409,0.0264058010671775,0.123819948009304,1.13298672869066,0.00355725817485292,-0.134150403660331,-0.0712886551495149,-0.196475168930567,-0.158782732488029
A4771,2024,0.0,0.961052959747869,1051.02002624751,1041.01531772508,3994640,,80.61,9.16847237269772,19.39,5,18.1992496873697,0.0169412314522725,0.00791564435097558,0.0333567005491296,0.377030026872298,0.000905479612104218,-0.000557457249181705,-0.00986002071424621,0.13920451181638,0.0838647435265509
A4775,2024,11.969703242905,-11.969703242905,1199.54477766413,1362.64993059614,-53582000,29.8345166014663,83.59,5.25056660790733,16.41,5,24.7519799916632,0.020117234920745,0.00797752419270924,0.0362110228573411,0.631611806735805,0.00131802573618674,-0.0649755124103294,-0.0706693519165614,0.0428203860562935,0.000315803978374208
A4776,2024,5.68241551839775,-5.68241551839775,884.976340512466,938.294110665113,-14823833,103.666911269389,81.59,2.82293635790801,18.41,5,45.377240516882,0.0408557884231537,0.0205838323353293,0.0654940119760479,0.744136726546906,0.00212075848303393,0.769322919581398,0.806465194610778,0.537993204046857,0.520471706886828
A4777,2024,8.26508812362072,-8.26508812362072,653.102789096195,711.945731169729,-9877847,-64.0648729674675,82.25,1.84497275879147,17.75,5,36.4735306377657,0.049417798724702,0.0129609093429443,0.0425561408372609,0.50388134183532,0.00200998059329082,0.116810317221092,0.126150067071102,-0.319942490020811,0.138275055779049
A4778,2024,8.00373196267683,-8.00373278322745,1073.65438979545,1167.06299318164,-9754100,5.30842347634973,87.82,1.37365808611335,12.18,5,77.1154647769904,0.0630958354239839,0.0303562468640241,0.123557451078776,1.69668840943302,0.00589563472152534,0.0518390035622765,0.0960998348993261,0.248590489546393,0.401821302852029
A4794,2024,3.18897039931412,-3.18897039931412,974.304741717036,1006.39849171704,-4587609,-30.6135761843319,79.4,-12.3330020978249,20.6,5,57.765735723218,0.0453983686248661,0.019939029414188,0.0930213397050342,1.3192716486776,0.00271895855648018,-0.0291106515989136,-0.0103595067424678,0.101350051093107,-0.00976747223738403
A4795,2024,18.2506263417499,-18.250625803942,2178.71812292168,2665.11902304782,-33935218,27.4758756232651,83.32,-8.89010388190269,16.68,5,99.3580658607753,0.268711018711019,0.125433125433125,0.311677061677062,3.72262647262647,0.0325710325710326,0.0485140018697066,0.0836080107996898,-0.0120800478432393,0.108990475269545
A4799,2024,3.01288895833194,-3.01288825773618,861.880189266592,888.65435188644,-4300466,-54.6019157600176,92.42,1.6609833901661,7.58,5,54.3976656940392,0.0474836059097732,0.0195148929446156,0.0823259856206052,0.857944220589397,0.00347633720470886,0.0592801085038582,0.0618164311531715,0.166793679393323,0.127874429408189
A4803,2024,2.79040840615064,-2.79040840615064,1020.00025706941,1049.27943873179,-13667522,-15.5809334957949,82.14,2.18959940283653,17.86,5,17.7073780741976,0.0157938923286809,0.00758211774582852,0.0345524189316822,0.342061076713191,0.000996956658621052,0.0138323623526167,0.038536550396935,0.162822326675097,0.0769944683032363
A4824,2024,2.48604926736946,-2.4860493715063,1120.94562516161,1149.52334300572,-23872911,-21.486917687374,86.27,7.38113019666417,13.73,2,5.09378907878283,0.0091410135770937,0.00319636749264387,0.013621902585473,0.182297501157563,0.000657197054562292,0.0347032831801635,0.0254005835618002,0.144005971836527,0.0988124294149646
A4825,2024,0.0,0.356275681510931,933.451603378019,930.137748774582,673362,51.8999313531711,85.2,-0.745573159366263,14.8,5,36.4068361817424,0.0363765270506108,0.0131435427574171,0.0571007853403141,0.572098603839442,0.00196335078534031,-0.0792769319163035,-0.102582219712323,0.0661837617007774,-0.0703003863773661
A4830,2024,3.60010980430689,-3.60010980430689,1274.40159764456,1321.99486436915,-9860373,-7.19724930252336,89.86,8.46107423053712,10.14,5,49.4289287203001,0.0347752808988764,0.0173033707865169,0.0812359550561798,0.879325842696629,0.00320224719101124,0.0387460635278566,0.0373010299625468,0.134900252235726,0.0593193081910452
A4832,2024,7.2116913288607,-7.21169006884869,1091.55718605478,1176.39515889956,-5723509,91.3561404535235,77.01,-5.52079499447921,22.99,5,95.0062526052522,0.173094498263572,0.0603180405775909,0.227380734783403,1.9967099250594,0.00950466093949918,0.0531788628114712,0.00327817789117234,0.0688919442662321,0.0556023872438429
A4856,2024,12.9391348382999,-12.9391348382999,1124.53194655522,1291.6618097771,-26393148,107.772766057742,90.35,3.49369988545246,9.65000000000001,5,35.8315964985411,0.0288120567375887,0.0119126773049645,0.0547983156028369,0.811281028368794,0.00182845744680851,-0.289950062421973,-0.284151445966514,-0.183132491711298,-0.247238169798191
A4862,2024,8.44511193964394,-8.44511244738214,1157.76180753525,1264.55488995043,-16632809,14.637336777065,86.3,1.06569855955029,13.7,5,69.9958315964985,0.0529837251356239,0.0274864376130199,0.0886980108499096,1.45072332730561,0.00623869801084991,0.187695627867465,0.18915491259795,0.302680093060707,0.138685937508384
A4868,2024,6.10526135954158,-6.10526135954158,917.172298819855,976.809043935773,-45520489,19.1810615787163,89.55,3.74189063948101,10.45,5,6.08586911213005,0.0103314952145528,0.00358116245167015,0.0159250808138429,0.19333523483552,0.00066552576535463,0.0157121292229929,0.0169222376153351,0.147063484508699,0.0584770537167414
A4873,2024,5.94632189344851,-5.94632189344851,1231.72750623334,1309.60057174791,-7245933,3.07313267125611,89.39,11.9894763217239,10.61,5,98.8661942476032,0.193402165701335,0.085620750440695,0.260639637370939,4.45983379501385,0.0239234449760766,1.22168947088615,1.36264519187598,1.22833631332801,1.05177639408555
A4885,2024,5.50931347646236,-5.50931278987895,993.219624144799,1051.12964406339,-8024244,-29.5864567932121,77.05,5.99807401293163,22.95,5,67.6281784076699,0.0590484659848822,0.0287238772787906,0.11089373054691,1.1514450867052,0.00382392174299689,0.10507720701367,0.0982603011198502,0.139992833420644,0.160915599841493
A4888,2024,8.57587084618495,-8.57587084618495,1126.06502186134,1231.69346241932,-10146668,44.8819459794123,76.45,-8.05772699939868,23.55,5,81.8090871196332,0.0753228120516499,0.0373027259684362,0.134265901482544,1.73278335724534,0.00621712099473936,-0.0766322963653023,0.0156745625079299,0.0772701751125289,0.0295005185515008
A4889,2024,6.39308401486773,-6.39308401486773,883.506149247881,943.847086456955,-19703971,-9.3089793401924,79.52,-5.09607351712616,20.48,5,39.1079616506878,0.037148070907195,0.0160974973931178,0.064259645464025,0.727971845672576,0.00143378519290928,0.854813404635945,0.780671134396433,0.902936586401741,0.780685817074388
A4894,2024,9.25418271431987,-9.25418271431987,946.336650340534,1042.84327217125,-31683896,27.7447213102513,82.83,-4.63965001151278,17.17,5,23.7265527303043,0.0195785872848357,0.00938898795443793,0.0378106918010117,0.535609010517122,0.00112813421157975,-0.0260898735894188,-0.0521279651458766,0.165491682075713,0.0221963606560065
A4895,2024,9.44609403551799,-9.44609403551799,918.308910251724,1014.10193240247,-15724233,45.6394532210581,78.49,-2.78672281397077,21.51,5,49.2621925802418,0.0464535464535465,0.0196232339089482,0.072142143570715,0.992935635792779,0.00192664478378764,0.0216046011865948,0.0167659721231149,0.0506162254029563,0.0543081003245838
A4901,2024,0.0,4.98017250564282,1164.61189203057,1109.36366766588,8183146,,84.29,4.08742899481354,15.71,5,65.2355147978324,0.0620529673303692,0.0224241252658032,0.116856756234293,1.23274695534506,0.0030929827952832,0.206172875210626,0.182824692973543,0.535243231744939,0.290127855277177
A4922,2024,3.52401871724371,-3.52401871724371,1179.33649933303,1222.4146193202,-20409724,-46.6968580859479,87.62,0.979601244669827,12.38,5,22.4010004168404,0.0183616189701755,0.00883980798992734,0.0308475198698948,0.337643941977284,0.0019935472024762,0.0984143033037402,0.0608306962258701,0.166406345012436,0.12354407703246
A4923,2024,5.10422218973652,-5.10422218973652,864.834578441836,911.352009960868,-3138252,,87.76,7.98572659037776,12.24,5,92.4051688203418,0.152161811096678,0.046019669697532,0.172017071812952,2.0129894228985,0.00909259602894786,0.13155251585387,0.170690420993326,0.02713981988885,0.0569180084507298
A4924,2024,0.0,0.0955024049793709,1144.230285262,1143.13856044453,135173,,90.51,0.276977620208287,9.48999999999999,5,85.0437682367653,0.105042693732882,0.0383438053810214,0.164652811342033,1.82793620106332,0.00483325277912035,0.541721925940084,0.539421727320541,0.362172881884392,0.631976664195099
A4931,2024,0.0,0.327661607310556,1005.20276949415,1001.91986276784,951150,-117.465613189375,88.59,1.57074065581289,11.41,5,10.6544393497291,0.0126133068359256,0.00537383651369821,0.022833735526129,0.220813984142113,0.000973374160971752,-0.518900979073321,-0.50288923836502,-0.462892118363171,-0.513417731206656
A4937,2024,1.27453200049778,-1.27453200049778,1059.65462857426,1073.33462180154,-3312583,491.271064620415,84.49,-0.972808251289262,15.51,5,40.6419341392247,0.0300959581273626,0.0138606183968208,0.0724532325288359,0.659348647862751,0.0025201124357856,-0.0298620781916134,0.0397524856113255,0.0274128467353243,0.122052017804589
A4938,2024,0.0520963182514069,-0.0520965622165575,974.373223357498,974.881102897806,-213541,-33.0242886535856,90.6,-2.11754537597235,9.40000000000001,5,17.2738641100459,0.0166852352909969,0.00692344421454719,0.0287548411056289,0.33919571330044,0.00119369727837021,-0.0336904559901681,-0.0178800065210345,0.103606593241789,-0.00443466140412349
A4943,2024,4.96884244261422,-4.96884244261422,1034.50544385432,1088.59606727365,-8554973,,80.39,-3.10955767144751,19.61,5,49.0954564401834,0.0422498250524843,0.0148705388383485,0.0683170048985304,1.19909027291812,0.00253673897830651,0.129518649476151,-0.0200314905528342,0.364060918096054,0.0593154406619192
A4945,2024,3.60508713220176,-3.60508741366534,894.832340461111,928.29830584645,-12808362,41.609889239378,85.45,2.10299916357988,14.55,5,26.5527303042935,0.0243198680956307,0.00985160758450124,0.0379637262984336,0.53037922506183,0.00148392415498763,0.312449869783493,0.30376420041528,0.340617768594231,0.342367058272996
A4947,2024,7.53644193253335,-7.53644193253335,985.382967013137,1065.69873321784,-17803114,80.6417016150602,86.5,5.93998775260256,13.5,5,36.6069195498124,0.0301025304308298,0.0138390827819587,0.0634375473508763,0.779938380726299,0.00141421283903227,-0.0227522985618827,-0.0167863955833046,0.14760409182541,0.0189724997090323
A4949,2024,0.69778712745271,-0.697787358923087,868.489736177242,874.592532309785,-3014586,-25.8659994097974,65.88,-18.2224428997021,34.12,2,13.8807836598583,0.0154221980950501,0.00584809751764299,0.019715738044712,0.263287765878695,0.00133247791541233,0.0190037919496661,0.0243876009202392,0.0839061500780687,-0.00541833226406093
A4960,2024,6.61085638121902,-6.61085638121902,871.768055173678,933.479012006232,-8079939,72.7751925452929,83.92,7.02716490243592,16.08,5,56.1067111296373,0.0474972597734746,0.0199123127511874,0.095816587504567,1.20734380708805,0.00228352210449397,0.0979716131109776,0.108485940960235,0.156772767750065,0.0833728355050063
A4961,2024,7.54473635696489,-7.54473743316653,914.429961255162,989.051283688849,-7010524,81.7773385945434,85.1,2.32054827461824,14.9,5,64.9854105877449,0.0629607250755287,0.0264652567975831,0.108761329305136,1.81293051359517,0.00181268882175227,-0.0769297441642055,-0.0832013474854958,0.0961872869119984,-0.0883378510386409
A4964,2024,4.4616897717553,-4.4616897717553,1250.41253404903,1308.80746274635,-8746626,75.3974284237801,87.38,3.06676102854446,12.62,5,58.6160900375156,0.0399839743589744,0.0201121794871795,0.0760416666666667,1.32524038461538,0.00424679487179487,-0.011722835745113,0.0416606819874456,0.137039488642372,0.00759244515215869
A4974,2024,0.0,-1.52733822994669,1027.7101297622,1043.65019822663,-41814944,,80.38,-7.10736160869063,19.62,5,2.50937890787828,0.0072886767504112,0.00256931230582342,0.0099009900990099,0.106567334257856,0.000516012513303448,1.39240417571117,1.33055816022626,1.24066097003352,1.05742009562173
A4976,2024,3.39296277165445,-3.39296277165445,1040.58366763723,1077.1302976383,-6777938,30.838423685639,72.02,2.06916099773242,27.98,5,49.5206335973322,0.0459183673469388,0.0194515306122449,0.0705357142857143,0.881313775510204,0.00248724489795918,0.0405694535878868,0.0156196135548814,0.0952641042545998,0.0451864470620463
A4977,2024,8.40387045147657,-8.40387127687917,819.606605808148,894.804853910012,-10181542,-9.53699994215864,98.56,3.67097927842643,1.44,5,57.3488953730721,0.0558789289871944,0.0190143577803648,0.0812960807140085,0.89813736903376,0.00397749320915794,0.0704277686969686,0.147267373453773,0.145696318237187,0.0113160735349046
A4979,2024,0.174165734581669,-0.174165734581669,921.908478920012,923.516928963327,-267363,149.028553824261,80.32,-8.5297802072657,19.68,5,48.328470195915,0.0487695749440716,0.0212527964205817,0.0723340790454884,0.718493661446682,0.00208799403430276,0.0621952077441504,0.0627932708227332,0.0962192089833058,0.109603170474093
A4983,2024,0.0,-3.11548115731287,1080.73207554009,1115.48479411338,-1917516,-100.0,71.42,-12.7641382679858,28.58,5,97.6573572321801,0.14853747714808,0.0708409506398538,0.274908592321755,2.98697440585009,0.0187385740402194,0.096268571311194,0.13493620572142,0.160759661773049,0.0982013097266981
A4984,2024,0.0,-0.647334567383368,935.405754300715,941.500411919124,-872950,,73.23,1.4406427483031,26.77,5,59.7498957899125,0.0652134912091855,0.0237710800143523,0.0917653390742734,0.892716182274848,0.00296017222820237,0.0856181744391048,0.153380532728901,0.213744202259093,0.0964074946852129
A4986,2024,8.17350679196894,-8.17350679196894,981.605168394322,1068.97817187738,-25185443,34.5818939798679,98.49,8.01710901513488,1.51000000000001,5,22.2092538557732,0.017390959870063,0.00693261498237135,0.0392584082716,0.554728043417977,0.00114883333993582,-0.0505721658209476,-0.0374084133436867,0.146049912354281,-0.0104656609736573
A4988,2024,5.67235419813204,-5.67235419813204,859.154903793721,910.819830697723,-7958672,76.9875167398975,98.1,1.92207792207792,1.90000000000001,5,52.2634431012922,0.0506553027257377,0.0173675323631101,0.0794403795127442,0.812414569429927,0.00321620969687224,0.0437594239009552,0.0718606391598271,0.202740840476528,0.136874193762651
A4992,2024,4.07907826454635,-4.07907826454635,989.790414761594,1031.88167591988,-30932026,88.0411246299076,86.24,7.47756729810568,13.76,5,23.1679866611088,0.018696239425606,0.00838842681453046,0.035615269780337,0.49274898699083,0.00142176725670008,0.873907859941266,0.953259536584964,1.28173519571406,1.31291529305179
A4996,2024,5.19351253775922,-5.19351253775922,835.818998870545,881.605279600125,-7621218,,81.93,-7.03506184046294,18.07,5,48.2867861609004,0.0433708681438431,0.0169996367598983,0.0680711950599346,0.97384671267708,0.0025426807119506,0.035451483688894,0.043371511046678,0.112154433685474,0.124066126995658
A4998,2024,3.02908889959747,-3.02908889959747,891.296007650372,919.137499623505,-7394923,89.6055343342148,78.71,-8.26340326340327,21.29,5,30.3293038766153,0.0274191340845841,0.0108125370682969,0.0447556914092796,0.454354669464848,0.00218988092522469,0.028635786149467,0.0405421542160168,0.0441995902746281,0.0791094484237419
A4999,2024,5.19348642373444,-5.19348642373444,816.431296153186,861.155278636442,-16667376,27.7792314176336,87.42,4.90819632785312,12.58,5,11.9132972071697,0.0160143897415069,0.00501900258203023,0.0239345498854043,0.290202790913575,0.000754300966085468,-0.138053920602709,-0.143570636332248,-0.110312154529914,-0.086841054986345
A5002,2024,3.25113915389265,-3.25113915389265,767.249822565884,793.032409742067,-5521702,103.129436338735,84.51,4.44938820912126,15.49,5,49.8957899124635,0.0530392854319817,0.0189708323452692,0.0673464548257055,0.760888467314837,0.00276657971701842,0.33135320267873,0.39330224224699,-0.0977025597230638,0.424090259803751
A5003,2024,4.94548144675799,-4.94548144675799,976.260066085118,1027.05277028813,-19214880,164.252171997264,86.22,3.79198266522211,13.78,5,48.3784910379325,0.0406124209315699,0.0162449683726279,0.0675675675675676,0.935163887291547,0.00301897642323174,1.6452615079912,1.52277156624185,1.47179018586954,1.24690671684343
A5012,2024,1.72660682222353,-1.72660682222353,849.831146824095,864.762189789002,-1638891,3.87599208487087,91.76,4.84460694698356,8.23999999999999,5,65.8107544810338,0.057546966098035,0.0220254804577845,0.0920967393651479,1.39343554307925,0.00421075361692939,0.0382289919107021,-0.00263826857745162,0.0712518837238096,0.11577334433511
A5013,2024,0.0,1.13968354275683,1146.09237766264,1133.17773747841,2243273,,81.94,-2.79952550415184,18.06,5,52.1217173822426,0.0443768136456933,0.0182603156628211,0.0984499964611791,1.15599122372426,0.00176941043244391,0.0478864233628219,0.0447354514598265,0.156870365279908,0.0738987933500889
A5025,2024,0.0,-0.79891508632004,877.482151767893,884.548946749358,-793064,,68.98,1.56065959952886,31.02,5,57.6865360566903,0.0640201005025126,0.0190954773869347,0.0724623115577889,0.90572864321608,0.00402010050251256,-0.0511632648185459,-0.0187862388867414,-0.0704154662690097,-0.131195464501997
A5028,2024,0.0,-2.08171459098384,898.159466416223,917.254078402727,-2195804,,60.26,-8.36374695863748,39.74,3,79.2163401417257,0.0952252130393616,0.0347626132828351,0.13161098336264,1.41877451643446,0.00459894494792371,0.322526400806089,0.238401944570293,0.217526299900732,0.375385009339348
A5030,2024,0.0,-2.05787828210763,887.103616671502,905.742698965284,-1541974,,85.57,5.74641621354423,14.43,5,90.6502709462276,0.101015697137581,0.0500461680517082,0.173037857802401,2.30046168051708,0.00720221606648199,0.188399686120276,0.282595845905117,0.411353815563297,0.266372602643047
A5033,2024,3.23633390162913,-3.23633390162913,1007.91333153267,1041.62375421785,-17223464,20.4846341634375,87.7,4.72892285646048,12.3,5,13.8891204668612,0.0157978921536405,0.00663905869979623,0.0247157036744889,0.256140581520191,0.00100790990161923,-0.0811108548831247,-0.079246898171909,0.11841837138603,-0.0579046415857522
A5037,2024,7.24420229772156,-7.24420229772156,942.022724243636,1015.59444000178,-6624103,,51.27,-22.0346715328467,48.73,2,77.3989162150896,0.0838408157484776,0.0413539158759383,0.149837133550489,1.78968984563093,0.00269083699192749,0.0501797004354377,0.104193703975675,0.127270224292216,0.0904248428994335
A5038,2024,4.72701945660972,-4.72701945660972,876.473473351949,919.960169560115,-4298399,,51.4,-21.8369829683698,48.6,5,83.2763651521467,0.0936530324400564,0.038787023977433,0.132157968970381,1.66191819464034,0.00592383638928068,0.211020452447009,0.201085400383894,0.189332768831665,0.285224545937458
A5039,2024,0.0,-2.08216154640792,777.126909099273,793.652026405373,-1436892,,77.05,17.1684914841849,22.95,2,73.0804501875782,0.0790589522637122,0.0283135002051703,0.108329913828478,1.37026398577486,0.0045137464095199,0.00325948879660018,-0.0457691977364468,0.0640802530194656,0.00635712256557554
A5040,2024,1.40610284398391,-1.40610310186959,1071.77861131669,1087.06384982843,-5452428,-40.9021856024633,83.38,6.6240409207161,16.62,5,27.611504793664,0.0249982664170307,0.0106095277719992,0.039595035018376,0.426288052146176,0.00194161292559462,0.0495741066562927,0.0408541998364596,0.210531012428087,0.143830914437555
A5045,2024,6.39689730706572,-6.39689730706572,946.218373555474,1010.88355656281,-19003028,-8.04362334785561,77.05,5.11596180081855,22.95,5,22.4510212588579,0.0212793014285109,0.00805391886736467,0.033868848289602,0.460896104446611,0.00131406044678055,0.0901858005916376,0.0219296328647331,0.106991437994611,0.0419776705578675
A5047,2024,3.99904000034162,-3.9990388883042,953.615400759986,993.339430894309,-3596137,,78.84,0.921658986175114,21.16,5,96.7236348478533,0.197738386308068,0.0757946210268949,0.285452322738386,4.18367970660147,0.00794621026894866,1.52409202420993,1.31495797986597,1.27832813878593,1.25965616236977
A5049,2024,4.64829749033042,-4.64829749033042,953.333511691061,999.807540504465,-16155116,42.9947207843436,94.57,5.66480446927374,5.43000000000001,5,17.9074614422676,0.0128200733554999,0.00627292359373393,0.0365406368902753,0.481678264148356,0.000994069859116306,-0.0353977013970844,-0.0334359007272098,0.156219419609677,0.0692011812499935
A5053,2024,7.00269056033693,-7.0026885261175,815.782655246253,877.211009992862,-3442445,17.5652595611853,83.13,11.959595959596,16.87,5,94.0558566069195,0.195067264573991,0.0594170403587444,0.195739910313901,2.09417040358744,0.007847533632287,0.138705156950673,0.0631324845798326,-0.318007267450951,0.202770238376209
A5056,2024,8.42178947570513,-8.42178947570513,1022.86188095656,1116.92713266678,-12870384,50.4826701634039,78.18,2.69276238013925,21.82,5,60.5835764902043,0.0440669196274577,0.0209555018972059,0.0830458778889272,1.14642980338048,0.00482925146602277,-0.0519792120900506,-0.0365539006776531,0.17066027388001,0.0462862979995007
A5058,2024,10.1004108115445,-10.1004115196962,784.046172089232,872.135440598829,-14263062,21.618424528429,80.87,22.9774939172749,19.13,5,40.9253855773239,0.039296875,0.01453125,0.0765625,0.79390625,0.001328125,0.0690176096270162,0.0374082341269842,0.155325391636109,0.103694244123932
A5062,2024,8.48303633765074,-8.48303633765074,866.652424039321,946.985552576705,-21574265,,62.97,-5.45045045045044,37.03,3,32.6719466444352,0.0313947990543735,0.0121985815602837,0.0539007092198582,0.554184397163121,0.00160756501182033,0.129607078515883,0.118869898848971,0.236308493671316,0.125277865989203
A5067,2024,0.0,-1.23652973601742,878.452156261763,889.450475883207,-818143,,89.85,9.21356509055549,10.15,5,77.3655689870779,0.0914430862041594,0.0274646769328465,0.122559136370853,1.49865057945706,0.00508017145578663,-0.0583792502000265,-0.0846584284585196,-0.14258099288839,0.0252956631078473
A5068,2024,2.89026733389242,-2.89026733389242,1134.42006932925,1168.18370124623,-3175267,-59.4033082179206,51.25,-22.0650851581509,48.75,5,83.1429762401,0.132263491652647,0.0386954833700013,0.117121780768733,1.45981622880808,0.00608256762003365,0.0112673015432109,0.0457120798989662,-0.131381080770717,0.0466173271203656
A5069,2024,14.5920370752864,-14.5920368474961,2697.03110343835,3157.82159401525,-64059094,280.029116597796,77.05,17.1684914841849,22.95,3,87.002917882451,0.0945541226086425,0.0504247906607176,0.0984658639447467,2.0300715115213,0.0250595929344172,-0.27600164545861,-0.294479227289356,-0.245117045065823,-0.2328668232684
A5080,2024,1.63478935312548,-1.63478935312548,1106.55387815352,1124.9443485929,-1918641,-31.2916190530077,77.05,17.1684914841849,22.95,5,87.3697373905794,0.0939278937381404,0.0410680401192735,0.161696936839252,2.0974518839794,0.0065058281377067,0.302406871067612,0.275162645703443,0.0981119281775796,0.443319475236607
A5088,2024,8.28766453012171,-8.28766453012171,998.53123303687,1088.76437168567,-34575895,104.798729078345,73.43,-13.9962520496603,26.57,3,14.9478949562318,0.0138453018275798,0.00659300087027611,0.0289037158152905,0.279174028850972,0.0011603681531686,-0.151423842690443,-0.161244208009335,-0.100536263821084,-0.114248125322595
A5094,2024,0.0,-1.4208898358958,1002.82487429937,1017.27929236729,-2805776,,80.25,-13.3837021046951,19.75,5,42.3843268028345,0.0542484072415316,0.0131836245505583,0.0410017031476692,0.639121932757207,0.002964738535293,0.0572557054686924,0.0770621754031834,0.301578293375372,0.10356663912928
A5116,2024,6.04052956944198,-6.04052956944198,932.474195552242,992.421723195428,-9650353,-12.9792750365699,88.76,5.90621644195204,11.24,5,36.5902459358066,0.0304610157577178,0.0124187218089157,0.0645539218557788,0.736805108078027,0.00169878741725734,-0.215672694069513,-0.228716883950907,-0.0662030680333744,-0.163293853434519
A5124,2024,5.13195209069492,-5.13195178170955,835.758373075499,880.969292371682,-16609045,61.7775986422758,86.16,-4.10684474123539,13.84,4,20.100041684035,0.023600899721355,0.00752005908617853,0.032665256655588,0.286433679121765,0.00134286769396045,0.0672347770599121,0.0512287162752038,0.131614486079972,0.11608724023903
A5147,2024,3.7647857462015,-3.7647857462015,1053.13048956084,1094.32965648462,-3204636,-5.63281488797446,69.5,-8.05662124619659,30.5,5,93.505627344727,0.139788393715935,0.0533824943892273,0.204873356845143,1.73613337608208,0.0113818531580635,0.094333777858319,0.0549552702163765,0.210196423676097,0.167976340431148
A5148,2024,5.35882537842158,-5.35882439956113,798.126580815585,843.318540531616,-5474554,,73.43,-2.48339973439574,26.57,5,54.9645685702376,0.0447139753801593,0.0193700217233888,0.0796524257784214,1.18573497465605,0.00289645184648805,0.111792072568247,0.0743976335033542,0.100284453456456,0.0101648721522166
A5160,2024,0.0,-0.949835014952286,1014.49765917603,1024.22611747207,-17475969,,84.27,-0.99859022556392,15.73,5,1.05043768236765,0.00523072796269852,0.00181458134452588,0.00756601525826226,0.0872182467988418,0.000323468848372005,0.181039991794937,0.160851273986476,0.218743312731543,0.217868120571338
A5166,2024,0.0,2.27320420821121,964.813574332172,943.36887340302,1477111,,76.88,8.51093860268172,23.12,5,89.2705293872447,0.0949135638297872,0.0455452127659574,0.153257978723404,2.20063164893617,0.00831117021276596,-0.100983735341619,-0.145655159226811,0.106290564450308,-0.00822908920818426
A5169,2024,0.0,-1.26022989217836,900.475355762888,911.968252285364,-975609,,80.52,8.08053691275167,19.48,5,91.6965402250938,0.133571294382867,0.0469659966184482,0.179410107082472,2.44843133571294,0.00676310351305655,0.420877197690827,0.350558780808548,0.436169425276398,0.333137707459463
A5170,2024,1.7377218339995,-1.7377218339995,927.215159759869,943.612520557958,-19382074,,95.11,-0.616509926854758,4.89,5,7.83659858274281,0.0103036672797568,0.00435419090874967,0.0166660410645246,0.222063736346233,0.000863330956045193,0.705767788891766,0.809689927821351,1.14007652456479,0.780518847004124
A5173,2024,1.06527854145508,-1.06527854145508,980.228841736187,990.783445169871,-698377,,90.37,5.8444600609042,9.63,5,85.6356815339725,0.0882055723978634,0.0394110004330879,0.157210913815505,2.03666811029306,0.00606323083585968,-0.266417004220484,-0.212636752217222,-0.167332397111596,-0.170467962891204
A5176,2024,2.71031993243578,-2.71031993243578,1015.65170678256,1043.94598283931,-9140862,,80.64,-4.72589792060491,19.36,5,32.2217590662776,0.0282261741906065,0.0116279069767442,0.0523939808481532,0.68499772001824,0.00141358869129047,0.342588447984995,0.403796016268641,0.393810643060317,0.30244760147182
A5177,2024,7.43891719183647,-7.43891643755941,760.994728878305,822.154084189115,-9862313,,77.05,-11.027713625866,22.95,4,39.1996665277199,0.0325215549841174,0.0125548328543337,0.0669338980487067,0.991302374829829,0.0013613674179398,-0.0561022551262001,-0.0191171866480461,0.150157253752654,0.0695097764310589
A5178,2024,0.0,3.57946918685077,1223.38342255532,1181.10609386153,4738443,,74.56,-12.0443553143801,25.44,5,75.8315964985411,0.0816838215888097,0.0325943520717868,0.171549221430457,1.54565848508841,0.00290314067036157,0.248652853747108,0.237525399798733,0.207666910718235,0.295286764883156
A5181,2024,0.0,0.168536191817487,938.575616498762,936.996438384044,186223,,82.01,-0.158266374482585,17.99,5,61.4672780325135,0.0614273754709083,0.0198827961490163,0.0926119715362076,1.03087065717874,0.00397655922980327,0.030114025175113,0.0794930262783614,0.0861333706545981,0.131962492893423
A5189,2024,0.0,-0.973896776908618,947.704111236909,957.024542409661,-790298,,65.09,-10.8600383456587,34.91,5,81.5923301375573,0.070008401008121,0.0333239988798656,0.139036684402128,2.30957714925791,0.00588070568468216,0.0848231612354886,0.055907516076817,0.228598369092554,0.111349787313844
A5191,2024,0.0,-2.31576264020544,1016.70974248927,1040.81248927039,-1684782,,77.05,17.1684914841849,22.95,2,92.8136723634848,0.116901659825094,0.0517579867927896,0.166696412636088,2.31322505800464,0.00981616990897733,0.148317316157118,0.137699143652828,0.214250334583854,0.112264150750529
A5192,2024,0.0,0.261311492252171,1332.70662494605,1329.23318587254,579453,,77.05,17.1684914841849,22.95,4,51.7548978741142,0.0502655396813524,0.0204951754057895,0.0857954970454035,0.915924900890119,0.0019447976662428,0.0571732717854172,0.0175854588974494,-0.0414643200711809,0.0784168172922243
A5193,2024,0.0,-0.440124241204916,1149.76198547013,1154.84473710641,-1214554,,74.0,7.26192201768373,26.0,5,23.0012505210504,0.0210639406172679,0.00826930589920563,0.0296913660632895,0.487433259539002,0.00153014715457742,-0.325649116540747,-0.322359307115713,-0.144898379244106,-0.2815988184468
A5202,2024,5.42286395511605,-5.42286395511605,834.234048606031,882.067361619117,-4707946,,74.96,3.98113469274517,25.04,5,66.902876198416,0.0931245585118907,0.0257829055804097,0.0885330821756534,0.958323522486461,0.00412055568636685,0.00368939410581857,-0.00249343598811142,-0.321814535683007,-0.0239941666603371
A5203,2024,0.0,-0.431681424958189,1112.25571785508,1117.07793580627,-301080,,90.84,-3.96447827465905,9.16,5,89.2955398082534,0.0966479496341671,0.0415177811808746,0.136464182405989,2.26782371958482,0.0117406840224604,-0.0670514249599788,-0.0923654811592835,-0.0786689456547333,0.0172251304561077
A5206,2024,1.63454024425619,-1.63454059817497,907.848267481969,922.933998379847,-4618406,,82.53,-3.42850456353849,17.47,5,6.16090037515632,0.010012348563228,0.00410506291092347,0.0156025765110303,0.215182057871375,0.000567366418582919,-0.56110818463046,-0.574274939091546,-0.581001018133528,-0.593823538827139
A5214,2024,0.0,-2.72790020970967,946.064072557051,972.595507444249,-3264640,,79.64,4.24083769633507,20.36,5,51.4964568570238,0.0556425217020065,0.0214173900668849,0.0644656325601252,0.748897111142735,0.00284616479294151,-0.301642083803702,-0.275201591597896,-0.491948992546635,-0.26796168740695
A5215,2024,0.0,-3.59171363978358,2325.67585379622,2412.31946090883,-6139566,,77.05,-0.349198137609928,22.95,4,99.5831596498541,0.264219830899308,0.143351268255188,0.286510376633359,4.90795541890853,0.0589930822444274,0.130592827145228,0.193919942238205,0.270337369538655,0.119684827279937
A5216,2024,0.0,0.301807494153172,1181.00228533279,1177.44865704601,830355,,81.85,-3.46739002240832,18.15,5,14.3643184660275,0.0144708175667928,0.00598555211558308,0.023208347666552,0.335511982570806,0.00112372434353858,-0.642416548654074,-0.6457426419616,-0.552650689905592,-0.558247364845454
A5220,2024,7.60481639038171,-7.60481639038171,3078.90845583366,3332.32570741182,-22962644,,60.67,-7.74026763990268,39.33,5,93.0220925385577,0.12207062600321,0.0646869983948636,0.119261637239165,3.18972712680578,0.0341091492776886,-0.440342867668342,-0.479817332396576,-0.387943953686968,-0.447857374130633
A5226,2024,0.0,2.65596681507961,957.489630033523,932.716976654954,4906769,,58.22,-20.907485396006,41.78,5,44.5602334305961,0.0484957064310867,0.0168036078334466,0.0667202075739791,0.647186013467597,0.00222400691913264,0.00814877878024758,0.0349266824584682,0.0319215937303094,0.0796899472706857
A5230,2024,2.37561050841637,-2.37561050841637,1153.66367108778,1181.73714283483,-7188044,,83.08,17.6770538243626,16.92,4,29.8541058774489,0.0267053839196458,0.00947303279859095,0.0407959251678012,0.6308849431142,0.00185652401580426,-0.0407192311557524,-0.0642310147058564,0.133765015684973,0.0786402172309473
A5231,2024,4.6358451187419,-4.6358451187419,870.607924915778,912.92994312151,-14673213,,84.88,2.56162397293377,15.12,5,23.042934556065,0.0205251232840197,0.00846328135412502,0.03218712514994,0.453885112621618,0.00153272024523524,0.151479343537666,0.253954486581436,0.208074497822551,0.0927737013302786
A5245,2024,1.08207823656615,-1.08207823656615,1019.70480516061,1030.85951158504,-1694623,,92.67,3.62294532036229,7.33,5,53.4639433097124,0.0435913605549425,0.0186820116664039,0.0697619422985969,1.0389405644017,0.00362604445845814,0.0107447337464679,-0.053942929213306,0.206364078265207,0.0770563286588248
A5249,2024,3.90551192807393,-3.90551192807393,1114.94589589165,1160.25998812452,-12820988,,81.65,-2.42590822179732,18.35,5,52.5802417674031,0.0410677618069815,0.0206583286665422,0.0796465683529338,0.975359342915811,0.00280007466865783,0.478314027305359,0.507994034983692,0.514356814649611,0.548150691364777
A5255,2024,2.193700005821,-2.193700005821,892.602143904445,912.622340235311,-2239299,,88.64,10.468594217348,11.36,5,58.4160066694456,0.0515463917525773,0.0229404662394353,0.0947339091668989,1.2038636574719,0.00232190953840438,-0.0968723354778699,-0.127232302784586,-0.00582855043008549,-0.0868513264274413
A5257,2024,0.0,0.807719164588351,1003.93185151081,995.88787429234,943462,,71.89,-5.61901010896679,28.11,5,63.1846602751146,0.0634758364312268,0.0225836431226766,0.0802044609665428,1.04163568773234,0.00455390334572491,-0.203577887960449,-0.217260539428933,-0.171607224418559,-0.150684288746491
A5260,2024,1.37178195626421,-1.37178195626421,1082.48517520216,1097.54104522312,-1005431,,83.63,6.3859559852436,16.37,5,39.1663192997082,0.031212771026924,0.0136406957350488,0.0569454372170598,0.804145818441744,0.00226352156302121,-0.688152476185221,-0.708036647055589,-0.685474312649121,-0.675305985540023
A5275,2024,0.0,0.374946805220861,800.309300721992,797.319775695628,294815,,68.03,-8.38944249932669,31.97,5,44.7269695706544,0.0668266346730654,0.0152369526094781,0.0256748650269946,1.06334733053389,0.00215956808638272,0.0381498747509479,0.00173821235752858,0.0367289550750426,0.178748831239339
A5279,2024,0.149482196667741,-0.149482254227042,1150.40190617158,1152.12412728855,-2597013,,69.3,3.44827586206897,30.7,5,1.01709045435598,0.00447053366495789,0.00165545701010069,0.00791740309178589,0.0948728816948041,0.000343887204996761,0.0049663710303021,0.00496637103030201,0.16005799937068,0.0396203838244505
A5300,2024,0.0,-1.12837451249256,1121.76829151732,1134.5704958184,-2143089,,84.05,12.2162883845127,15.95,5,78.7411421425594,0.0664528415355317,0.0295680064147539,0.118372256189235,1.83341685877518,0.00701613711536534,0.251035275871346,0.539080930917229,0.90923896535636,0.792934825016104
A5304,2024,6.04672611464592,-6.04672611464592,997.515442260057,1061.71440441476,-8189990,,86.61,0.662482566248249,13.39,5,57.9324718632764,0.0507049654085296,0.0257465627463,0.0950170768018215,0.990454505648481,0.00253962693756021,-0.075395390637944,-0.0529006624362782,0.0708351316535134,-0.038890063291946
A5305,2024,0.0,-2.15689185854464,1639.12748948663,1675.26105887487,-3643131,,77.02,2.46108820007981,22.98,5,84.0516882034181,0.0825093386068996,0.045704240826192,0.166556800703142,1.64062843331136,0.00516370028565151,-0.108941564299267,-0.104878714634812,0.179881887929645,-0.0421558935607115
A5308,2024,6.69240354960671,-6.69240354960671,936.71177706624,1003.89658795277,-4028670,,86.18,2.19376259931224,13.82,5,81.0421008753647,0.0817465998568361,0.0340730136005727,0.142877594846099,2.05110952040086,0.00458124552612742,-0.374444472458484,-0.389738892609098,-0.251377235158638,-0.298664694060947
A5309,2024,5.56234509540019,-5.56234509540019,904.296963667183,957.559740953644,-5781781,,86.91,2.48820754716981,13.09,5,61.3922467694873,0.0571286141575274,0.0235294117647059,0.089531405782652,1.11036889332004,0.00338983050847458,-0.138690927218345,-0.145192534845263,0.078187742483156,-0.0593483197330192
